2025-06-08 13:31:38,256 - main - INFO - Processando arquivo PDF: C:/Users/Murilo/Desktop/PROJETOS/EasyPDF/input\2022_032025.pdf
2025-06-08 13:31:38,256 - pdf_extractor - INFO - Iniciando extração de dados do arquivo: C:/Users/Murilo/Desktop/PROJETOS/EasyPDF/input\2022_032025.pdf
2025-06-08 13:31:38,300 - pdfminer.pdfpage - WARNING - CropBox missing from /Page, defaulting to MediaBox
2025-06-08 13:31:38,302 - pdfminer.pdfpage - WARNING - CropBox missing from /Page, defaulting to MediaBox
2025-06-08 13:31:38,302 - pdfminer.pdfpage - WARNING - CropBox missing from /Page, defaulting to MediaBox
2025-06-08 13:31:38,302 - pdfminer.pdfpage - WARNING - CropBox missing from /Page, defaulting to MediaBox
2025-06-08 13:31:38,303 - pdfminer.pdfpage - WARNING - CropBox missing from /Page, defaulting to MediaBox
2025-06-08 13:31:38,303 - pdfminer.pdfpage - WARNING - CropBox missing from /Page, defaulting to MediaBox
2025-06-08 13:31:38,303 - pdfminer.pdfpage - WARNING - CropBox missing from /Page, defaulting to MediaBox
2025-06-08 13:31:38,304 - pdfminer.pdfpage - WARNING - CropBox missing from /Page, defaulting to MediaBox
2025-06-08 13:31:38,304 - pdfminer.pdfpage - WARNING - CropBox missing from /Page, defaulting to MediaBox
2025-06-08 13:31:38,304 - pdfminer.pdfpage - WARNING - CropBox missing from /Page, defaulting to MediaBox
2025-06-08 13:31:38,305 - pdfminer.pdfpage - WARNING - CropBox missing from /Page, defaulting to MediaBox
2025-06-08 13:31:38,305 - pdfminer.pdfpage - WARNING - CropBox missing from /Page, defaulting to MediaBox
2025-06-08 13:31:38,305 - pdfminer.pdfpage - WARNING - CropBox missing from /Page, defaulting to MediaBox
2025-06-08 13:31:38,305 - pdfminer.pdfpage - WARNING - CropBox missing from /Page, defaulting to MediaBox
2025-06-08 13:31:38,306 - pdfminer.pdfpage - WARNING - CropBox missing from /Page, defaulting to MediaBox
2025-06-08 13:31:38,306 - pdfminer.pdfpage - WARNING - CropBox missing from /Page, defaulting to MediaBox
2025-06-08 13:31:38,306 - pdfminer.pdfpage - WARNING - CropBox missing from /Page, defaulting to MediaBox
2025-06-08 13:31:38,306 - pdfminer.pdfpage - WARNING - CropBox missing from /Page, defaulting to MediaBox
2025-06-08 13:31:38,307 - pdfminer.pdfpage - WARNING - CropBox missing from /Page, defaulting to MediaBox
2025-06-08 13:31:38,307 - pdfminer.pdfpage - WARNING - CropBox missing from /Page, defaulting to MediaBox
2025-06-08 13:31:38,307 - pdfminer.pdfpage - WARNING - CropBox missing from /Page, defaulting to MediaBox
2025-06-08 13:31:38,308 - pdfminer.pdfpage - WARNING - CropBox missing from /Page, defaulting to MediaBox
2025-06-08 13:31:38,308 - pdfminer.pdfpage - WARNING - CropBox missing from /Page, defaulting to MediaBox
2025-06-08 13:31:38,308 - pdfminer.pdfpage - WARNING - CropBox missing from /Page, defaulting to MediaBox
2025-06-08 13:31:38,308 - pdfminer.pdfpage - WARNING - CropBox missing from /Page, defaulting to MediaBox
2025-06-08 13:31:38,309 - pdfminer.pdfpage - WARNING - CropBox missing from /Page, defaulting to MediaBox
2025-06-08 13:31:38,309 - pdfminer.pdfpage - WARNING - CropBox missing from /Page, defaulting to MediaBox
2025-06-08 13:31:38,309 - pdfminer.pdfpage - WARNING - CropBox missing from /Page, defaulting to MediaBox
2025-06-08 13:31:38,310 - pdfminer.pdfpage - WARNING - CropBox missing from /Page, defaulting to MediaBox
2025-06-08 13:31:38,310 - pdfminer.pdfpage - WARNING - CropBox missing from /Page, defaulting to MediaBox
2025-06-08 13:31:38,311 - pdfminer.pdfpage - WARNING - CropBox missing from /Page, defaulting to MediaBox
2025-06-08 13:31:38,311 - pdfminer.pdfpage - WARNING - CropBox missing from /Page, defaulting to MediaBox
2025-06-08 13:31:38,311 - pdfminer.pdfpage - WARNING - CropBox missing from /Page, defaulting to MediaBox
2025-06-08 13:31:38,311 - pdfminer.pdfpage - WARNING - CropBox missing from /Page, defaulting to MediaBox
2025-06-08 13:31:38,312 - pdfminer.pdfpage - WARNING - CropBox missing from /Page, defaulting to MediaBox
2025-06-08 13:31:38,312 - pdfminer.pdfpage - WARNING - CropBox missing from /Page, defaulting to MediaBox
2025-06-08 13:31:38,313 - pdfminer.pdfpage - WARNING - CropBox missing from /Page, defaulting to MediaBox
2025-06-08 13:31:38,313 - pdfminer.pdfpage - WARNING - CropBox missing from /Page, defaulting to MediaBox
2025-06-08 13:31:38,313 - pdfminer.pdfpage - WARNING - CropBox missing from /Page, defaulting to MediaBox
2025-06-08 13:31:38,313 - pdfminer.pdfpage - WARNING - CropBox missing from /Page, defaulting to MediaBox
2025-06-08 13:31:38,314 - pdfminer.pdfpage - WARNING - CropBox missing from /Page, defaulting to MediaBox
2025-06-08 13:31:38,314 - pdfminer.pdfpage - WARNING - CropBox missing from /Page, defaulting to MediaBox
2025-06-08 13:31:38,314 - pdfminer.pdfpage - WARNING - CropBox missing from /Page, defaulting to MediaBox
2025-06-08 13:31:38,314 - pdfminer.pdfpage - WARNING - CropBox missing from /Page, defaulting to MediaBox
2025-06-08 13:31:38,315 - pdfminer.pdfpage - WARNING - CropBox missing from /Page, defaulting to MediaBox
2025-06-08 13:31:38,315 - pdfminer.pdfpage - WARNING - CropBox missing from /Page, defaulting to MediaBox
2025-06-08 13:31:38,315 - pdfminer.pdfpage - WARNING - CropBox missing from /Page, defaulting to MediaBox
2025-06-08 13:31:38,316 - pdfminer.pdfpage - WARNING - CropBox missing from /Page, defaulting to MediaBox
2025-06-08 13:31:38,316 - pdfminer.pdfpage - WARNING - CropBox missing from /Page, defaulting to MediaBox
2025-06-08 13:31:38,316 - pdfminer.pdfpage - WARNING - CropBox missing from /Page, defaulting to MediaBox
2025-06-08 13:31:38,317 - pdfminer.pdfpage - WARNING - CropBox missing from /Page, defaulting to MediaBox
2025-06-08 13:31:38,317 - pdfminer.pdfpage - WARNING - CropBox missing from /Page, defaulting to MediaBox
2025-06-08 13:31:38,317 - pdfminer.pdfpage - WARNING - CropBox missing from /Page, defaulting to MediaBox
2025-06-08 13:31:38,318 - pdfminer.pdfpage - WARNING - CropBox missing from /Page, defaulting to MediaBox
2025-06-08 13:31:38,318 - pdfminer.pdfpage - WARNING - CropBox missing from /Page, defaulting to MediaBox
2025-06-08 13:31:38,318 - pdfminer.pdfpage - WARNING - CropBox missing from /Page, defaulting to MediaBox
2025-06-08 13:31:38,319 - pdfminer.pdfpage - WARNING - CropBox missing from /Page, defaulting to MediaBox
2025-06-08 13:31:38,319 - pdfminer.pdfpage - WARNING - CropBox missing from /Page, defaulting to MediaBox
2025-06-08 13:31:38,319 - pdfminer.pdfpage - WARNING - CropBox missing from /Page, defaulting to MediaBox
2025-06-08 13:31:38,320 - pdfminer.pdfpage - WARNING - CropBox missing from /Page, defaulting to MediaBox
2025-06-08 13:31:38,320 - pdfminer.pdfpage - WARNING - CropBox missing from /Page, defaulting to MediaBox
2025-06-08 13:31:38,320 - pdfminer.pdfpage - WARNING - CropBox missing from /Page, defaulting to MediaBox
2025-06-08 13:31:38,321 - pdfminer.pdfpage - WARNING - CropBox missing from /Page, defaulting to MediaBox
2025-06-08 13:31:38,321 - pdfminer.pdfpage - WARNING - CropBox missing from /Page, defaulting to MediaBox
2025-06-08 13:31:38,321 - pdfminer.pdfpage - WARNING - CropBox missing from /Page, defaulting to MediaBox
2025-06-08 13:31:38,322 - pdfminer.pdfpage - WARNING - CropBox missing from /Page, defaulting to MediaBox
2025-06-08 13:31:38,322 - pdfminer.pdfpage - WARNING - CropBox missing from /Page, defaulting to MediaBox
2025-06-08 13:31:38,322 - pdfminer.pdfpage - WARNING - CropBox missing from /Page, defaulting to MediaBox
2025-06-08 13:31:38,323 - pdfminer.pdfpage - WARNING - CropBox missing from /Page, defaulting to MediaBox
2025-06-08 13:31:38,323 - pdfminer.pdfpage - WARNING - CropBox missing from /Page, defaulting to MediaBox
2025-06-08 13:31:38,323 - pdfminer.pdfpage - WARNING - CropBox missing from /Page, defaulting to MediaBox
2025-06-08 13:31:38,324 - pdfminer.pdfpage - WARNING - CropBox missing from /Page, defaulting to MediaBox
2025-06-08 13:31:38,324 - pdfminer.pdfpage - WARNING - CropBox missing from /Page, defaulting to MediaBox
2025-06-08 13:31:38,324 - pdfminer.pdfpage - WARNING - CropBox missing from /Page, defaulting to MediaBox
2025-06-08 13:31:38,325 - pdfminer.pdfpage - WARNING - CropBox missing from /Page, defaulting to MediaBox
2025-06-08 13:31:38,325 - pdfminer.pdfpage - WARNING - CropBox missing from /Page, defaulting to MediaBox
2025-06-08 13:31:38,326 - pdfminer.pdfpage - WARNING - CropBox missing from /Page, defaulting to MediaBox
2025-06-08 13:31:38,326 - pdfminer.pdfpage - WARNING - CropBox missing from /Page, defaulting to MediaBox
2025-06-08 13:31:38,326 - pdfminer.pdfpage - WARNING - CropBox missing from /Page, defaulting to MediaBox
2025-06-08 13:31:38,327 - pdfminer.pdfpage - WARNING - CropBox missing from /Page, defaulting to MediaBox
2025-06-08 13:31:38,327 - pdfminer.pdfpage - WARNING - CropBox missing from /Page, defaulting to MediaBox
2025-06-08 13:31:38,327 - pdfminer.pdfpage - WARNING - CropBox missing from /Page, defaulting to MediaBox
2025-06-08 13:31:38,328 - pdfminer.pdfpage - WARNING - CropBox missing from /Page, defaulting to MediaBox
2025-06-08 13:31:38,328 - pdfminer.pdfpage - WARNING - CropBox missing from /Page, defaulting to MediaBox
2025-06-08 13:31:38,328 - pdfminer.pdfpage - WARNING - CropBox missing from /Page, defaulting to MediaBox
2025-06-08 13:31:38,328 - pdfminer.pdfpage - WARNING - CropBox missing from /Page, defaulting to MediaBox
2025-06-08 13:31:38,329 - pdfminer.pdfpage - WARNING - CropBox missing from /Page, defaulting to MediaBox
2025-06-08 13:31:38,329 - pdfminer.pdfpage - WARNING - CropBox missing from /Page, defaulting to MediaBox
2025-06-08 13:31:38,329 - pdfminer.pdfpage - WARNING - CropBox missing from /Page, defaulting to MediaBox
2025-06-08 13:31:38,330 - pdfminer.pdfpage - WARNING - CropBox missing from /Page, defaulting to MediaBox
2025-06-08 13:31:38,330 - pdfminer.pdfpage - WARNING - CropBox missing from /Page, defaulting to MediaBox
2025-06-08 13:31:38,330 - pdfminer.pdfpage - WARNING - CropBox missing from /Page, defaulting to MediaBox
2025-06-08 13:31:38,331 - pdfminer.pdfpage - WARNING - CropBox missing from /Page, defaulting to MediaBox
2025-06-08 13:31:38,331 - pdfminer.pdfpage - WARNING - CropBox missing from /Page, defaulting to MediaBox
2025-06-08 13:31:38,332 - pdfminer.pdfpage - WARNING - CropBox missing from /Page, defaulting to MediaBox
2025-06-08 13:31:38,332 - pdfminer.pdfpage - WARNING - CropBox missing from /Page, defaulting to MediaBox
2025-06-08 13:31:38,334 - pdfminer.pdfpage - WARNING - CropBox missing from /Page, defaulting to MediaBox
2025-06-08 13:31:38,334 - pdfminer.pdfpage - WARNING - CropBox missing from /Page, defaulting to MediaBox
2025-06-08 13:31:38,335 - pdfminer.pdfpage - WARNING - CropBox missing from /Page, defaulting to MediaBox
2025-06-08 13:31:38,335 - pdfminer.pdfpage - WARNING - CropBox missing from /Page, defaulting to MediaBox
2025-06-08 13:31:38,336 - pdfminer.pdfpage - WARNING - CropBox missing from /Page, defaulting to MediaBox
2025-06-08 13:31:38,336 - pdfminer.pdfpage - WARNING - CropBox missing from /Page, defaulting to MediaBox
2025-06-08 13:31:38,336 - pdfminer.pdfpage - WARNING - CropBox missing from /Page, defaulting to MediaBox
2025-06-08 13:31:38,337 - pdfminer.pdfpage - WARNING - CropBox missing from /Page, defaulting to MediaBox
2025-06-08 13:31:38,337 - pdfminer.pdfpage - WARNING - CropBox missing from /Page, defaulting to MediaBox
2025-06-08 13:31:38,338 - pdfminer.pdfpage - WARNING - CropBox missing from /Page, defaulting to MediaBox
2025-06-08 13:31:38,338 - pdfminer.pdfpage - WARNING - CropBox missing from /Page, defaulting to MediaBox
2025-06-08 13:31:38,338 - pdfminer.pdfpage - WARNING - CropBox missing from /Page, defaulting to MediaBox
2025-06-08 13:31:38,339 - pdfminer.pdfpage - WARNING - CropBox missing from /Page, defaulting to MediaBox
2025-06-08 13:31:38,339 - pdfminer.pdfpage - WARNING - CropBox missing from /Page, defaulting to MediaBox
2025-06-08 13:31:38,339 - pdfminer.pdfpage - WARNING - CropBox missing from /Page, defaulting to MediaBox
2025-06-08 13:31:38,339 - pdfminer.pdfpage - WARNING - CropBox missing from /Page, defaulting to MediaBox
2025-06-08 13:31:38,340 - pdfminer.pdfpage - WARNING - CropBox missing from /Page, defaulting to MediaBox
2025-06-08 13:31:38,340 - pdfminer.pdfpage - WARNING - CropBox missing from /Page, defaulting to MediaBox
2025-06-08 13:31:38,340 - pdfminer.pdfpage - WARNING - CropBox missing from /Page, defaulting to MediaBox
2025-06-08 13:31:38,341 - pdfminer.pdfpage - WARNING - CropBox missing from /Page, defaulting to MediaBox
2025-06-08 13:31:38,341 - pdfminer.pdfpage - WARNING - CropBox missing from /Page, defaulting to MediaBox
2025-06-08 13:31:38,342 - pdfminer.pdfpage - WARNING - CropBox missing from /Page, defaulting to MediaBox
2025-06-08 13:31:38,342 - pdfminer.pdfpage - WARNING - CropBox missing from /Page, defaulting to MediaBox
2025-06-08 13:31:38,342 - pdfminer.pdfpage - WARNING - CropBox missing from /Page, defaulting to MediaBox
2025-06-08 13:31:38,342 - pdfminer.pdfpage - WARNING - CropBox missing from /Page, defaulting to MediaBox
2025-06-08 13:31:38,343 - pdfminer.pdfpage - WARNING - CropBox missing from /Page, defaulting to MediaBox
2025-06-08 13:31:38,343 - pdfminer.pdfpage - WARNING - CropBox missing from /Page, defaulting to MediaBox
2025-06-08 13:31:38,343 - pdfminer.pdfpage - WARNING - CropBox missing from /Page, defaulting to MediaBox
2025-06-08 13:31:38,344 - pdfminer.pdfpage - WARNING - CropBox missing from /Page, defaulting to MediaBox
2025-06-08 13:31:38,344 - pdfminer.pdfpage - WARNING - CropBox missing from /Page, defaulting to MediaBox
2025-06-08 13:31:38,344 - pdfminer.pdfpage - WARNING - CropBox missing from /Page, defaulting to MediaBox
2025-06-08 13:31:38,344 - pdfminer.pdfpage - WARNING - CropBox missing from /Page, defaulting to MediaBox
2025-06-08 13:31:38,345 - pdfminer.pdfpage - WARNING - CropBox missing from /Page, defaulting to MediaBox
2025-06-08 13:31:38,345 - pdfminer.pdfpage - WARNING - CropBox missing from /Page, defaulting to MediaBox
2025-06-08 13:31:38,345 - pdfminer.pdfpage - WARNING - CropBox missing from /Page, defaulting to MediaBox
2025-06-08 13:31:38,346 - pdfminer.pdfpage - WARNING - CropBox missing from /Page, defaulting to MediaBox
2025-06-08 13:31:38,346 - pdfminer.pdfpage - WARNING - CropBox missing from /Page, defaulting to MediaBox
2025-06-08 13:31:38,346 - pdfminer.pdfpage - WARNING - CropBox missing from /Page, defaulting to MediaBox
2025-06-08 13:31:38,347 - pdfminer.pdfpage - WARNING - CropBox missing from /Page, defaulting to MediaBox
2025-06-08 13:31:38,347 - pdfminer.pdfpage - WARNING - CropBox missing from /Page, defaulting to MediaBox
2025-06-08 13:31:38,347 - pdfminer.pdfpage - WARNING - CropBox missing from /Page, defaulting to MediaBox
2025-06-08 13:31:38,347 - pdfminer.pdfpage - WARNING - CropBox missing from /Page, defaulting to MediaBox
2025-06-08 13:31:38,348 - pdfminer.pdfpage - WARNING - CropBox missing from /Page, defaulting to MediaBox
2025-06-08 13:31:38,348 - pdfminer.pdfpage - WARNING - CropBox missing from /Page, defaulting to MediaBox
2025-06-08 13:31:38,348 - pdfminer.pdfpage - WARNING - CropBox missing from /Page, defaulting to MediaBox
2025-06-08 13:31:38,349 - pdfminer.pdfpage - WARNING - CropBox missing from /Page, defaulting to MediaBox
2025-06-08 13:31:38,349 - pdfminer.pdfpage - WARNING - CropBox missing from /Page, defaulting to MediaBox
2025-06-08 13:31:38,350 - pdfminer.pdfpage - WARNING - CropBox missing from /Page, defaulting to MediaBox
2025-06-08 13:31:38,350 - pdfminer.pdfpage - WARNING - CropBox missing from /Page, defaulting to MediaBox
2025-06-08 13:31:38,351 - pdfminer.pdfpage - WARNING - CropBox missing from /Page, defaulting to MediaBox
2025-06-08 13:31:38,351 - pdfminer.pdfpage - WARNING - CropBox missing from /Page, defaulting to MediaBox
2025-06-08 13:31:38,351 - pdfminer.pdfpage - WARNING - CropBox missing from /Page, defaulting to MediaBox
2025-06-08 13:31:38,352 - pdfminer.pdfpage - WARNING - CropBox missing from /Page, defaulting to MediaBox
2025-06-08 13:31:38,352 - pdfminer.pdfpage - WARNING - CropBox missing from /Page, defaulting to MediaBox
2025-06-08 13:31:38,352 - pdfminer.pdfpage - WARNING - CropBox missing from /Page, defaulting to MediaBox
2025-06-08 13:31:38,352 - pdfminer.pdfpage - WARNING - CropBox missing from /Page, defaulting to MediaBox
2025-06-08 13:31:38,353 - pdfminer.pdfpage - WARNING - CropBox missing from /Page, defaulting to MediaBox
2025-06-08 13:31:38,353 - pdfminer.pdfpage - WARNING - CropBox missing from /Page, defaulting to MediaBox
2025-06-08 13:31:38,353 - pdfminer.pdfpage - WARNING - CropBox missing from /Page, defaulting to MediaBox
2025-06-08 13:31:38,354 - pdfminer.pdfpage - WARNING - CropBox missing from /Page, defaulting to MediaBox
2025-06-08 13:31:38,354 - pdfminer.pdfpage - WARNING - CropBox missing from /Page, defaulting to MediaBox
2025-06-08 13:31:38,354 - pdfminer.pdfpage - WARNING - CropBox missing from /Page, defaulting to MediaBox
2025-06-08 13:31:38,355 - pdfminer.pdfpage - WARNING - CropBox missing from /Page, defaulting to MediaBox
2025-06-08 13:31:38,355 - pdfminer.pdfpage - WARNING - CropBox missing from /Page, defaulting to MediaBox
2025-06-08 13:31:38,355 - pdfminer.pdfpage - WARNING - CropBox missing from /Page, defaulting to MediaBox
2025-06-08 13:31:38,355 - pdfminer.pdfpage - WARNING - CropBox missing from /Page, defaulting to MediaBox
2025-06-08 13:31:38,356 - pdfminer.pdfpage - WARNING - CropBox missing from /Page, defaulting to MediaBox
2025-06-08 13:31:38,356 - pdfminer.pdfpage - WARNING - CropBox missing from /Page, defaulting to MediaBox
2025-06-08 13:31:38,356 - pdfminer.pdfpage - WARNING - CropBox missing from /Page, defaulting to MediaBox
2025-06-08 13:31:38,357 - pdfminer.pdfpage - WARNING - CropBox missing from /Page, defaulting to MediaBox
2025-06-08 13:31:38,357 - pdfminer.pdfpage - WARNING - CropBox missing from /Page, defaulting to MediaBox
2025-06-08 13:31:38,357 - pdfminer.pdfpage - WARNING - CropBox missing from /Page, defaulting to MediaBox
2025-06-08 13:31:38,358 - pdfminer.pdfpage - WARNING - CropBox missing from /Page, defaulting to MediaBox
2025-06-08 13:31:38,358 - pdfminer.pdfpage - WARNING - CropBox missing from /Page, defaulting to MediaBox
2025-06-08 13:31:38,358 - pdfminer.pdfpage - WARNING - CropBox missing from /Page, defaulting to MediaBox
2025-06-08 13:31:38,359 - pdfminer.pdfpage - WARNING - CropBox missing from /Page, defaulting to MediaBox
2025-06-08 13:31:38,359 - pdfminer.pdfpage - WARNING - CropBox missing from /Page, defaulting to MediaBox
2025-06-08 13:31:38,359 - pdfminer.pdfpage - WARNING - CropBox missing from /Page, defaulting to MediaBox
2025-06-08 13:31:38,360 - pdfminer.pdfpage - WARNING - CropBox missing from /Page, defaulting to MediaBox
2025-06-08 13:31:38,360 - pdfminer.pdfpage - WARNING - CropBox missing from /Page, defaulting to MediaBox
2025-06-08 13:31:38,360 - pdfminer.pdfpage - WARNING - CropBox missing from /Page, defaulting to MediaBox
2025-06-08 13:31:38,361 - pdfminer.pdfpage - WARNING - CropBox missing from /Page, defaulting to MediaBox
2025-06-08 13:31:38,361 - pdfminer.pdfpage - WARNING - CropBox missing from /Page, defaulting to MediaBox
2025-06-08 13:31:38,361 - pdfminer.pdfpage - WARNING - CropBox missing from /Page, defaulting to MediaBox
2025-06-08 13:31:38,362 - pdfminer.pdfpage - WARNING - CropBox missing from /Page, defaulting to MediaBox
2025-06-08 13:31:38,362 - pdfminer.pdfpage - WARNING - CropBox missing from /Page, defaulting to MediaBox
2025-06-08 13:31:38,362 - pdfminer.pdfpage - WARNING - CropBox missing from /Page, defaulting to MediaBox
2025-06-08 13:31:38,363 - pdfminer.pdfpage - WARNING - CropBox missing from /Page, defaulting to MediaBox
2025-06-08 13:31:38,363 - pdfminer.pdfpage - WARNING - CropBox missing from /Page, defaulting to MediaBox
2025-06-08 13:31:38,363 - pdfminer.pdfpage - WARNING - CropBox missing from /Page, defaulting to MediaBox
2025-06-08 13:31:38,364 - pdfminer.pdfpage - WARNING - CropBox missing from /Page, defaulting to MediaBox
2025-06-08 13:31:38,364 - pdfminer.pdfpage - WARNING - CropBox missing from /Page, defaulting to MediaBox
2025-06-08 13:31:38,365 - pdfminer.pdfpage - WARNING - CropBox missing from /Page, defaulting to MediaBox
2025-06-08 13:31:38,365 - pdfminer.pdfpage - WARNING - CropBox missing from /Page, defaulting to MediaBox
2025-06-08 13:31:38,365 - pdfminer.pdfpage - WARNING - CropBox missing from /Page, defaulting to MediaBox
2025-06-08 13:31:38,366 - pdfminer.pdfpage - WARNING - CropBox missing from /Page, defaulting to MediaBox
2025-06-08 13:31:38,366 - pdfminer.pdfpage - WARNING - CropBox missing from /Page, defaulting to MediaBox
2025-06-08 13:31:38,366 - pdfminer.pdfpage - WARNING - CropBox missing from /Page, defaulting to MediaBox
2025-06-08 13:31:38,367 - pdfminer.pdfpage - WARNING - CropBox missing from /Page, defaulting to MediaBox
2025-06-08 13:31:38,367 - pdfminer.pdfpage - WARNING - CropBox missing from /Page, defaulting to MediaBox
2025-06-08 13:31:38,368 - pdfminer.pdfpage - WARNING - CropBox missing from /Page, defaulting to MediaBox
2025-06-08 13:31:38,369 - pdfminer.pdfpage - WARNING - CropBox missing from /Page, defaulting to MediaBox
2025-06-08 13:31:38,370 - pdfminer.pdfpage - WARNING - CropBox missing from /Page, defaulting to MediaBox
2025-06-08 13:31:38,370 - pdfminer.pdfpage - WARNING - CropBox missing from /Page, defaulting to MediaBox
2025-06-08 13:31:38,371 - pdfminer.pdfpage - WARNING - CropBox missing from /Page, defaulting to MediaBox
2025-06-08 13:31:38,371 - pdfminer.pdfpage - WARNING - CropBox missing from /Page, defaulting to MediaBox
2025-06-08 13:31:38,371 - pdfminer.pdfpage - WARNING - CropBox missing from /Page, defaulting to MediaBox
2025-06-08 13:31:38,372 - pdfminer.pdfpage - WARNING - CropBox missing from /Page, defaulting to MediaBox
2025-06-08 13:31:38,403 - pdfminer.pdfpage - WARNING - CropBox missing from /Page, defaulting to MediaBox
2025-06-08 13:31:38,404 - pdfminer.pdfpage - WARNING - CropBox missing from /Page, defaulting to MediaBox
2025-06-08 13:31:38,404 - pdfminer.pdfpage - WARNING - CropBox missing from /Page, defaulting to MediaBox
2025-06-08 13:31:38,404 - pdfminer.pdfpage - WARNING - CropBox missing from /Page, defaulting to MediaBox
2025-06-08 13:31:38,404 - pdfminer.pdfpage - WARNING - CropBox missing from /Page, defaulting to MediaBox
2025-06-08 13:31:38,405 - pdfminer.pdfpage - WARNING - CropBox missing from /Page, defaulting to MediaBox
2025-06-08 13:31:38,405 - pdfminer.pdfpage - WARNING - CropBox missing from /Page, defaulting to MediaBox
2025-06-08 13:31:38,406 - pdfminer.pdfpage - WARNING - CropBox missing from /Page, defaulting to MediaBox
2025-06-08 13:31:38,406 - pdfminer.pdfpage - WARNING - CropBox missing from /Page, defaulting to MediaBox
2025-06-08 13:31:38,406 - pdfminer.pdfpage - WARNING - CropBox missing from /Page, defaulting to MediaBox
2025-06-08 13:31:38,406 - pdfminer.pdfpage - WARNING - CropBox missing from /Page, defaulting to MediaBox
2025-06-08 13:31:38,407 - pdfminer.pdfpage - WARNING - CropBox missing from /Page, defaulting to MediaBox
2025-06-08 13:31:38,407 - pdfminer.pdfpage - WARNING - CropBox missing from /Page, defaulting to MediaBox
2025-06-08 13:31:38,407 - pdfminer.pdfpage - WARNING - CropBox missing from /Page, defaulting to MediaBox
2025-06-08 13:31:38,408 - pdfminer.pdfpage - WARNING - CropBox missing from /Page, defaulting to MediaBox
2025-06-08 13:31:38,408 - pdfminer.pdfpage - WARNING - CropBox missing from /Page, defaulting to MediaBox
2025-06-08 13:31:38,408 - pdfminer.pdfpage - WARNING - CropBox missing from /Page, defaulting to MediaBox
2025-06-08 13:31:38,409 - pdfminer.pdfpage - WARNING - CropBox missing from /Page, defaulting to MediaBox
2025-06-08 13:31:38,409 - pdfminer.pdfpage - WARNING - CropBox missing from /Page, defaulting to MediaBox
2025-06-08 13:31:38,409 - pdfminer.pdfpage - WARNING - CropBox missing from /Page, defaulting to MediaBox
2025-06-08 13:31:38,410 - pdfminer.pdfpage - WARNING - CropBox missing from /Page, defaulting to MediaBox
2025-06-08 13:31:38,410 - pdfminer.pdfpage - WARNING - CropBox missing from /Page, defaulting to MediaBox
2025-06-08 13:31:38,411 - pdfminer.pdfpage - WARNING - CropBox missing from /Page, defaulting to MediaBox
2025-06-08 13:31:38,411 - pdfminer.pdfpage - WARNING - CropBox missing from /Page, defaulting to MediaBox
2025-06-08 13:31:38,411 - pdfminer.pdfpage - WARNING - CropBox missing from /Page, defaulting to MediaBox
2025-06-08 13:31:38,412 - pdfminer.pdfpage - WARNING - CropBox missing from /Page, defaulting to MediaBox
2025-06-08 13:31:38,412 - pdfminer.pdfpage - WARNING - CropBox missing from /Page, defaulting to MediaBox
2025-06-08 13:31:38,412 - pdfminer.pdfpage - WARNING - CropBox missing from /Page, defaulting to MediaBox
2025-06-08 13:31:38,413 - pdfminer.pdfpage - WARNING - CropBox missing from /Page, defaulting to MediaBox
2025-06-08 13:31:38,413 - pdfminer.pdfpage - WARNING - CropBox missing from /Page, defaulting to MediaBox
2025-06-08 13:31:38,414 - pdfminer.pdfpage - WARNING - CropBox missing from /Page, defaulting to MediaBox
2025-06-08 13:31:38,414 - pdfminer.pdfpage - WARNING - CropBox missing from /Page, defaulting to MediaBox
2025-06-08 13:31:38,414 - pdfminer.pdfpage - WARNING - CropBox missing from /Page, defaulting to MediaBox
2025-06-08 13:31:38,414 - pdfminer.pdfpage - WARNING - CropBox missing from /Page, defaulting to MediaBox
2025-06-08 13:31:38,415 - pdfminer.pdfpage - WARNING - CropBox missing from /Page, defaulting to MediaBox
2025-06-08 13:31:38,415 - pdfminer.pdfpage - WARNING - CropBox missing from /Page, defaulting to MediaBox
2025-06-08 13:31:38,415 - pdfminer.pdfpage - WARNING - CropBox missing from /Page, defaulting to MediaBox
2025-06-08 13:31:38,416 - pdfminer.pdfpage - WARNING - CropBox missing from /Page, defaulting to MediaBox
2025-06-08 13:31:38,416 - pdfminer.pdfpage - WARNING - CropBox missing from /Page, defaulting to MediaBox
2025-06-08 13:31:38,416 - pdfminer.pdfpage - WARNING - CropBox missing from /Page, defaulting to MediaBox
2025-06-08 13:31:38,417 - pdfminer.pdfpage - WARNING - CropBox missing from /Page, defaulting to MediaBox
2025-06-08 13:31:38,417 - pdfminer.pdfpage - WARNING - CropBox missing from /Page, defaulting to MediaBox
2025-06-08 13:31:38,418 - pdfminer.pdfpage - WARNING - CropBox missing from /Page, defaulting to MediaBox
2025-06-08 13:31:38,418 - pdfminer.pdfpage - WARNING - CropBox missing from /Page, defaulting to MediaBox
2025-06-08 13:31:38,418 - pdfminer.pdfpage - WARNING - CropBox missing from /Page, defaulting to MediaBox
2025-06-08 13:31:38,419 - pdfminer.pdfpage - WARNING - CropBox missing from /Page, defaulting to MediaBox
2025-06-08 13:31:38,419 - pdfminer.pdfpage - WARNING - CropBox missing from /Page, defaulting to MediaBox
2025-06-08 13:31:38,419 - pdfminer.pdfpage - WARNING - CropBox missing from /Page, defaulting to MediaBox
2025-06-08 13:31:38,420 - pdfminer.pdfpage - WARNING - CropBox missing from /Page, defaulting to MediaBox
2025-06-08 13:31:38,420 - pdfminer.pdfpage - WARNING - CropBox missing from /Page, defaulting to MediaBox
2025-06-08 13:31:38,420 - pdfminer.pdfpage - WARNING - CropBox missing from /Page, defaulting to MediaBox
2025-06-08 13:31:38,421 - pdfminer.pdfpage - WARNING - CropBox missing from /Page, defaulting to MediaBox
2025-06-08 13:31:38,421 - pdfminer.pdfpage - WARNING - CropBox missing from /Page, defaulting to MediaBox
2025-06-08 13:31:38,421 - pdfminer.pdfpage - WARNING - CropBox missing from /Page, defaulting to MediaBox
2025-06-08 13:31:38,422 - pdfminer.pdfpage - WARNING - CropBox missing from /Page, defaulting to MediaBox
2025-06-08 13:31:38,422 - pdfminer.pdfpage - WARNING - CropBox missing from /Page, defaulting to MediaBox
2025-06-08 13:31:38,422 - pdfminer.pdfpage - WARNING - CropBox missing from /Page, defaulting to MediaBox
2025-06-08 13:31:38,423 - pdfminer.pdfpage - WARNING - CropBox missing from /Page, defaulting to MediaBox
2025-06-08 13:31:38,423 - pdfminer.pdfpage - WARNING - CropBox missing from /Page, defaulting to MediaBox
2025-06-08 13:31:38,423 - pdfminer.pdfpage - WARNING - CropBox missing from /Page, defaulting to MediaBox
2025-06-08 13:31:38,424 - pdfminer.pdfpage - WARNING - CropBox missing from /Page, defaulting to MediaBox
2025-06-08 13:31:38,424 - pdfminer.pdfpage - WARNING - CropBox missing from /Page, defaulting to MediaBox
2025-06-08 13:31:38,424 - pdfminer.pdfpage - WARNING - CropBox missing from /Page, defaulting to MediaBox
2025-06-08 13:31:38,425 - pdfminer.pdfpage - WARNING - CropBox missing from /Page, defaulting to MediaBox
2025-06-08 13:31:38,425 - pdfminer.pdfpage - WARNING - CropBox missing from /Page, defaulting to MediaBox
2025-06-08 13:31:38,425 - pdfminer.pdfpage - WARNING - CropBox missing from /Page, defaulting to MediaBox
2025-06-08 13:31:38,426 - pdfminer.pdfpage - WARNING - CropBox missing from /Page, defaulting to MediaBox
2025-06-08 13:31:38,426 - pdfminer.pdfpage - WARNING - CropBox missing from /Page, defaulting to MediaBox
2025-06-08 13:31:38,426 - pdfminer.pdfpage - WARNING - CropBox missing from /Page, defaulting to MediaBox
2025-06-08 13:31:38,427 - pdfminer.pdfpage - WARNING - CropBox missing from /Page, defaulting to MediaBox
2025-06-08 13:31:38,427 - pdfminer.pdfpage - WARNING - CropBox missing from /Page, defaulting to MediaBox
2025-06-08 13:31:38,427 - pdfminer.pdfpage - WARNING - CropBox missing from /Page, defaulting to MediaBox
2025-06-08 13:31:38,427 - pdfminer.pdfpage - WARNING - CropBox missing from /Page, defaulting to MediaBox
2025-06-08 13:31:38,428 - pdfminer.pdfpage - WARNING - CropBox missing from /Page, defaulting to MediaBox
2025-06-08 13:31:38,428 - pdfminer.pdfpage - WARNING - CropBox missing from /Page, defaulting to MediaBox
2025-06-08 13:31:38,429 - pdfminer.pdfpage - WARNING - CropBox missing from /Page, defaulting to MediaBox
2025-06-08 13:31:38,429 - pdfminer.pdfpage - WARNING - CropBox missing from /Page, defaulting to MediaBox
2025-06-08 13:31:38,429 - pdfminer.pdfpage - WARNING - CropBox missing from /Page, defaulting to MediaBox
2025-06-08 13:31:38,430 - pdfminer.pdfpage - WARNING - CropBox missing from /Page, defaulting to MediaBox
2025-06-08 13:31:38,431 - pdfminer.pdfpage - WARNING - CropBox missing from /Page, defaulting to MediaBox
2025-06-08 13:31:38,431 - pdfminer.pdfpage - WARNING - CropBox missing from /Page, defaulting to MediaBox
2025-06-08 13:31:38,431 - pdfminer.pdfpage - WARNING - CropBox missing from /Page, defaulting to MediaBox
2025-06-08 13:31:38,431 - pdfminer.pdfpage - WARNING - CropBox missing from /Page, defaulting to MediaBox
2025-06-08 13:31:38,432 - pdfminer.pdfpage - WARNING - CropBox missing from /Page, defaulting to MediaBox
2025-06-08 13:31:38,432 - pdfminer.pdfpage - WARNING - CropBox missing from /Page, defaulting to MediaBox
2025-06-08 13:31:38,433 - pdfminer.pdfpage - WARNING - CropBox missing from /Page, defaulting to MediaBox
2025-06-08 13:31:38,433 - pdfminer.pdfpage - WARNING - CropBox missing from /Page, defaulting to MediaBox
2025-06-08 13:31:38,434 - pdfminer.pdfpage - WARNING - CropBox missing from /Page, defaulting to MediaBox
2025-06-08 13:31:38,434 - pdfminer.pdfpage - WARNING - CropBox missing from /Page, defaulting to MediaBox
2025-06-08 13:31:38,434 - pdfminer.pdfpage - WARNING - CropBox missing from /Page, defaulting to MediaBox
2025-06-08 13:31:38,434 - pdfminer.pdfpage - WARNING - CropBox missing from /Page, defaulting to MediaBox
2025-06-08 13:31:38,435 - pdfminer.pdfpage - WARNING - CropBox missing from /Page, defaulting to MediaBox
2025-06-08 13:31:38,435 - pdfminer.pdfpage - WARNING - CropBox missing from /Page, defaulting to MediaBox
2025-06-08 13:31:38,435 - pdfminer.pdfpage - WARNING - CropBox missing from /Page, defaulting to MediaBox
2025-06-08 13:31:38,436 - pdfminer.pdfpage - WARNING - CropBox missing from /Page, defaulting to MediaBox
2025-06-08 13:31:38,436 - pdfminer.pdfpage - WARNING - CropBox missing from /Page, defaulting to MediaBox
2025-06-08 13:31:38,436 - pdfminer.pdfpage - WARNING - CropBox missing from /Page, defaulting to MediaBox
2025-06-08 13:31:38,437 - pdfminer.pdfpage - WARNING - CropBox missing from /Page, defaulting to MediaBox
2025-06-08 13:31:38,437 - pdfminer.pdfpage - WARNING - CropBox missing from /Page, defaulting to MediaBox
2025-06-08 13:31:38,437 - pdfminer.pdfpage - WARNING - CropBox missing from /Page, defaulting to MediaBox
2025-06-08 13:31:38,438 - pdfminer.pdfpage - WARNING - CropBox missing from /Page, defaulting to MediaBox
2025-06-08 13:31:38,438 - pdfminer.pdfpage - WARNING - CropBox missing from /Page, defaulting to MediaBox
2025-06-08 13:31:38,439 - pdfminer.pdfpage - WARNING - CropBox missing from /Page, defaulting to MediaBox
2025-06-08 13:31:38,439 - pdfminer.pdfpage - WARNING - CropBox missing from /Page, defaulting to MediaBox
2025-06-08 13:31:38,439 - pdfminer.pdfpage - WARNING - CropBox missing from /Page, defaulting to MediaBox
2025-06-08 13:31:38,440 - pdfminer.pdfpage - WARNING - CropBox missing from /Page, defaulting to MediaBox
2025-06-08 13:31:38,440 - pdfminer.pdfpage - WARNING - CropBox missing from /Page, defaulting to MediaBox
2025-06-08 13:31:38,440 - pdfminer.pdfpage - WARNING - CropBox missing from /Page, defaulting to MediaBox
2025-06-08 13:31:38,440 - pdfminer.pdfpage - WARNING - CropBox missing from /Page, defaulting to MediaBox
2025-06-08 13:31:38,441 - pdfminer.pdfpage - WARNING - CropBox missing from /Page, defaulting to MediaBox
2025-06-08 13:31:38,441 - pdfminer.pdfpage - WARNING - CropBox missing from /Page, defaulting to MediaBox
2025-06-08 13:31:38,442 - pdfminer.pdfpage - WARNING - CropBox missing from /Page, defaulting to MediaBox
2025-06-08 13:31:38,442 - pdfminer.pdfpage - WARNING - CropBox missing from /Page, defaulting to MediaBox
2025-06-08 13:31:38,442 - pdfminer.pdfpage - WARNING - CropBox missing from /Page, defaulting to MediaBox
2025-06-08 13:31:38,443 - pdfminer.pdfpage - WARNING - CropBox missing from /Page, defaulting to MediaBox
2025-06-08 13:31:38,443 - pdfminer.pdfpage - WARNING - CropBox missing from /Page, defaulting to MediaBox
2025-06-08 13:31:38,444 - pdfminer.pdfpage - WARNING - CropBox missing from /Page, defaulting to MediaBox
2025-06-08 13:31:38,445 - pdfminer.pdfpage - WARNING - CropBox missing from /Page, defaulting to MediaBox
2025-06-08 13:31:38,445 - pdfminer.pdfpage - WARNING - CropBox missing from /Page, defaulting to MediaBox
2025-06-08 13:31:38,445 - pdfminer.pdfpage - WARNING - CropBox missing from /Page, defaulting to MediaBox
2025-06-08 13:31:38,446 - pdfminer.pdfpage - WARNING - CropBox missing from /Page, defaulting to MediaBox
2025-06-08 13:31:38,446 - pdfminer.pdfpage - WARNING - CropBox missing from /Page, defaulting to MediaBox
2025-06-08 13:31:38,446 - pdfminer.pdfpage - WARNING - CropBox missing from /Page, defaulting to MediaBox
2025-06-08 13:31:38,447 - pdfminer.pdfpage - WARNING - CropBox missing from /Page, defaulting to MediaBox
2025-06-08 13:31:38,447 - pdfminer.pdfpage - WARNING - CropBox missing from /Page, defaulting to MediaBox
2025-06-08 13:31:38,447 - pdfminer.pdfpage - WARNING - CropBox missing from /Page, defaulting to MediaBox
2025-06-08 13:31:38,448 - pdfminer.pdfpage - WARNING - CropBox missing from /Page, defaulting to MediaBox
2025-06-08 13:31:38,448 - pdfminer.pdfpage - WARNING - CropBox missing from /Page, defaulting to MediaBox
2025-06-08 13:31:38,448 - pdfminer.pdfpage - WARNING - CropBox missing from /Page, defaulting to MediaBox
2025-06-08 13:31:38,449 - pdfminer.pdfpage - WARNING - CropBox missing from /Page, defaulting to MediaBox
2025-06-08 13:31:38,450 - pdf_extractor - INFO - Processando 333 páginas do PDF
2025-06-08 13:31:38,495 - pdf_extractor - INFO - Competência encontrada na página 2 com padrão 4: 04/2025
2025-06-08 13:31:38,498 - pdf_extractor - INFO - Encontrado padrão específico 04/2025 no texto
2025-06-08 13:31:38,499 - pdf_extractor - INFO - Competência encontrada no texto: 04/2025
2025-06-08 13:31:38,499 - pdf_extractor - WARNING - Nenhum dado extraído do texto na página 2
2025-06-08 13:31:38,728 - pdf_extractor - INFO - Competência encontrada na página 3 com padrão 1: 01/2022
2025-06-08 13:31:38,837 - pdf_extractor - INFO - Extraídos 33 registros das tabelas na página 3
2025-06-08 13:31:39,120 - pdf_extractor - INFO - Competência encontrada na página 4 com padrão 1: 01/2022
2025-06-08 13:31:39,226 - pdf_extractor - INFO - Encontrado tomador '50 BATALHÃO DE INFANTARIA': 50 BATALHÃO DE INFANTARIA DE
2025-06-08 13:31:39,227 - pdf_extractor - INFO - Encontrado tomador '50 BATALHÃO DE INFANTARIA': 50 BATALHÃO DE INFANTARIA DE
2025-06-08 13:31:39,227 - pdf_extractor - INFO - Encontrado tomador '50 BATALHÃO DE INFANTARIA': 50 BATALHÃO DE INFANTARIA DE
2025-06-08 13:31:39,227 - pdf_extractor - INFO - Extraídos 34 registros das tabelas na página 4
2025-06-08 13:31:39,461 - pdf_extractor - INFO - Competência encontrada na página 5 com padrão 1: 01/2022
2025-06-08 13:31:39,577 - pdf_extractor - INFO - Extraídos 35 registros das tabelas na página 5
2025-06-08 13:31:39,825 - pdf_extractor - INFO - Competência encontrada na página 6 com padrão 1: 01/2022
2025-06-08 13:31:39,943 - pdf_extractor - INFO - Extraídos 34 registros das tabelas na página 6
2025-06-08 13:31:40,190 - pdf_extractor - INFO - Competência encontrada na página 7 com padrão 1: 01/2022
2025-06-08 13:31:40,315 - pdf_extractor - INFO - Extraídos 35 registros das tabelas na página 7
2025-06-08 13:31:40,536 - pdf_extractor - INFO - Competência encontrada na página 8 com padrão 1: 01/2022
2025-06-08 13:31:40,635 - pdf_extractor - INFO - Extraídos 34 registros das tabelas na página 8
2025-06-08 13:31:40,871 - pdf_extractor - INFO - Competência encontrada na página 9 com padrão 1: 01/2022
2025-06-08 13:31:40,983 - pdf_extractor - INFO - Extraídos 35 registros das tabelas na página 9
2025-06-08 13:31:41,204 - pdf_extractor - INFO - Competência encontrada na página 10 com padrão 1: 01/2022
2025-06-08 13:31:41,304 - pdf_extractor - INFO - Extraídos 34 registros das tabelas na página 10
2025-06-08 13:31:41,608 - pdf_extractor - INFO - Competência encontrada na página 11 com padrão 1: 01/2022
2025-06-08 13:31:41,733 - pdf_extractor - INFO - Extraídos 35 registros das tabelas na página 11
2025-06-08 13:31:41,962 - pdf_extractor - INFO - Competência encontrada na página 12 com padrão 1: 01/2022
2025-06-08 13:31:42,058 - pdf_extractor - INFO - Extraídos 34 registros das tabelas na página 12
2025-06-08 13:31:42,291 - pdf_extractor - INFO - Competência encontrada na página 13 com padrão 1: 01/2022
2025-06-08 13:31:42,408 - pdf_extractor - INFO - Extraídos 35 registros das tabelas na página 13
2025-06-08 13:31:42,489 - pdf_extractor - INFO - Competência encontrada na página 14 com padrão 1: 01/2022
2025-06-08 13:31:42,504 - pdf_extractor - INFO - Extraídos 10 registros das tabelas na página 14
2025-06-08 13:31:42,747 - pdf_extractor - INFO - Competência encontrada na página 15 com padrão 1: 02/2022
2025-06-08 13:31:42,856 - pdf_extractor - INFO - Extraídos 35 registros das tabelas na página 15
2025-06-08 13:31:43,078 - pdf_extractor - INFO - Competência encontrada na página 16 com padrão 1: 02/2022
2025-06-08 13:31:43,176 - pdf_extractor - INFO - Extraídos 33 registros das tabelas na página 16
2025-06-08 13:31:43,403 - pdf_extractor - INFO - Competência encontrada na página 17 com padrão 1: 02/2022
2025-06-08 13:31:43,509 - pdf_extractor - INFO - Extraídos 34 registros das tabelas na página 17
2025-06-08 13:31:43,846 - pdf_extractor - INFO - Competência encontrada na página 18 com padrão 1: 02/2022
2025-06-08 13:31:43,969 - pdf_extractor - INFO - Extraídos 35 registros das tabelas na página 18
2025-06-08 13:31:44,213 - pdf_extractor - INFO - Competência encontrada na página 19 com padrão 1: 02/2022
2025-06-08 13:31:44,336 - pdf_extractor - INFO - Extraídos 34 registros das tabelas na página 19
2025-06-08 13:31:44,584 - pdf_extractor - INFO - Competência encontrada na página 20 com padrão 1: 02/2022
2025-06-08 13:31:44,704 - pdf_extractor - INFO - Extraídos 35 registros das tabelas na página 20
2025-06-08 13:31:44,940 - pdf_extractor - INFO - Competência encontrada na página 21 com padrão 1: 02/2022
2025-06-08 13:31:45,051 - pdf_extractor - INFO - Extraídos 34 registros das tabelas na página 21
2025-06-08 13:31:45,179 - pdf_extractor - INFO - Competência encontrada na página 22 com padrão 1: 02/2022
2025-06-08 13:31:45,218 - pdf_extractor - INFO - Extraídos 16 registros das tabelas na página 22
2025-06-08 13:31:45,450 - pdf_extractor - INFO - Competência encontrada na página 23 com padrão 1: 03/2022
2025-06-08 13:31:45,543 - pdf_extractor - INFO - Extraídos 33 registros das tabelas na página 23
2025-06-08 13:31:45,771 - pdf_extractor - INFO - Competência encontrada na página 24 com padrão 1: 03/2022
2025-06-08 13:31:45,872 - pdf_extractor - INFO - Encontrado tomador '50 BATALHÃO DE INFANTARIA': 50 BATALHÃO DE INFANTARIA DE
2025-06-08 13:31:45,873 - pdf_extractor - INFO - Encontrado tomador '50 BATALHÃO DE INFANTARIA': 50 BATALHÃO DE INFANTARIA DE
2025-06-08 13:31:45,873 - pdf_extractor - INFO - Extraídos 34 registros das tabelas na página 24
2025-06-08 13:31:46,242 - pdf_extractor - INFO - Competência encontrada na página 25 com padrão 1: 03/2022
2025-06-08 13:31:46,365 - pdf_extractor - INFO - Extraídos 35 registros das tabelas na página 25
2025-06-08 13:31:46,596 - pdf_extractor - INFO - Competência encontrada na página 26 com padrão 1: 03/2022
2025-06-08 13:31:46,698 - pdf_extractor - INFO - Extraídos 34 registros das tabelas na página 26
2025-06-08 13:31:46,936 - pdf_extractor - INFO - Competência encontrada na página 27 com padrão 1: 03/2022
2025-06-08 13:31:47,041 - pdf_extractor - INFO - Extraídos 35 registros das tabelas na página 27
2025-06-08 13:31:47,270 - pdf_extractor - INFO - Competência encontrada na página 28 com padrão 1: 03/2022
2025-06-08 13:31:47,382 - pdf_extractor - INFO - Extraídos 34 registros das tabelas na página 28
2025-06-08 13:31:47,418 - pdf_extractor - INFO - Competência encontrada na página 29 com padrão 1: 03/2022
2025-06-08 13:31:47,422 - pdf_extractor - INFO - Extraídos 2 registros das tabelas na página 29
2025-06-08 13:31:47,659 - pdf_extractor - INFO - Competência encontrada na página 30 com padrão 1: 04/2022
2025-06-08 13:31:47,784 - pdf_extractor - INFO - Extraídos 34 registros das tabelas na página 30
2025-06-08 13:31:48,005 - pdf_extractor - INFO - Competência encontrada na página 31 com padrão 1: 04/2022
2025-06-08 13:31:48,103 - pdf_extractor - INFO - Extraídos 34 registros das tabelas na página 31
2025-06-08 13:31:48,485 - pdf_extractor - INFO - Competência encontrada na página 32 com padrão 1: 04/2022
2025-06-08 13:31:48,609 - pdf_extractor - INFO - Extraídos 34 registros das tabelas na página 32
2025-06-08 13:31:48,835 - pdf_extractor - INFO - Competência encontrada na página 33 com padrão 1: 04/2022
2025-06-08 13:31:48,960 - pdf_extractor - INFO - Extraídos 35 registros das tabelas na página 33
2025-06-08 13:31:49,083 - pdf_extractor - INFO - Competência encontrada na página 34 com padrão 1: 04/2022
2025-06-08 13:31:49,121 - pdf_extractor - INFO - Extraídos 18 registros das tabelas na página 34
2025-06-08 13:31:49,359 - pdf_extractor - INFO - Competência encontrada na página 35 com padrão 1: 05/2022
2025-06-08 13:31:49,489 - pdf_extractor - INFO - Extraídos 34 registros das tabelas na página 35
2025-06-08 13:31:49,732 - pdf_extractor - INFO - Competência encontrada na página 36 com padrão 1: 05/2022
2025-06-08 13:31:49,856 - pdf_extractor - INFO - Extraídos 35 registros das tabelas na página 36
2025-06-08 13:31:50,083 - pdf_extractor - INFO - Competência encontrada na página 37 com padrão 1: 05/2022
2025-06-08 13:31:50,194 - pdf_extractor - INFO - Encontrado tomador '50 BATALHÃO DE INFANTARIA': 50 BATALHÃO DE INFANTARIA DE
2025-06-08 13:31:50,194 - pdf_extractor - INFO - Encontrado tomador '50 BATALHÃO DE INFANTARIA': 50 BATALHÃO DE INFANTARIA DE
2025-06-08 13:31:50,195 - pdf_extractor - INFO - Extraídos 34 registros das tabelas na página 37
2025-06-08 13:31:50,418 - pdf_extractor - INFO - Competência encontrada na página 38 com padrão 1: 05/2022
2025-06-08 13:31:50,510 - pdf_extractor - INFO - Encontrado tomador '50 BATALHÃO DE INFANTARIA': 50 BATALHÃO DE INFANTARIA DE
2025-06-08 13:31:50,511 - pdf_extractor - INFO - Extraídos 34 registros das tabelas na página 38
2025-06-08 13:31:50,937 - pdf_extractor - INFO - Competência encontrada na página 39 com padrão 1: 05/2022
2025-06-08 13:31:51,051 - pdf_extractor - INFO - Extraídos 35 registros das tabelas na página 39
2025-06-08 13:31:51,264 - pdf_extractor - INFO - Competência encontrada na página 40 com padrão 1: 05/2022
2025-06-08 13:31:51,356 - pdf_extractor - INFO - Extraídos 32 registros das tabelas na página 40
2025-06-08 13:31:51,373 - pdf_extractor - INFO - Competência encontrada na página 41 com padrão 1: 05/2022
2025-06-08 13:31:51,375 - pdf_extractor - INFO - Competência encontrada no texto: 05/2022
2025-06-08 13:31:51,375 - pdf_extractor - WARNING - Nenhum dado extraído do texto na página 41
2025-06-08 13:31:51,619 - pdf_extractor - INFO - Competência encontrada na página 42 com padrão 1: 06/2022
2025-06-08 13:31:51,733 - pdf_extractor - INFO - Extraídos 34 registros das tabelas na página 42
2025-06-08 13:31:51,988 - pdf_extractor - INFO - Competência encontrada na página 43 com padrão 1: 06/2022
2025-06-08 13:31:52,104 - pdf_extractor - INFO - Extraídos 34 registros das tabelas na página 43
2025-06-08 13:31:52,345 - pdf_extractor - INFO - Competência encontrada na página 44 com padrão 1: 06/2022
2025-06-08 13:31:52,460 - pdf_extractor - INFO - Encontrado tomador '50 BATALHÃO DE INFANTARIA': 50 BATALHÃO DE INFANTARIA DE
2025-06-08 13:31:52,460 - pdf_extractor - INFO - Encontrado tomador '50 BATALHÃO DE INFANTARIA': 50 BATALHÃO DE INFANTARIA DE
2025-06-08 13:31:52,461 - pdf_extractor - INFO - Extraídos 35 registros das tabelas na página 44
2025-06-08 13:31:52,698 - pdf_extractor - INFO - Competência encontrada na página 45 com padrão 1: 06/2022
2025-06-08 13:31:52,821 - pdf_extractor - INFO - Extraídos 34 registros das tabelas na página 45
2025-06-08 13:31:53,059 - pdf_extractor - INFO - Competência encontrada na página 46 com padrão 1: 06/2022
2025-06-08 13:31:53,166 - pdf_extractor - INFO - Extraídos 35 registros das tabelas na página 46
2025-06-08 13:31:53,399 - pdf_extractor - INFO - Competência encontrada na página 47 com padrão 1: 06/2022
2025-06-08 13:31:53,500 - pdf_extractor - INFO - Extraídos 34 registros das tabelas na página 47
2025-06-08 13:31:53,862 - pdf_extractor - INFO - Competência encontrada na página 48 com padrão 1: 06/2022
2025-06-08 13:31:53,913 - pdf_extractor - INFO - Extraídos 22 registros das tabelas na página 48
2025-06-08 13:31:54,139 - pdf_extractor - INFO - Competência encontrada na página 49 com padrão 1: 07/2022
2025-06-08 13:31:54,239 - pdf_extractor - INFO - Extraídos 34 registros das tabelas na página 49
2025-06-08 13:31:54,473 - pdf_extractor - INFO - Competência encontrada na página 50 com padrão 1: 07/2022
2025-06-08 13:31:54,587 - pdf_extractor - INFO - Encontrado tomador '50 BATALHÃO DE INFANTARIA': 50 BATALHÃO DE INFANTARIA DE
2025-06-08 13:31:54,587 - pdf_extractor - INFO - Encontrado tomador '50 BATALHÃO DE INFANTARIA': 50 BATALHÃO DE INFANTARIA DE
2025-06-08 13:31:54,588 - pdf_extractor - INFO - Encontrado tomador '50 BATALHÃO DE INFANTARIA': 50 BATALHÃO DE INFANTARIA DE
2025-06-08 13:31:54,588 - pdf_extractor - INFO - Encontrado tomador '50 BATALHÃO DE INFANTARIA': 50 BATALHÃO DE INFANTARIA DE
2025-06-08 13:31:54,588 - pdf_extractor - INFO - Encontrado tomador '50 BATALHÃO DE INFANTARIA': 50 BATALHÃO DE INFANTARIA DE
2025-06-08 13:31:54,588 - pdf_extractor - INFO - Encontrado tomador '50 BATALHÃO DE INFANTARIA': 50 BATALHÃO DE INFANTARIA DE
2025-06-08 13:31:54,589 - pdf_extractor - INFO - Extraídos 34 registros das tabelas na página 50
2025-06-08 13:31:54,825 - pdf_extractor - INFO - Competência encontrada na página 51 com padrão 1: 07/2022
2025-06-08 13:31:54,940 - pdf_extractor - INFO - Extraídos 34 registros das tabelas na página 51
2025-06-08 13:31:55,189 - pdf_extractor - INFO - Competência encontrada na página 52 com padrão 1: 07/2022
2025-06-08 13:31:55,322 - pdf_extractor - INFO - Extraídos 35 registros das tabelas na página 52
2025-06-08 13:31:55,555 - pdf_extractor - INFO - Competência encontrada na página 53 com padrão 1: 07/2022
2025-06-08 13:31:55,657 - pdf_extractor - INFO - Extraídos 34 registros das tabelas na página 53
2025-06-08 13:31:55,896 - pdf_extractor - INFO - Competência encontrada na página 54 com padrão 1: 07/2022
2025-06-08 13:31:55,992 - pdf_extractor - INFO - Extraídos 35 registros das tabelas na página 54
2025-06-08 13:31:56,208 - pdf_extractor - INFO - Competência encontrada na página 55 com padrão 1: 07/2022
2025-06-08 13:31:56,327 - pdf_extractor - INFO - Extraídos 34 registros das tabelas na página 55
2025-06-08 13:31:56,481 - pdf_extractor - INFO - Competência encontrada na página 56 com padrão 1: 07/2022
2025-06-08 13:31:56,525 - pdf_extractor - INFO - Extraídos 21 registros das tabelas na página 56
2025-06-08 13:31:57,013 - pdf_extractor - INFO - Competência encontrada na página 57 com padrão 1: 08/2022
2025-06-08 13:31:57,130 - pdf_extractor - INFO - Extraídos 35 registros das tabelas na página 57
2025-06-08 13:31:57,364 - pdf_extractor - INFO - Competência encontrada na página 58 com padrão 1: 08/2022
2025-06-08 13:31:57,481 - pdf_extractor - INFO - Extraídos 33 registros das tabelas na página 58
2025-06-08 13:31:57,736 - pdf_extractor - INFO - Competência encontrada na página 59 com padrão 1: 08/2022
2025-06-08 13:31:57,870 - pdf_extractor - INFO - Encontrado tomador '50 BATALHÃO DE INFANTARIA': 50 BATALHÃO DE INFANTARIA DE
2025-06-08 13:31:57,871 - pdf_extractor - INFO - Extraídos 35 registros das tabelas na página 59
2025-06-08 13:31:58,093 - pdf_extractor - INFO - Competência encontrada na página 60 com padrão 1: 08/2022
2025-06-08 13:31:58,190 - pdf_extractor - INFO - Extraídos 34 registros das tabelas na página 60
2025-06-08 13:31:58,412 - pdf_extractor - INFO - Competência encontrada na página 61 com padrão 1: 08/2022
2025-06-08 13:31:58,531 - pdf_extractor - INFO - Extraídos 35 registros das tabelas na página 61
2025-06-08 13:31:58,765 - pdf_extractor - INFO - Competência encontrada na página 62 com padrão 1: 08/2022
2025-06-08 13:31:58,867 - pdf_extractor - INFO - Extraídos 34 registros das tabelas na página 62
2025-06-08 13:31:59,095 - pdf_extractor - INFO - Competência encontrada na página 63 com padrão 1: 08/2022
2025-06-08 13:31:59,202 - pdf_extractor - INFO - Extraídos 35 registros das tabelas na página 63
2025-06-08 13:31:59,436 - pdf_extractor - INFO - Competência encontrada na página 64 com padrão 1: 08/2022
2025-06-08 13:31:59,551 - pdf_extractor - INFO - Extraídos 34 registros das tabelas na página 64
2025-06-08 13:31:59,754 - pdf_extractor - INFO - Competência encontrada na página 65 com padrão 1: 08/2022
2025-06-08 13:31:59,832 - pdf_extractor - INFO - Extraídos 26 registros das tabelas na página 65
2025-06-08 13:32:00,074 - pdf_extractor - INFO - Competência encontrada na página 66 com padrão 1: 09/2022
2025-06-08 13:32:00,194 - pdf_extractor - INFO - Extraídos 34 registros das tabelas na página 66
2025-06-08 13:32:00,429 - pdf_extractor - INFO - Competência encontrada na página 67 com padrão 1: 09/2022
2025-06-08 13:32:00,530 - pdf_extractor - INFO - Extraídos 33 registros das tabelas na página 67
2025-06-08 13:32:01,071 - pdf_extractor - INFO - Competência encontrada na página 68 com padrão 1: 09/2022
2025-06-08 13:32:01,168 - pdf_extractor - INFO - Extraídos 34 registros das tabelas na página 68
2025-06-08 13:32:01,396 - pdf_extractor - INFO - Competência encontrada na página 69 com padrão 1: 09/2022
2025-06-08 13:32:01,511 - pdf_extractor - INFO - Extraídos 34 registros das tabelas na página 69
2025-06-08 13:32:01,743 - pdf_extractor - INFO - Competência encontrada na página 70 com padrão 1: 09/2022
2025-06-08 13:32:01,873 - pdf_extractor - INFO - Extraídos 34 registros das tabelas na página 70
2025-06-08 13:32:02,105 - pdf_extractor - INFO - Competência encontrada na página 71 com padrão 1: 09/2022
2025-06-08 13:32:02,219 - pdf_extractor - INFO - Extraídos 35 registros das tabelas na página 71
2025-06-08 13:32:02,461 - pdf_extractor - INFO - Competência encontrada na página 72 com padrão 1: 09/2022
2025-06-08 13:32:02,572 - pdf_extractor - INFO - Extraídos 34 registros das tabelas na página 72
2025-06-08 13:32:02,811 - pdf_extractor - INFO - Competência encontrada na página 73 com padrão 1: 09/2022
2025-06-08 13:32:02,919 - pdf_extractor - INFO - Extraídos 35 registros das tabelas na página 73
2025-06-08 13:32:03,021 - pdf_extractor - INFO - Competência encontrada na página 74 com padrão 1: 09/2022
2025-06-08 13:32:03,041 - pdf_extractor - INFO - Extraídos 13 registros das tabelas na página 74
2025-06-08 13:32:03,269 - pdf_extractor - INFO - Competência encontrada na página 75 com padrão 1: 10/2022
2025-06-08 13:32:03,370 - pdf_extractor - INFO - Extraídos 34 registros das tabelas na página 75
2025-06-08 13:32:03,587 - pdf_extractor - INFO - Competência encontrada na página 76 com padrão 1: 10/2022
2025-06-08 13:32:03,685 - pdf_extractor - INFO - Extraídos 34 registros das tabelas na página 76
2025-06-08 13:32:03,915 - pdf_extractor - INFO - Competência encontrada na página 77 com padrão 1: 10/2022
2025-06-08 13:32:04,039 - pdf_extractor - INFO - Extraídos 35 registros das tabelas na página 77
2025-06-08 13:32:04,291 - pdf_extractor - INFO - Competência encontrada na página 78 com padrão 1: 10/2022
2025-06-08 13:32:04,424 - pdf_extractor - INFO - Extraídos 34 registros das tabelas na página 78
2025-06-08 13:32:04,667 - pdf_extractor - INFO - Competência encontrada na página 79 com padrão 1: 10/2022
2025-06-08 13:32:04,786 - pdf_extractor - INFO - Extraídos 34 registros das tabelas na página 79
2025-06-08 13:32:05,053 - pdf_extractor - INFO - Competência encontrada na página 80 com padrão 1: 10/2022
2025-06-08 13:32:05,182 - pdf_extractor - INFO - Extraídos 35 registros das tabelas na página 80
2025-06-08 13:32:05,661 - pdf_extractor - INFO - Competência encontrada na página 81 com padrão 1: 10/2022
2025-06-08 13:32:05,693 - pdf_extractor - INFO - Extraídos 16 registros das tabelas na página 81
2025-06-08 13:32:05,901 - pdf_extractor - INFO - Competência encontrada na página 82 com padrão 1: 11/2022
2025-06-08 13:32:05,998 - pdf_extractor - INFO - Extraídos 33 registros das tabelas na página 82
2025-06-08 13:32:06,231 - pdf_extractor - INFO - Competência encontrada na página 83 com padrão 1: 11/2022
2025-06-08 13:32:06,344 - pdf_extractor - INFO - Extraídos 35 registros das tabelas na página 83
2025-06-08 13:32:06,600 - pdf_extractor - INFO - Competência encontrada na página 84 com padrão 1: 11/2022
2025-06-08 13:32:06,735 - pdf_extractor - INFO - Encontrado tomador '50 BATALHÃO DE INFANTARIA': 50 BATALHÃO DE INFANTARIA DE
2025-06-08 13:32:06,736 - pdf_extractor - INFO - Encontrado tomador '50 BATALHÃO DE INFANTARIA': 50 BATALHÃO DE INFANTARIA DE
2025-06-08 13:32:06,737 - pdf_extractor - INFO - Extraídos 34 registros das tabelas na página 84
2025-06-08 13:32:06,808 - pdf_extractor - INFO - Competência encontrada na página 85 com padrão 1: 11/2022
2025-06-08 13:32:06,822 - pdf_extractor - INFO - Extraídos 8 registros das tabelas na página 85
2025-06-08 13:32:07,060 - pdf_extractor - INFO - Competência encontrada na página 86 com padrão 1: 12/2022
2025-06-08 13:32:07,174 - pdf_extractor - INFO - Extraídos 34 registros das tabelas na página 86
2025-06-08 13:32:07,410 - pdf_extractor - INFO - Competência encontrada na página 87 com padrão 1: 12/2022
2025-06-08 13:32:07,533 - pdf_extractor - INFO - Extraídos 34 registros das tabelas na página 87
2025-06-08 13:32:07,769 - pdf_extractor - INFO - Competência encontrada na página 88 com padrão 1: 12/2022
2025-06-08 13:32:07,894 - pdf_extractor - INFO - Encontrado tomador '50 BATALHÃO DE INFANTARIA': 50 BATALHÃO DE INFANTARIA DE
2025-06-08 13:32:07,895 - pdf_extractor - INFO - Extraídos 34 registros das tabelas na página 88
2025-06-08 13:32:08,121 - pdf_extractor - INFO - Competência encontrada na página 89 com padrão 1: 12/2022
2025-06-08 13:32:08,219 - pdf_extractor - INFO - Encontrado tomador '50 BATALHÃO DE INFANTARIA': 50 BATALHÃO DE INFANTARIA DE
2025-06-08 13:32:08,220 - pdf_extractor - INFO - Encontrado tomador '50 BATALHÃO DE INFANTARIA': 50 BATALHÃO DE INFANTARIA DE
2025-06-08 13:32:08,220 - pdf_extractor - INFO - Extraídos 35 registros das tabelas na página 89
2025-06-08 13:32:08,450 - pdf_extractor - INFO - Competência encontrada na página 90 com padrão 1: 12/2022
2025-06-08 13:32:08,555 - pdf_extractor - INFO - Extraídos 34 registros das tabelas na página 90
2025-06-08 13:32:08,779 - pdf_extractor - INFO - Competência encontrada na página 91 com padrão 1: 12/2022
2025-06-08 13:32:08,893 - pdf_extractor - INFO - Extraídos 35 registros das tabelas na página 91
2025-06-08 13:32:09,151 - pdf_extractor - INFO - Competência encontrada na página 92 com padrão 1: 12/2022
2025-06-08 13:32:09,279 - pdf_extractor - INFO - Encontrado tomador '50 BATALHÃO DE INFANTARIA': 50 BATALHÃO DE INFANTARIA DE
2025-06-08 13:32:09,280 - pdf_extractor - INFO - Extraídos 34 registros das tabelas na página 92
2025-06-08 13:32:09,526 - pdf_extractor - INFO - Competência encontrada na página 93 com padrão 1: 12/2022
2025-06-08 13:32:09,642 - pdf_extractor - INFO - Extraídos 34 registros das tabelas na página 93
2025-06-08 13:32:09,874 - pdf_extractor - INFO - Competência encontrada na página 94 com padrão 1: 12/2022
2025-06-08 13:32:09,997 - pdf_extractor - INFO - Extraídos 34 registros das tabelas na página 94
2025-06-08 13:32:10,078 - pdf_extractor - INFO - Competência encontrada na página 95 com padrão 1: 12/2022
2025-06-08 13:32:10,095 - pdf_extractor - INFO - Extraídos 10 registros das tabelas na página 95
2025-06-08 13:32:10,130 - pdf_extractor - INFO - Competência encontrada na página 96 com padrão 4: 04/2025
2025-06-08 13:32:10,134 - pdf_extractor - INFO - Encontrado padrão específico 04/2025 no texto
2025-06-08 13:32:10,134 - pdf_extractor - INFO - Competência encontrada no texto: 04/2025
2025-06-08 13:32:10,134 - pdf_extractor - WARNING - Nenhum dado extraído do texto na página 96
2025-06-08 13:32:10,175 - pdf_extractor - INFO - Competência encontrada na página 97 com padrão 4: 04/2025
2025-06-08 13:32:10,179 - pdf_extractor - INFO - Encontrado padrão específico 04/2025 no texto
2025-06-08 13:32:10,179 - pdf_extractor - INFO - Competência encontrada no texto: 04/2025
2025-06-08 13:32:10,179 - pdf_extractor - WARNING - Nenhum dado extraído do texto na página 97
2025-06-08 13:32:10,219 - pdf_extractor - INFO - Competência encontrada na página 98 com padrão 4: 04/2025
2025-06-08 13:32:10,223 - pdf_extractor - INFO - Encontrado padrão específico 04/2025 no texto
2025-06-08 13:32:10,223 - pdf_extractor - INFO - Competência encontrada no texto: 04/2025
2025-06-08 13:32:10,223 - pdf_extractor - WARNING - Nenhum dado extraído do texto na página 98
2025-06-08 13:32:10,460 - pdf_extractor - INFO - Competência encontrada na página 99 com padrão 1: 01/2023
2025-06-08 13:32:10,556 - pdf_extractor - INFO - Extraídos 34 registros das tabelas na página 99
2025-06-08 13:32:11,205 - pdf_extractor - INFO - Competência encontrada na página 100 com padrão 1: 01/2023
2025-06-08 13:32:11,309 - pdf_extractor - INFO - Extraídos 35 registros das tabelas na página 100
2025-06-08 13:32:11,531 - pdf_extractor - INFO - Competência encontrada na página 101 com padrão 1: 01/2023
2025-06-08 13:32:11,631 - pdf_extractor - INFO - Extraídos 33 registros das tabelas na página 101
2025-06-08 13:32:11,863 - pdf_extractor - INFO - Competência encontrada na página 102 com padrão 1: 01/2023
2025-06-08 13:32:11,995 - pdf_extractor - INFO - Extraídos 35 registros das tabelas na página 102
2025-06-08 13:32:12,227 - pdf_extractor - INFO - Competência encontrada na página 103 com padrão 1: 01/2023
2025-06-08 13:32:12,336 - pdf_extractor - INFO - Encontrado tomador '50 BATALHÃO DE INFANTARIA': 50 BATALHÃO DE INFANTARIA DE
2025-06-08 13:32:12,336 - pdf_extractor - INFO - Encontrado tomador '50 BATALHÃO DE INFANTARIA': 50 BATALHÃO DE INFANTARIA DE
2025-06-08 13:32:12,336 - pdf_extractor - INFO - Encontrado tomador '50 BATALHÃO DE INFANTARIA': 50 BATALHÃO DE INFANTARIA DE
2025-06-08 13:32:12,337 - pdf_extractor - INFO - Encontrado tomador '50 BATALHÃO DE INFANTARIA': 50 BATALHÃO DE INFANTARIA DE
2025-06-08 13:32:12,337 - pdf_extractor - INFO - Extraídos 34 registros das tabelas na página 103
2025-06-08 13:32:12,574 - pdf_extractor - INFO - Competência encontrada na página 104 com padrão 1: 01/2023
2025-06-08 13:32:12,685 - pdf_extractor - INFO - Extraídos 35 registros das tabelas na página 104
2025-06-08 13:32:12,914 - pdf_extractor - INFO - Competência encontrada na página 105 com padrão 1: 01/2023
2025-06-08 13:32:13,006 - pdf_extractor - INFO - Extraídos 31 registros das tabelas na página 105
2025-06-08 13:32:13,235 - pdf_extractor - INFO - Competência encontrada na página 106 com padrão 1: 02/2023
2025-06-08 13:32:13,337 - pdf_extractor - INFO - Encontrado tomador '50 BATALHÃO DE INFANTARIA': 50 BATALHÃO DE INFANTARIA DE
2025-06-08 13:32:13,338 - pdf_extractor - INFO - Encontrado tomador '50 BATALHÃO DE INFANTARIA': 50 BATALHÃO DE INFANTARIA DE
2025-06-08 13:32:13,338 - pdf_extractor - INFO - Encontrado tomador '50 BATALHÃO DE INFANTARIA': 50 BATALHÃO DE INFANTARIA DE
2025-06-08 13:32:13,338 - pdf_extractor - INFO - Encontrado tomador '50 BATALHÃO DE INFANTARIA': 50 BATALHÃO DE INFANTARIA DE
2025-06-08 13:32:13,339 - pdf_extractor - INFO - Encontrado tomador '50 BATALHÃO DE INFANTARIA': 50 BATALHÃO DE INFANTARIA DE
2025-06-08 13:32:13,339 - pdf_extractor - INFO - Encontrado tomador '50 BATALHÃO DE INFANTARIA': 50 BATALHÃO DE INFANTARIA DE
2025-06-08 13:32:13,339 - pdf_extractor - INFO - Extraídos 34 registros das tabelas na página 106
2025-06-08 13:32:13,569 - pdf_extractor - INFO - Competência encontrada na página 107 com padrão 1: 02/2023
2025-06-08 13:32:13,675 - pdf_extractor - INFO - Extraídos 34 registros das tabelas na página 107
2025-06-08 13:32:13,901 - pdf_extractor - INFO - Competência encontrada na página 108 com padrão 1: 02/2023
2025-06-08 13:32:14,027 - pdf_extractor - INFO - Extraídos 34 registros das tabelas na página 108
2025-06-08 13:32:14,262 - pdf_extractor - INFO - Competência encontrada na página 109 com padrão 1: 02/2023
2025-06-08 13:32:14,388 - pdf_extractor - INFO - Encontrado tomador '50 BATALHÃO DE INFANTARIA': 50 BATALHÃO DE INFANTARIA DE
2025-06-08 13:32:14,389 - pdf_extractor - INFO - Extraídos 35 registros das tabelas na página 109
2025-06-08 13:32:14,622 - pdf_extractor - INFO - Competência encontrada na página 110 com padrão 1: 02/2023
2025-06-08 13:32:14,746 - pdf_extractor - INFO - Extraídos 34 registros das tabelas na página 110
2025-06-08 13:32:14,998 - pdf_extractor - INFO - Competência encontrada na página 111 com padrão 1: 02/2023
2025-06-08 13:32:15,126 - pdf_extractor - INFO - Extraídos 34 registros das tabelas na página 111
2025-06-08 13:32:15,306 - pdf_extractor - INFO - Competência encontrada na página 112 com padrão 1: 02/2023
2025-06-08 13:32:15,373 - pdf_extractor - INFO - Extraídos 23 registros das tabelas na página 112
2025-06-08 13:32:15,598 - pdf_extractor - INFO - Competência encontrada na página 113 com padrão 1: 03/2023
2025-06-08 13:32:15,701 - pdf_extractor - INFO - Extraídos 34 registros das tabelas na página 113
2025-06-08 13:32:15,923 - pdf_extractor - INFO - Competência encontrada na página 114 com padrão 1: 03/2023
2025-06-08 13:32:16,024 - pdf_extractor - INFO - Extraídos 34 registros das tabelas na página 114
2025-06-08 13:32:16,266 - pdf_extractor - INFO - Competência encontrada na página 115 com padrão 1: 03/2023
2025-06-08 13:32:16,370 - pdf_extractor - INFO - Extraídos 35 registros das tabelas na página 115
2025-06-08 13:32:16,601 - pdf_extractor - INFO - Competência encontrada na página 116 com padrão 1: 03/2023
2025-06-08 13:32:16,706 - pdf_extractor - INFO - Extraídos 34 registros das tabelas na página 116
2025-06-08 13:32:16,937 - pdf_extractor - INFO - Competência encontrada na página 117 com padrão 1: 03/2023
2025-06-08 13:32:17,059 - pdf_extractor - INFO - Extraídos 34 registros das tabelas na página 117
2025-06-08 13:32:17,817 - pdf_extractor - INFO - Competência encontrada na página 118 com padrão 1: 03/2023
2025-06-08 13:32:17,942 - pdf_extractor - INFO - Extraídos 34 registros das tabelas na página 118
2025-06-08 13:32:18,162 - pdf_extractor - INFO - Competência encontrada na página 119 com padrão 1: 03/2023
2025-06-08 13:32:18,266 - pdf_extractor - INFO - Extraídos 35 registros das tabelas na página 119
2025-06-08 13:32:18,490 - pdf_extractor - INFO - Competência encontrada na página 120 com padrão 1: 03/2023
2025-06-08 13:32:18,590 - pdf_extractor - INFO - Extraídos 34 registros das tabelas na página 120
2025-06-08 13:32:18,625 - pdf_extractor - INFO - Competência encontrada na página 121 com padrão 1: 03/2023
2025-06-08 13:32:18,629 - pdf_extractor - INFO - Extraídos 2 registros das tabelas na página 121
2025-06-08 13:32:18,857 - pdf_extractor - INFO - Competência encontrada na página 122 com padrão 1: 04/2023
2025-06-08 13:32:18,983 - pdf_extractor - INFO - Extraídos 34 registros das tabelas na página 122
2025-06-08 13:32:19,214 - pdf_extractor - INFO - Competência encontrada na página 123 com padrão 1: 04/2023
2025-06-08 13:32:19,330 - pdf_extractor - INFO - Encontrado tomador '50 BATALHÃO DE INFANTARIA': 50 BATALHÃO DE INFANTARIA DE
2025-06-08 13:32:19,330 - pdf_extractor - INFO - Encontrado tomador '50 BATALHÃO DE INFANTARIA': 50 BATALHÃO DE INFANTARIA DE
2025-06-08 13:32:19,330 - pdf_extractor - INFO - Encontrado tomador '50 BATALHÃO DE INFANTARIA': 50 BATALHÃO DE INFANTARIA DE
2025-06-08 13:32:19,330 - pdf_extractor - INFO - Encontrado tomador '50 BATALHÃO DE INFANTARIA': 50 BATALHÃO DE INFANTARIA DE
2025-06-08 13:32:19,331 - pdf_extractor - INFO - Extraídos 34 registros das tabelas na página 123
2025-06-08 13:32:19,591 - pdf_extractor - INFO - Competência encontrada na página 124 com padrão 1: 04/2023
2025-06-08 13:32:19,704 - pdf_extractor - INFO - Extraídos 35 registros das tabelas na página 124
2025-06-08 13:32:19,933 - pdf_extractor - INFO - Competência encontrada na página 125 com padrão 1: 04/2023
2025-06-08 13:32:20,057 - pdf_extractor - INFO - Extraídos 34 registros das tabelas na página 125
2025-06-08 13:32:20,309 - pdf_extractor - INFO - Competência encontrada na página 126 com padrão 1: 04/2023
2025-06-08 13:32:20,441 - pdf_extractor - INFO - Extraídos 35 registros das tabelas na página 126
2025-06-08 13:32:20,679 - pdf_extractor - INFO - Competência encontrada na página 127 com padrão 1: 04/2023
2025-06-08 13:32:20,780 - pdf_extractor - INFO - Extraídos 34 registros das tabelas na página 127
2025-06-08 13:32:21,012 - pdf_extractor - INFO - Competência encontrada na página 128 com padrão 1: 04/2023
2025-06-08 13:32:21,121 - pdf_extractor - INFO - Extraídos 35 registros das tabelas na página 128
2025-06-08 13:32:21,278 - pdf_extractor - INFO - Competência encontrada na página 129 com padrão 1: 04/2023
2025-06-08 13:32:21,324 - pdf_extractor - INFO - Extraídos 23 registros das tabelas na página 129
2025-06-08 13:32:21,585 - pdf_extractor - INFO - Competência encontrada na página 130 com padrão 1: 05/2023
2025-06-08 13:32:21,726 - pdf_extractor - INFO - Extraídos 34 registros das tabelas na página 130
2025-06-08 13:32:21,956 - pdf_extractor - INFO - Competência encontrada na página 131 com padrão 1: 05/2023
2025-06-08 13:32:22,065 - pdf_extractor - INFO - Extraídos 34 registros das tabelas na página 131
2025-06-08 13:32:22,300 - pdf_extractor - INFO - Competência encontrada na página 132 com padrão 1: 05/2023
2025-06-08 13:32:22,431 - pdf_extractor - INFO - Extraídos 35 registros das tabelas na página 132
2025-06-08 13:32:22,672 - pdf_extractor - INFO - Competência encontrada na página 133 com padrão 1: 05/2023
2025-06-08 13:32:22,789 - pdf_extractor - INFO - Extraídos 34 registros das tabelas na página 133
2025-06-08 13:32:23,034 - pdf_extractor - INFO - Competência encontrada na página 134 com padrão 1: 05/2023
2025-06-08 13:32:23,145 - pdf_extractor - INFO - Encontrado tomador '50 BATALHÃO DE INFANTARIA': 50 BATALHÃO DE INFANTARIA DE
2025-06-08 13:32:23,146 - pdf_extractor - INFO - Encontrado tomador '50 BATALHÃO DE INFANTARIA': 50 BATALHÃO DE INFANTARIA DE
2025-06-08 13:32:23,146 - pdf_extractor - INFO - Encontrado tomador '50 BATALHÃO DE INFANTARIA': 50 BATALHÃO DE INFANTARIA DE
2025-06-08 13:32:23,146 - pdf_extractor - INFO - Encontrado tomador '50 BATALHÃO DE INFANTARIA': 50 BATALHÃO DE INFANTARIA DE
2025-06-08 13:32:23,146 - pdf_extractor - INFO - Encontrado tomador '50 BATALHÃO DE INFANTARIA': 50 BATALHÃO DE INFANTARIA DE
2025-06-08 13:32:23,147 - pdf_extractor - INFO - Extraídos 35 registros das tabelas na página 134
2025-06-08 13:32:23,386 - pdf_extractor - INFO - Competência encontrada na página 135 com padrão 1: 05/2023
2025-06-08 13:32:23,502 - pdf_extractor - INFO - Extraídos 34 registros das tabelas na página 135
2025-06-08 13:32:23,731 - pdf_extractor - INFO - Competência encontrada na página 136 com padrão 1: 05/2023
2025-06-08 13:32:23,835 - pdf_extractor - INFO - Extraídos 35 registros das tabelas na página 136
2025-06-08 13:32:23,890 - pdf_extractor - INFO - Competência encontrada na página 137 com padrão 1: 05/2023
2025-06-08 13:32:23,900 - pdf_extractor - INFO - Extraídos 6 registros das tabelas na página 137
2025-06-08 13:32:24,140 - pdf_extractor - INFO - Competência encontrada na página 138 com padrão 1: 06/2023
2025-06-08 13:32:24,246 - pdf_extractor - INFO - Extraídos 35 registros das tabelas na página 138
2025-06-08 13:32:24,483 - pdf_extractor - INFO - Competência encontrada na página 139 com padrão 1: 06/2023
2025-06-08 13:32:24,606 - pdf_extractor - INFO - Extraídos 33 registros das tabelas na página 139
2025-06-08 13:32:25,478 - pdf_extractor - INFO - Competência encontrada na página 140 com padrão 1: 06/2023
2025-06-08 13:32:25,588 - pdf_extractor - INFO - Encontrado tomador '50 BATALHÃO DE INFANTARIA': 50 BATALHÃO DE INFANTARIA DE
2025-06-08 13:32:25,589 - pdf_extractor - INFO - Extraídos 35 registros das tabelas na página 140
2025-06-08 13:32:25,811 - pdf_extractor - INFO - Competência encontrada na página 141 com padrão 1: 06/2023
2025-06-08 13:32:25,914 - pdf_extractor - INFO - Extraídos 34 registros das tabelas na página 141
2025-06-08 13:32:26,134 - pdf_extractor - INFO - Competência encontrada na página 142 com padrão 1: 06/2023
2025-06-08 13:32:26,239 - pdf_extractor - INFO - Extraídos 35 registros das tabelas na página 142
2025-06-08 13:32:26,471 - pdf_extractor - INFO - Competência encontrada na página 143 com padrão 1: 06/2023
2025-06-08 13:32:26,600 - pdf_extractor - INFO - Extraídos 34 registros das tabelas na página 143
2025-06-08 13:32:26,851 - pdf_extractor - INFO - Competência encontrada na página 144 com padrão 1: 06/2023
2025-06-08 13:32:26,969 - pdf_extractor - INFO - Extraídos 34 registros das tabelas na página 144
2025-06-08 13:32:27,023 - pdf_extractor - INFO - Competência encontrada na página 145 com padrão 1: 06/2023
2025-06-08 13:32:27,033 - pdf_extractor - INFO - Extraídos 6 registros das tabelas na página 145
2025-06-08 13:32:27,266 - pdf_extractor - INFO - Competência encontrada na página 146 com padrão 1: 07/2023
2025-06-08 13:32:27,382 - pdf_extractor - INFO - Extraídos 33 registros das tabelas na página 146
2025-06-08 13:32:27,619 - pdf_extractor - INFO - Competência encontrada na página 147 com padrão 1: 07/2023
2025-06-08 13:32:27,734 - pdf_extractor - INFO - Extraídos 35 registros das tabelas na página 147
2025-06-08 13:32:27,984 - pdf_extractor - INFO - Competência encontrada na página 148 com padrão 1: 07/2023
2025-06-08 13:32:28,088 - pdf_extractor - INFO - Extraídos 34 registros das tabelas na página 148
2025-06-08 13:32:28,316 - pdf_extractor - INFO - Competência encontrada na página 149 com padrão 1: 07/2023
2025-06-08 13:32:28,422 - pdf_extractor - INFO - Extraídos 34 registros das tabelas na página 149
2025-06-08 13:32:28,642 - pdf_extractor - INFO - Competência encontrada na página 150 com padrão 1: 07/2023
2025-06-08 13:32:28,745 - pdf_extractor - INFO - Extraídos 34 registros das tabelas na página 150
2025-06-08 13:32:28,974 - pdf_extractor - INFO - Competência encontrada na página 151 com padrão 1: 07/2023
2025-06-08 13:32:29,109 - pdf_extractor - INFO - Encontrado tomador '50 BATALHÃO DE INFANTARIA': 50 BATALHÃO DE INFANTARIA DE
2025-06-08 13:32:29,109 - pdf_extractor - INFO - Encontrado tomador '50 BATALHÃO DE INFANTARIA': 50 BATALHÃO DE INFANTARIA DE
2025-06-08 13:32:29,110 - pdf_extractor - INFO - Encontrado tomador '50 BATALHÃO DE INFANTARIA': 50 BATALHÃO DE INFANTARIA DE
2025-06-08 13:32:29,110 - pdf_extractor - INFO - Extraídos 35 registros das tabelas na página 151
2025-06-08 13:32:29,320 - pdf_extractor - INFO - Competência encontrada na página 152 com padrão 1: 07/2023
2025-06-08 13:32:29,423 - pdf_extractor - INFO - Extraídos 29 registros das tabelas na página 152
2025-06-08 13:32:29,664 - pdf_extractor - INFO - Competência encontrada na página 153 com padrão 1: 08/2023
2025-06-08 13:32:29,813 - pdf_extractor - INFO - Extraídos 34 registros das tabelas na página 153
2025-06-08 13:32:30,045 - pdf_extractor - INFO - Competência encontrada na página 154 com padrão 1: 08/2023
2025-06-08 13:32:30,164 - pdf_extractor - INFO - Extraídos 34 registros das tabelas na página 154
2025-06-08 13:32:30,401 - pdf_extractor - INFO - Competência encontrada na página 155 com padrão 1: 08/2023
2025-06-08 13:32:30,531 - pdf_extractor - INFO - Extraídos 35 registros das tabelas na página 155
2025-06-08 13:32:30,778 - pdf_extractor - INFO - Competência encontrada na página 156 com padrão 1: 08/2023
2025-06-08 13:32:30,898 - pdf_extractor - INFO - Extraídos 34 registros das tabelas na página 156
2025-06-08 13:32:31,124 - pdf_extractor - INFO - Competência encontrada na página 157 com padrão 1: 08/2023
2025-06-08 13:32:31,226 - pdf_extractor - INFO - Extraídos 35 registros das tabelas na página 157
2025-06-08 13:32:31,447 - pdf_extractor - INFO - Competência encontrada na página 158 com padrão 1: 08/2023
2025-06-08 13:32:31,553 - pdf_extractor - INFO - Extraídos 34 registros das tabelas na página 158
2025-06-08 13:32:31,710 - pdf_extractor - INFO - Competência encontrada na página 159 com padrão 1: 08/2023
2025-06-08 13:32:31,754 - pdf_extractor - INFO - Extraídos 18 registros das tabelas na página 159
2025-06-08 13:32:31,995 - pdf_extractor - INFO - Competência encontrada na página 160 com padrão 1: 09/2023
2025-06-08 13:32:32,105 - pdf_extractor - INFO - Extraídos 34 registros das tabelas na página 160
2025-06-08 13:32:32,349 - pdf_extractor - INFO - Competência encontrada na página 161 com padrão 1: 09/2023
2025-06-08 13:32:32,467 - pdf_extractor - INFO - Extraídos 35 registros das tabelas na página 161
2025-06-08 13:32:32,724 - pdf_extractor - INFO - Competência encontrada na página 162 com padrão 1: 09/2023
2025-06-08 13:32:32,852 - pdf_extractor - INFO - Extraídos 34 registros das tabelas na página 162
2025-06-08 13:32:33,097 - pdf_extractor - INFO - Competência encontrada na página 163 com padrão 1: 09/2023
2025-06-08 13:32:33,212 - pdf_extractor - INFO - Extraídos 35 registros das tabelas na página 163
2025-06-08 13:32:33,441 - pdf_extractor - INFO - Competência encontrada na página 164 com padrão 1: 09/2023
2025-06-08 13:32:33,548 - pdf_extractor - INFO - Extraídos 34 registros das tabelas na página 164
2025-06-08 13:32:33,779 - pdf_extractor - INFO - Competência encontrada na página 165 com padrão 1: 09/2023
2025-06-08 13:32:33,896 - pdf_extractor - INFO - Extraídos 35 registros das tabelas na página 165
2025-06-08 13:32:34,866 - pdf_extractor - INFO - Competência encontrada na página 166 com padrão 1: 09/2023
2025-06-08 13:32:35,001 - pdf_extractor - INFO - Extraídos 34 registros das tabelas na página 166
2025-06-08 13:32:35,121 - pdf_extractor - INFO - Competência encontrada na página 167 com padrão 1: 09/2023
2025-06-08 13:32:35,159 - pdf_extractor - INFO - Extraídos 15 registros das tabelas na página 167
2025-06-08 13:32:35,421 - pdf_extractor - INFO - Competência encontrada na página 168 com padrão 1: 10/2023
2025-06-08 13:32:35,556 - pdf_extractor - INFO - Encontrado tomador '50 BATALHÃO DE INFANTARIA': 50 BATALHÃO DE INFANTARIA DE
2025-06-08 13:32:35,556 - pdf_extractor - INFO - Extraídos 35 registros das tabelas na página 168
2025-06-08 13:32:35,794 - pdf_extractor - INFO - Competência encontrada na página 169 com padrão 1: 10/2023
2025-06-08 13:32:35,906 - pdf_extractor - INFO - Encontrado tomador '50 BATALHÃO DE INFANTARIA': 50 BATALHÃO DE INFANTARIA DE
2025-06-08 13:32:35,906 - pdf_extractor - INFO - Extraídos 34 registros das tabelas na página 169
2025-06-08 13:32:36,140 - pdf_extractor - INFO - Competência encontrada na página 170 com padrão 1: 10/2023
2025-06-08 13:32:36,241 - pdf_extractor - INFO - Extraídos 34 registros das tabelas na página 170
2025-06-08 13:32:36,470 - pdf_extractor - INFO - Competência encontrada na página 171 com padrão 1: 10/2023
2025-06-08 13:32:36,568 - pdf_extractor - INFO - Extraídos 34 registros das tabelas na página 171
2025-06-08 13:32:36,802 - pdf_extractor - INFO - Competência encontrada na página 172 com padrão 1: 10/2023
2025-06-08 13:32:36,921 - pdf_extractor - INFO - Extraídos 35 registros das tabelas na página 172
2025-06-08 13:32:37,148 - pdf_extractor - INFO - Competência encontrada na página 173 com padrão 1: 10/2023
2025-06-08 13:32:37,267 - pdf_extractor - INFO - Encontrado tomador '50 BATALHÃO DE INFANTARIA': 50 BATALHÃO DE INFANTARIA DE
2025-06-08 13:32:37,267 - pdf_extractor - INFO - Encontrado tomador '50 BATALHÃO DE INFANTARIA': 50 BATALHÃO DE INFANTARIA DE
2025-06-08 13:32:37,268 - pdf_extractor - INFO - Extraídos 34 registros das tabelas na página 173
2025-06-08 13:32:37,493 - pdf_extractor - INFO - Competência encontrada na página 174 com padrão 1: 10/2023
2025-06-08 13:32:37,607 - pdf_extractor - INFO - Extraídos 34 registros das tabelas na página 174
2025-06-08 13:32:37,842 - pdf_extractor - INFO - Competência encontrada na página 175 com padrão 1: 10/2023
2025-06-08 13:32:37,955 - pdf_extractor - INFO - Extraídos 34 registros das tabelas na página 175
2025-06-08 13:32:38,194 - pdf_extractor - INFO - Competência encontrada na página 176 com padrão 1: 10/2023
2025-06-08 13:32:38,301 - pdf_extractor - INFO - Extraídos 35 registros das tabelas na página 176
2025-06-08 13:32:38,374 - pdf_extractor - INFO - Competência encontrada na página 177 com padrão 1: 10/2023
2025-06-08 13:32:38,386 - pdf_extractor - INFO - Extraídos 8 registros das tabelas na página 177
2025-06-08 13:32:38,618 - pdf_extractor - INFO - Competência encontrada na página 178 com padrão 1: 11/2023
2025-06-08 13:32:38,729 - pdf_extractor - INFO - Extraídos 35 registros das tabelas na página 178
2025-06-08 13:32:38,959 - pdf_extractor - INFO - Competência encontrada na página 179 com padrão 1: 11/2023
2025-06-08 13:32:39,060 - pdf_extractor - INFO - Extraídos 34 registros das tabelas na página 179
2025-06-08 13:32:39,317 - pdf_extractor - INFO - Competência encontrada na página 180 com padrão 1: 11/2023
2025-06-08 13:32:39,459 - pdf_extractor - INFO - Extraídos 34 registros das tabelas na página 180
2025-06-08 13:32:39,712 - pdf_extractor - INFO - Competência encontrada na página 181 com padrão 1: 11/2023
2025-06-08 13:32:39,841 - pdf_extractor - INFO - Extraídos 35 registros das tabelas na página 181
2025-06-08 13:32:40,098 - pdf_extractor - INFO - Competência encontrada na página 182 com padrão 1: 11/2023
2025-06-08 13:32:40,234 - pdf_extractor - INFO - Extraídos 34 registros das tabelas na página 182
2025-06-08 13:32:40,471 - pdf_extractor - INFO - Competência encontrada na página 183 com padrão 1: 11/2023
2025-06-08 13:32:40,588 - pdf_extractor - INFO - Extraídos 35 registros das tabelas na página 183
2025-06-08 13:32:40,814 - pdf_extractor - INFO - Competência encontrada na página 184 com padrão 1: 11/2023
2025-06-08 13:32:40,919 - pdf_extractor - INFO - Extraídos 34 registros das tabelas na página 184
2025-06-08 13:32:41,144 - pdf_extractor - INFO - Competência encontrada na página 185 com padrão 1: 11/2023
2025-06-08 13:32:41,250 - pdf_extractor - INFO - Extraídos 35 registros das tabelas na página 185
2025-06-08 13:32:41,454 - pdf_extractor - INFO - Competência encontrada na página 186 com padrão 1: 11/2023
2025-06-08 13:32:41,544 - pdf_extractor - INFO - Extraídos 30 registros das tabelas na página 186
2025-06-08 13:32:41,780 - pdf_extractor - INFO - Competência encontrada na página 187 com padrão 1: 12/2023
2025-06-08 13:32:41,898 - pdf_extractor - INFO - Extraídos 35 registros das tabelas na página 187
2025-06-08 13:32:42,135 - pdf_extractor - INFO - Competência encontrada na página 188 com padrão 1: 12/2023
2025-06-08 13:32:42,269 - pdf_extractor - INFO - Extraídos 34 registros das tabelas na página 188
2025-06-08 13:32:42,498 - pdf_extractor - INFO - Competência encontrada na página 189 com padrão 1: 12/2023
2025-06-08 13:32:42,625 - pdf_extractor - INFO - Extraídos 34 registros das tabelas na página 189
2025-06-08 13:32:42,887 - pdf_extractor - INFO - Competência encontrada na página 190 com padrão 1: 12/2023
2025-06-08 13:32:43,008 - pdf_extractor - INFO - Encontrado tomador '50 BATALHÃO DE INFANTARIA': 50 BATALHÃO DE INFANTARIA DE
2025-06-08 13:32:43,008 - pdf_extractor - INFO - Extraídos 35 registros das tabelas na página 190
2025-06-08 13:32:43,251 - pdf_extractor - INFO - Competência encontrada na página 191 com padrão 1: 12/2023
2025-06-08 13:32:43,358 - pdf_extractor - INFO - Extraídos 34 registros das tabelas na página 191
2025-06-08 13:32:43,586 - pdf_extractor - INFO - Competência encontrada na página 192 com padrão 1: 12/2023
2025-06-08 13:32:43,699 - pdf_extractor - INFO - Extraídos 35 registros das tabelas na página 192
2025-06-08 13:32:43,931 - pdf_extractor - INFO - Competência encontrada na página 193 com padrão 1: 12/2023
2025-06-08 13:32:44,031 - pdf_extractor - INFO - Extraídos 34 registros das tabelas na página 193
2025-06-08 13:32:44,265 - pdf_extractor - INFO - Competência encontrada na página 194 com padrão 1: 12/2023
2025-06-08 13:32:44,387 - pdf_extractor - INFO - Extraídos 34 registros das tabelas na página 194
2025-06-08 13:32:44,620 - pdf_extractor - INFO - Competência encontrada na página 195 com padrão 1: 12/2023
2025-06-08 13:32:44,737 - pdf_extractor - INFO - Extraídos 34 registros das tabelas na página 195
2025-06-08 13:32:45,698 - pdf_extractor - INFO - Competência encontrada na página 196 com padrão 1: 12/2023
2025-06-08 13:32:45,708 - pdf_extractor - INFO - Extraídos 6 registros das tabelas na página 196
2025-06-08 13:32:45,745 - pdf_extractor - INFO - Competência encontrada na página 197 com padrão 4: 04/2025
2025-06-08 13:32:45,748 - pdf_extractor - INFO - Encontrado padrão específico 04/2025 no texto
2025-06-08 13:32:45,748 - pdf_extractor - INFO - Competência encontrada no texto: 04/2025
2025-06-08 13:32:45,749 - pdf_extractor - WARNING - Nenhum dado extraído do texto na página 197
2025-06-08 13:32:45,788 - pdf_extractor - INFO - Competência encontrada na página 198 com padrão 4: 04/2025
2025-06-08 13:32:45,791 - pdf_extractor - INFO - Encontrado padrão específico 04/2025 no texto
2025-06-08 13:32:45,791 - pdf_extractor - INFO - Competência encontrada no texto: 04/2025
2025-06-08 13:32:45,792 - pdf_extractor - WARNING - Nenhum dado extraído do texto na página 198
2025-06-08 13:32:45,827 - pdf_extractor - INFO - Competência encontrada na página 199 com padrão 4: 04/2025
2025-06-08 13:32:45,830 - pdf_extractor - INFO - Encontrado padrão específico 04/2025 no texto
2025-06-08 13:32:45,830 - pdf_extractor - INFO - Competência encontrada no texto: 04/2025
2025-06-08 13:32:45,830 - pdf_extractor - WARNING - Nenhum dado extraído do texto na página 199
2025-06-08 13:32:46,055 - pdf_extractor - INFO - Competência encontrada na página 200 com padrão 1: 01/2024
2025-06-08 13:32:46,153 - pdf_extractor - INFO - Extraídos 35 registros das tabelas na página 200
2025-06-08 13:32:46,391 - pdf_extractor - INFO - Competência encontrada na página 201 com padrão 1: 01/2024
2025-06-08 13:32:46,503 - pdf_extractor - INFO - Extraídos 34 registros das tabelas na página 201
2025-06-08 13:32:46,739 - pdf_extractor - INFO - Competência encontrada na página 202 com padrão 1: 01/2024
2025-06-08 13:32:46,868 - pdf_extractor - INFO - Encontrado tomador '50 BATALHÃO DE INFANTARIA': 50 BATALHÃO DE INFANTARIA DE
2025-06-08 13:32:46,869 - pdf_extractor - INFO - Encontrado tomador '50 BATALHÃO DE INFANTARIA': 50 BATALHÃO DE INFANTARIA DE
2025-06-08 13:32:46,869 - pdf_extractor - INFO - Encontrado tomador '50 BATALHÃO DE INFANTARIA': 50 BATALHÃO DE INFANTARIA DE
2025-06-08 13:32:46,870 - pdf_extractor - INFO - Extraídos 35 registros das tabelas na página 202
2025-06-08 13:32:47,127 - pdf_extractor - INFO - Competência encontrada na página 203 com padrão 1: 01/2024
2025-06-08 13:32:47,269 - pdf_extractor - INFO - Extraídos 34 registros das tabelas na página 203
2025-06-08 13:32:47,501 - pdf_extractor - INFO - Competência encontrada na página 204 com padrão 1: 01/2024
2025-06-08 13:32:47,610 - pdf_extractor - INFO - Extraídos 34 registros das tabelas na página 204
2025-06-08 13:32:47,856 - pdf_extractor - INFO - Competência encontrada na página 205 com padrão 1: 01/2024
2025-06-08 13:32:47,973 - pdf_extractor - INFO - Extraídos 35 registros das tabelas na página 205
2025-06-08 13:32:48,217 - pdf_extractor - INFO - Competência encontrada na página 206 com padrão 1: 01/2024
2025-06-08 13:32:48,317 - pdf_extractor - INFO - Extraídos 34 registros das tabelas na página 206
2025-06-08 13:32:48,556 - pdf_extractor - INFO - Competência encontrada na página 207 com padrão 1: 01/2024
2025-06-08 13:32:48,660 - pdf_extractor - INFO - Extraídos 34 registros das tabelas na página 207
2025-06-08 13:32:48,845 - pdf_extractor - INFO - Competência encontrada na página 208 com padrão 1: 01/2024
2025-06-08 13:32:48,910 - pdf_extractor - INFO - Extraídos 27 registros das tabelas na página 208
2025-06-08 13:32:49,154 - pdf_extractor - INFO - Competência encontrada na página 209 com padrão 1: 02/2024
2025-06-08 13:32:49,268 - pdf_extractor - INFO - Extraídos 33 registros das tabelas na página 209
2025-06-08 13:32:49,519 - pdf_extractor - INFO - Competência encontrada na página 210 com padrão 1: 02/2024
2025-06-08 13:32:49,645 - pdf_extractor - INFO - Extraídos 32 registros das tabelas na página 210
2025-06-08 13:32:49,893 - pdf_extractor - INFO - Competência encontrada na página 211 com padrão 1: 02/2024
2025-06-08 13:32:50,007 - pdf_extractor - INFO - Extraídos 35 registros das tabelas na página 211
2025-06-08 13:32:50,254 - pdf_extractor - INFO - Competência encontrada na página 212 com padrão 1: 02/2024
2025-06-08 13:32:50,377 - pdf_extractor - INFO - Encontrado tomador '50 BATALHÃO DE INFANTARIA': 50 BATALHÃO DE INFANTARIA DE
2025-06-08 13:32:50,377 - pdf_extractor - INFO - Encontrado tomador '50 BATALHÃO DE INFANTARIA': 50 BATALHÃO DE INFANTARIA DE
2025-06-08 13:32:50,378 - pdf_extractor - INFO - Extraídos 34 registros das tabelas na página 212
2025-06-08 13:32:50,626 - pdf_extractor - INFO - Competência encontrada na página 213 com padrão 1: 02/2024
2025-06-08 13:32:50,746 - pdf_extractor - INFO - Extraídos 34 registros das tabelas na página 213
2025-06-08 13:32:50,970 - pdf_extractor - INFO - Competência encontrada na página 214 com padrão 1: 02/2024
2025-06-08 13:32:51,068 - pdf_extractor - WARNING - Não foi possível converter '%' para float.
2025-06-08 13:32:51,068 - pdf_extractor - INFO - Extraídos 34 registros das tabelas na página 214
2025-06-08 13:32:51,293 - pdf_extractor - INFO - Competência encontrada na página 215 com padrão 1: 02/2024
2025-06-08 13:32:51,388 - pdf_extractor - INFO - Extraídos 34 registros das tabelas na página 215
2025-06-08 13:32:51,618 - pdf_extractor - INFO - Competência encontrada na página 216 com padrão 1: 02/2024
2025-06-08 13:32:51,715 - pdf_extractor - INFO - Extraídos 34 registros das tabelas na página 216
2025-06-08 13:32:51,897 - pdf_extractor - INFO - Competência encontrada na página 217 com padrão 1: 02/2024
2025-06-08 13:32:51,971 - pdf_extractor - INFO - Extraídos 27 registros das tabelas na página 217
2025-06-08 13:32:52,209 - pdf_extractor - INFO - Competência encontrada na página 218 com padrão 1: 03/2024
2025-06-08 13:32:52,330 - pdf_extractor - INFO - Extraídos 35 registros das tabelas na página 218
2025-06-08 13:32:52,564 - pdf_extractor - INFO - Competência encontrada na página 219 com padrão 1: 03/2024
2025-06-08 13:32:52,670 - pdf_extractor - INFO - Extraídos 33 registros das tabelas na página 219
2025-06-08 13:32:52,902 - pdf_extractor - INFO - Competência encontrada na página 220 com padrão 1: 03/2024
2025-06-08 13:32:53,009 - pdf_extractor - INFO - Extraídos 34 registros das tabelas na página 220
2025-06-08 13:32:53,247 - pdf_extractor - INFO - Competência encontrada na página 221 com padrão 1: 03/2024
2025-06-08 13:32:53,350 - pdf_extractor - INFO - Extraídos 35 registros das tabelas na página 221
2025-06-08 13:32:53,592 - pdf_extractor - INFO - Competência encontrada na página 222 com padrão 1: 03/2024
2025-06-08 13:32:53,699 - pdf_extractor - INFO - Extraídos 34 registros das tabelas na página 222
2025-06-08 13:32:53,925 - pdf_extractor - INFO - Competência encontrada na página 223 com padrão 1: 03/2024
2025-06-08 13:32:54,020 - pdf_extractor - INFO - Extraídos 33 registros das tabelas na página 223
2025-06-08 13:32:54,254 - pdf_extractor - INFO - Competência encontrada na página 224 com padrão 1: 03/2024
2025-06-08 13:32:54,370 - pdf_extractor - INFO - Encontrado tomador '50 BATALHÃO DE INFANTARIA': 50 BATALHÃO DE INFANTARIA DE
2025-06-08 13:32:54,370 - pdf_extractor - INFO - Encontrado tomador '50 BATALHÃO DE INFANTARIA': 50 BATALHÃO DE INFANTARIA DE
2025-06-08 13:32:54,370 - pdf_extractor - INFO - Encontrado tomador '50 BATALHÃO DE INFANTARIA': 50 BATALHÃO DE INFANTARIA DE
2025-06-08 13:32:54,371 - pdf_extractor - WARNING - Não foi possível converter '%' para float.
2025-06-08 13:32:54,371 - pdf_extractor - INFO - Extraídos 34 registros das tabelas na página 224
2025-06-08 13:32:54,613 - pdf_extractor - INFO - Competência encontrada na página 225 com padrão 1: 03/2024
2025-06-08 13:32:54,716 - pdf_extractor - INFO - Extraídos 34 registros das tabelas na página 225
2025-06-08 13:32:54,958 - pdf_extractor - INFO - Competência encontrada na página 226 com padrão 1: 03/2024
2025-06-08 13:32:55,073 - pdf_extractor - INFO - Extraídos 34 registros das tabelas na página 226
2025-06-08 13:32:55,312 - pdf_extractor - INFO - Competência encontrada na página 227 com padrão 1: 03/2024
2025-06-08 13:32:55,457 - pdf_extractor - INFO - Extraídos 33 registros das tabelas na página 227
2025-06-08 13:32:55,535 - pdf_extractor - INFO - Competência encontrada na página 228 com padrão 1: 03/2024
2025-06-08 13:32:55,550 - pdf_extractor - INFO - Extraídos 9 registros das tabelas na página 228
2025-06-08 13:32:55,771 - pdf_extractor - INFO - Competência encontrada na página 229 com padrão 1: 04/2024
2025-06-08 13:32:55,871 - pdf_extractor - INFO - Extraídos 35 registros das tabelas na página 229
2025-06-08 13:32:56,105 - pdf_extractor - INFO - Competência encontrada na página 230 com padrão 1: 04/2024
2025-06-08 13:32:56,211 - pdf_extractor - INFO - Extraídos 34 registros das tabelas na página 230
2025-06-08 13:32:56,433 - pdf_extractor - INFO - Competência encontrada na página 231 com padrão 1: 04/2024
2025-06-08 13:32:56,526 - pdf_extractor - INFO - Extraídos 34 registros das tabelas na página 231
2025-06-08 13:32:56,769 - pdf_extractor - INFO - Competência encontrada na página 232 com padrão 1: 04/2024
2025-06-08 13:32:56,894 - pdf_extractor - INFO - Extraídos 35 registros das tabelas na página 232
2025-06-08 13:32:58,182 - pdf_extractor - INFO - Competência encontrada na página 233 com padrão 1: 04/2024
2025-06-08 13:32:58,303 - pdf_extractor - INFO - Encontrado tomador '50 BATALHÃO DE INFANTARIA': 50 BATALHÃO DE INFANTARIA DE
2025-06-08 13:32:58,303 - pdf_extractor - INFO - Encontrado tomador '50 BATALHÃO DE INFANTARIA': 50 BATALHÃO DE INFANTARIA DE
2025-06-08 13:32:58,304 - pdf_extractor - INFO - Extraídos 34 registros das tabelas na página 233
2025-06-08 13:32:58,535 - pdf_extractor - INFO - Competência encontrada na página 234 com padrão 1: 04/2024
2025-06-08 13:32:58,634 - pdf_extractor - INFO - Extraídos 35 registros das tabelas na página 234
2025-06-08 13:32:58,860 - pdf_extractor - INFO - Competência encontrada na página 235 com padrão 1: 04/2024
2025-06-08 13:32:58,955 - pdf_extractor - INFO - Extraídos 34 registros das tabelas na página 235
2025-06-08 13:32:59,186 - pdf_extractor - INFO - Competência encontrada na página 236 com padrão 1: 04/2024
2025-06-08 13:32:59,289 - pdf_extractor - INFO - Extraídos 34 registros das tabelas na página 236
2025-06-08 13:32:59,422 - pdf_extractor - INFO - Competência encontrada na página 237 com padrão 1: 04/2024
2025-06-08 13:32:59,450 - pdf_extractor - INFO - Extraídos 14 registros das tabelas na página 237
2025-06-08 13:32:59,706 - pdf_extractor - INFO - Competência encontrada na página 238 com padrão 1: 05/2024
2025-06-08 13:32:59,828 - pdf_extractor - INFO - Extraídos 34 registros das tabelas na página 238
2025-06-08 13:33:00,069 - pdf_extractor - INFO - Competência encontrada na página 239 com padrão 1: 05/2024
2025-06-08 13:33:00,181 - pdf_extractor - INFO - Extraídos 34 registros das tabelas na página 239
2025-06-08 13:33:00,430 - pdf_extractor - INFO - Competência encontrada na página 240 com padrão 1: 05/2024
2025-06-08 13:33:00,552 - pdf_extractor - INFO - Extraídos 35 registros das tabelas na página 240
2025-06-08 13:33:00,801 - pdf_extractor - INFO - Competência encontrada na página 241 com padrão 1: 05/2024
2025-06-08 13:33:00,897 - pdf_extractor - INFO - Extraídos 34 registros das tabelas na página 241
2025-06-08 13:33:01,141 - pdf_extractor - INFO - Competência encontrada na página 242 com padrão 1: 05/2024
2025-06-08 13:33:01,256 - pdf_extractor - INFO - Encontrado tomador '50 BATALHÃO DE INFANTARIA': 50 BATALHÃO DE INFANTARIA DE
2025-06-08 13:33:01,256 - pdf_extractor - INFO - Extraídos 35 registros das tabelas na página 242
2025-06-08 13:33:01,479 - pdf_extractor - INFO - Competência encontrada na página 243 com padrão 1: 05/2024
2025-06-08 13:33:01,573 - pdf_extractor - INFO - Extraídos 34 registros das tabelas na página 243
2025-06-08 13:33:01,799 - pdf_extractor - INFO - Competência encontrada na página 244 com padrão 1: 05/2024
2025-06-08 13:33:01,911 - pdf_extractor - INFO - Extraídos 35 registros das tabelas na página 244
2025-06-08 13:33:02,134 - pdf_extractor - INFO - Competência encontrada na página 245 com padrão 1: 05/2024
2025-06-08 13:33:02,233 - pdf_extractor - INFO - Extraídos 34 registros das tabelas na página 245
2025-06-08 13:33:02,477 - pdf_extractor - INFO - Competência encontrada na página 246 com padrão 1: 05/2024
2025-06-08 13:33:02,583 - pdf_extractor - INFO - Extraídos 35 registros das tabelas na página 246
2025-06-08 13:33:02,801 - pdf_extractor - INFO - Competência encontrada na página 247 com padrão 1: 05/2024
2025-06-08 13:33:02,904 - pdf_extractor - INFO - Extraídos 31 registros das tabelas na página 247
2025-06-08 13:33:03,142 - pdf_extractor - INFO - Competência encontrada na página 248 com padrão 1: 06/2024
2025-06-08 13:33:03,260 - pdf_extractor - INFO - Extraídos 34 registros das tabelas na página 248
2025-06-08 13:33:03,484 - pdf_extractor - INFO - Competência encontrada na página 249 com padrão 1: 06/2024
2025-06-08 13:33:03,573 - pdf_extractor - INFO - Extraídos 34 registros das tabelas na página 249
2025-06-08 13:33:03,815 - pdf_extractor - INFO - Competência encontrada na página 250 com padrão 1: 06/2024
2025-06-08 13:33:03,921 - pdf_extractor - INFO - Extraídos 34 registros das tabelas na página 250
2025-06-08 13:33:04,154 - pdf_extractor - INFO - Competência encontrada na página 251 com padrão 1: 06/2024
2025-06-08 13:33:04,260 - pdf_extractor - INFO - Encontrado tomador '50 BATALHÃO DE INFANTARIA': 50 BATALHÃO DE INFANTARIA DE
2025-06-08 13:33:04,260 - pdf_extractor - INFO - Encontrado tomador '50 BATALHÃO DE INFANTARIA': 50 BATALHÃO DE INFANTARIA DE
2025-06-08 13:33:04,260 - pdf_extractor - INFO - Extraídos 35 registros das tabelas na página 251
2025-06-08 13:33:04,511 - pdf_extractor - INFO - Competência encontrada na página 252 com padrão 1: 06/2024
2025-06-08 13:33:04,631 - pdf_extractor - INFO - Extraídos 34 registros das tabelas na página 252
2025-06-08 13:33:04,878 - pdf_extractor - INFO - Competência encontrada na página 253 com padrão 1: 06/2024
2025-06-08 13:33:04,996 - pdf_extractor - INFO - Extraídos 34 registros das tabelas na página 253
2025-06-08 13:33:05,244 - pdf_extractor - INFO - Competência encontrada na página 254 com padrão 1: 06/2024
2025-06-08 13:33:05,361 - pdf_extractor - INFO - Extraídos 34 registros das tabelas na página 254
2025-06-08 13:33:05,588 - pdf_extractor - INFO - Competência encontrada na página 255 com padrão 1: 06/2024
2025-06-08 13:33:05,684 - pdf_extractor - INFO - Extraídos 33 registros das tabelas na página 255
2025-06-08 13:33:05,702 - pdf_extractor - INFO - Competência encontrada na página 256 com padrão 1: 06/2024
2025-06-08 13:33:05,704 - pdf_extractor - INFO - Competência encontrada no texto: 06/2024
2025-06-08 13:33:05,704 - pdf_extractor - WARNING - Nenhum dado extraído do texto na página 256
2025-06-08 13:33:05,939 - pdf_extractor - INFO - Competência encontrada na página 257 com padrão 1: 07/2024
2025-06-08 13:33:06,039 - pdf_extractor - INFO - Extraídos 35 registros das tabelas na página 257
2025-06-08 13:33:06,265 - pdf_extractor - INFO - Competência encontrada na página 258 com padrão 1: 07/2024
2025-06-08 13:33:06,354 - pdf_extractor - INFO - Extraídos 34 registros das tabelas na página 258
2025-06-08 13:33:06,575 - pdf_extractor - INFO - Competência encontrada na página 259 com padrão 1: 07/2024
2025-06-08 13:33:06,666 - pdf_extractor - INFO - Extraídos 34 registros das tabelas na página 259
2025-06-08 13:33:06,900 - pdf_extractor - INFO - Competência encontrada na página 260 com padrão 1: 07/2024
2025-06-08 13:33:07,024 - pdf_extractor - INFO - Extraídos 35 registros das tabelas na página 260
2025-06-08 13:33:07,268 - pdf_extractor - INFO - Competência encontrada na página 261 com padrão 1: 07/2024
2025-06-08 13:33:07,405 - pdf_extractor - INFO - Encontrado tomador '50 BATALHÃO DE INFANTARIA': 50 BATALHÃO DE INFANTARIA DE
2025-06-08 13:33:07,405 - pdf_extractor - INFO - Encontrado tomador '50 BATALHÃO DE INFANTARIA': 50 BATALHÃO DE INFANTARIA DE
2025-06-08 13:33:07,406 - pdf_extractor - INFO - Extraídos 34 registros das tabelas na página 261
2025-06-08 13:33:07,642 - pdf_extractor - INFO - Competência encontrada na página 262 com padrão 1: 07/2024
2025-06-08 13:33:07,755 - pdf_extractor - INFO - Extraídos 35 registros das tabelas na página 262
2025-06-08 13:33:07,997 - pdf_extractor - INFO - Competência encontrada na página 263 com padrão 1: 07/2024
2025-06-08 13:33:08,126 - pdf_extractor - INFO - Extraídos 34 registros das tabelas na página 263
2025-06-08 13:33:08,367 - pdf_extractor - INFO - Competência encontrada na página 264 com padrão 1: 07/2024
2025-06-08 13:33:08,466 - pdf_extractor - INFO - Extraídos 35 registros das tabelas na página 264
2025-06-08 13:33:08,684 - pdf_extractor - INFO - Competência encontrada na página 265 com padrão 1: 07/2024
2025-06-08 13:33:08,773 - pdf_extractor - INFO - Extraídos 34 registros das tabelas na página 265
2025-06-08 13:33:08,988 - pdf_extractor - INFO - Competência encontrada na página 266 com padrão 1: 07/2024
2025-06-08 13:33:09,079 - pdf_extractor - INFO - Extraídos 33 registros das tabelas na página 266
2025-06-08 13:33:09,111 - pdf_extractor - INFO - Competência encontrada na página 267 com padrão 1: 07/2024
2025-06-08 13:33:09,115 - pdf_extractor - INFO - Extraídos 2 registros das tabelas na página 267
2025-06-08 13:33:09,358 - pdf_extractor - INFO - Competência encontrada na página 268 com padrão 1: 08/2024
2025-06-08 13:33:09,473 - pdf_extractor - INFO - Extraídos 34 registros das tabelas na página 268
2025-06-08 13:33:09,717 - pdf_extractor - INFO - Competência encontrada na página 269 com padrão 1: 08/2024
2025-06-08 13:33:09,829 - pdf_extractor - INFO - Extraídos 34 registros das tabelas na página 269
2025-06-08 13:33:10,070 - pdf_extractor - INFO - Competência encontrada na página 270 com padrão 1: 08/2024
2025-06-08 13:33:10,178 - pdf_extractor - INFO - Extraídos 35 registros das tabelas na página 270
2025-06-08 13:33:10,432 - pdf_extractor - INFO - Competência encontrada na página 271 com padrão 1: 08/2024
2025-06-08 13:33:10,539 - pdf_extractor - INFO - Extraídos 34 registros das tabelas na página 271
2025-06-08 13:33:10,770 - pdf_extractor - INFO - Competência encontrada na página 272 com padrão 1: 08/2024
2025-06-08 13:33:10,874 - pdf_extractor - INFO - Extraídos 35 registros das tabelas na página 272
2025-06-08 13:33:11,099 - pdf_extractor - INFO - Competência encontrada na página 273 com padrão 1: 08/2024
2025-06-08 13:33:11,191 - pdf_extractor - INFO - Encontrado tomador '50 BATALHÃO DE INFANTARIA': 50 BATALHÃO DE INFANTARIA DE
2025-06-08 13:33:11,192 - pdf_extractor - INFO - Encontrado tomador '50 BATALHÃO DE INFANTARIA': 50 BATALHÃO DE INFANTARIA DE
2025-06-08 13:33:11,192 - pdf_extractor - INFO - Encontrado tomador '50 BATALHÃO DE INFANTARIA': 50 BATALHÃO DE INFANTARIA DE
2025-06-08 13:33:11,192 - pdf_extractor - INFO - Encontrado tomador '50 BATALHÃO DE INFANTARIA': 50 BATALHÃO DE INFANTARIA DE
2025-06-08 13:33:11,192 - pdf_extractor - INFO - Encontrado tomador '50 BATALHÃO DE INFANTARIA': 50 BATALHÃO DE INFANTARIA DE
2025-06-08 13:33:11,193 - pdf_extractor - INFO - Extraídos 34 registros das tabelas na página 273
2025-06-08 13:33:11,413 - pdf_extractor - INFO - Competência encontrada na página 274 com padrão 1: 08/2024
2025-06-08 13:33:11,511 - pdf_extractor - INFO - Extraídos 34 registros das tabelas na página 274
2025-06-08 13:33:12,975 - pdf_extractor - INFO - Competência encontrada na página 275 com padrão 1: 08/2024
2025-06-08 13:33:13,083 - pdf_extractor - INFO - Extraídos 35 registros das tabelas na página 275
2025-06-08 13:33:13,307 - pdf_extractor - INFO - Competência encontrada na página 276 com padrão 1: 08/2024
2025-06-08 13:33:13,407 - pdf_extractor - INFO - Extraídos 34 registros das tabelas na página 276
2025-06-08 13:33:13,618 - pdf_extractor - INFO - Competência encontrada na página 277 com padrão 1: 08/2024
2025-06-08 13:33:13,707 - pdf_extractor - INFO - Extraídos 32 registros das tabelas na página 277
2025-06-08 13:33:13,723 - pdf_extractor - INFO - Competência encontrada na página 278 com padrão 1: 08/2024
2025-06-08 13:33:13,726 - pdf_extractor - INFO - Competência encontrada no texto: 08/2024
2025-06-08 13:33:13,726 - pdf_extractor - WARNING - Nenhum dado extraído do texto na página 278
2025-06-08 13:33:13,961 - pdf_extractor - INFO - Competência encontrada na página 279 com padrão 1: 09/2024
2025-06-08 13:33:14,063 - pdf_extractor - INFO - Extraídos 35 registros das tabelas na página 279
2025-06-08 13:33:14,296 - pdf_extractor - INFO - Competência encontrada na página 280 com padrão 1: 09/2024
2025-06-08 13:33:14,398 - pdf_extractor - INFO - Extraídos 34 registros das tabelas na página 280
2025-06-08 13:33:14,632 - pdf_extractor - INFO - Competência encontrada na página 281 com padrão 1: 09/2024
2025-06-08 13:33:14,755 - pdf_extractor - INFO - Extraídos 34 registros das tabelas na página 281
2025-06-08 13:33:14,995 - pdf_extractor - INFO - Competência encontrada na página 282 com padrão 1: 09/2024
2025-06-08 13:33:15,102 - pdf_extractor - INFO - Extraídos 34 registros das tabelas na página 282
2025-06-08 13:33:15,342 - pdf_extractor - INFO - Competência encontrada na página 283 com padrão 1: 09/2024
2025-06-08 13:33:15,469 - pdf_extractor - INFO - Extraídos 35 registros das tabelas na página 283
2025-06-08 13:33:15,724 - pdf_extractor - INFO - Competência encontrada na página 284 com padrão 1: 09/2024
2025-06-08 13:33:15,865 - pdf_extractor - INFO - Extraídos 34 registros das tabelas na página 284
2025-06-08 13:33:16,086 - pdf_extractor - INFO - Competência encontrada na página 285 com padrão 1: 09/2024
2025-06-08 13:33:16,183 - pdf_extractor - INFO - Encontrado tomador '50 BATALHÃO DE INFANTARIA': 50 BATALHÃO DE INFANTARIA DE
2025-06-08 13:33:16,183 - pdf_extractor - INFO - Encontrado tomador '50 BATALHÃO DE INFANTARIA': 50 BATALHÃO DE INFANTARIA DE
2025-06-08 13:33:16,184 - pdf_extractor - INFO - Extraídos 34 registros das tabelas na página 285
2025-06-08 13:33:16,414 - pdf_extractor - INFO - Competência encontrada na página 286 com padrão 1: 09/2024
2025-06-08 13:33:16,512 - pdf_extractor - INFO - Extraídos 35 registros das tabelas na página 286
2025-06-08 13:33:16,703 - pdf_extractor - INFO - Competência encontrada na página 287 com padrão 1: 09/2024
2025-06-08 13:33:16,773 - pdf_extractor - INFO - Extraídos 28 registros das tabelas na página 287
2025-06-08 13:33:17,015 - pdf_extractor - INFO - Competência encontrada na página 288 com padrão 1: 10/2024
2025-06-08 13:33:17,133 - pdf_extractor - WARNING - Não foi possível converter '%' para float.
2025-06-08 13:33:17,134 - pdf_extractor - INFO - Extraídos 35 registros das tabelas na página 288
2025-06-08 13:33:17,370 - pdf_extractor - INFO - Competência encontrada na página 289 com padrão 1: 10/2024
2025-06-08 13:33:17,483 - pdf_extractor - INFO - Extraídos 33 registros das tabelas na página 289
2025-06-08 13:33:17,726 - pdf_extractor - INFO - Competência encontrada na página 290 com padrão 1: 10/2024
2025-06-08 13:33:17,830 - pdf_extractor - INFO - Extraídos 35 registros das tabelas na página 290
2025-06-08 13:33:18,074 - pdf_extractor - INFO - Competência encontrada na página 291 com padrão 1: 10/2024
2025-06-08 13:33:18,207 - pdf_extractor - INFO - Extraídos 34 registros das tabelas na página 291
2025-06-08 13:33:18,442 - pdf_extractor - INFO - Competência encontrada na página 292 com padrão 1: 10/2024
2025-06-08 13:33:18,531 - pdf_extractor - INFO - Extraídos 34 registros das tabelas na página 292
2025-06-08 13:33:18,768 - pdf_extractor - INFO - Competência encontrada na página 293 com padrão 1: 10/2024
2025-06-08 13:33:18,874 - pdf_extractor - INFO - Extraídos 35 registros das tabelas na página 293
2025-06-08 13:33:19,091 - pdf_extractor - INFO - Competência encontrada na página 294 com padrão 1: 10/2024
2025-06-08 13:33:19,183 - pdf_extractor - INFO - Encontrado tomador '50 BATALHÃO DE INFANTARIA': 50 BATALHÃO DE INFANTARIA DE
2025-06-08 13:33:19,184 - pdf_extractor - INFO - Extraídos 34 registros das tabelas na página 294
2025-06-08 13:33:19,415 - pdf_extractor - INFO - Competência encontrada na página 295 com padrão 1: 10/2024
2025-06-08 13:33:19,527 - pdf_extractor - INFO - Extraídos 34 registros das tabelas na página 295
2025-06-08 13:33:19,760 - pdf_extractor - INFO - Competência encontrada na página 296 com padrão 1: 10/2024
2025-06-08 13:33:19,890 - pdf_extractor - INFO - Encontrado tomador '50 BATALHÃO DE INFANTARIA': 50 BATALHÃO DE INFANTARIA DE
2025-06-08 13:33:19,891 - pdf_extractor - INFO - Extraídos 35 registros das tabelas na página 296
2025-06-08 13:33:20,127 - pdf_extractor - INFO - Competência encontrada na página 297 com padrão 1: 10/2024
2025-06-08 13:33:20,246 - pdf_extractor - INFO - Extraídos 34 registros das tabelas na página 297
2025-06-08 13:33:20,344 - pdf_extractor - INFO - Competência encontrada na página 298 com padrão 1: 10/2024
2025-06-08 13:33:20,366 - pdf_extractor - INFO - Extraídos 10 registros das tabelas na página 298
2025-06-08 13:33:20,647 - pdf_extractor - INFO - Competência encontrada na página 299 com padrão 1: 11/2024
2025-06-08 13:33:20,767 - pdf_extractor - INFO - Extraídos 35 registros das tabelas na página 299
2025-06-08 13:33:21,004 - pdf_extractor - INFO - Competência encontrada na página 300 com padrão 1: 11/2024
2025-06-08 13:33:21,098 - pdf_extractor - INFO - Extraídos 34 registros das tabelas na página 300
2025-06-08 13:33:21,322 - pdf_extractor - INFO - Competência encontrada na página 301 com padrão 1: 11/2024
2025-06-08 13:33:21,414 - pdf_extractor - INFO - Extraídos 34 registros das tabelas na página 301
2025-06-08 13:33:21,639 - pdf_extractor - INFO - Competência encontrada na página 302 com padrão 1: 11/2024
2025-06-08 13:33:21,731 - pdf_extractor - INFO - Extraídos 34 registros das tabelas na página 302
2025-06-08 13:33:21,972 - pdf_extractor - INFO - Competência encontrada na página 303 com padrão 1: 11/2024
2025-06-08 13:33:22,111 - pdf_extractor - INFO - Extraídos 35 registros das tabelas na página 303
2025-06-08 13:33:22,350 - pdf_extractor - INFO - Competência encontrada na página 304 com padrão 1: 11/2024
2025-06-08 13:33:22,474 - pdf_extractor - INFO - Encontrado tomador '50 BATALHÃO DE INFANTARIA': 50 BATALHÃO DE INFANTARIA DE
2025-06-08 13:33:22,474 - pdf_extractor - INFO - Extraídos 34 registros das tabelas na página 304
2025-06-08 13:33:22,723 - pdf_extractor - INFO - Competência encontrada na página 305 com padrão 1: 11/2024
2025-06-08 13:33:22,827 - pdf_extractor - INFO - Extraídos 34 registros das tabelas na página 305
2025-06-08 13:33:23,081 - pdf_extractor - INFO - Competência encontrada na página 306 com padrão 1: 11/2024
2025-06-08 13:33:23,198 - pdf_extractor - INFO - Extraídos 34 registros das tabelas na página 306
2025-06-08 13:33:23,445 - pdf_extractor - INFO - Competência encontrada na página 307 com padrão 1: 11/2024
2025-06-08 13:33:23,541 - pdf_extractor - INFO - Extraídos 34 registros das tabelas na página 307
2025-06-08 13:33:23,700 - pdf_extractor - INFO - Competência encontrada na página 308 com padrão 1: 11/2024
2025-06-08 13:33:23,752 - pdf_extractor - INFO - Extraídos 22 registros das tabelas na página 308
2025-06-08 13:33:23,989 - pdf_extractor - INFO - Competência encontrada na página 309 com padrão 1: 12/2024
2025-06-08 13:33:24,098 - pdf_extractor - INFO - Extraídos 35 registros das tabelas na página 309
2025-06-08 13:33:24,321 - pdf_extractor - INFO - Competência encontrada na página 310 com padrão 1: 12/2024
2025-06-08 13:33:24,412 - pdf_extractor - INFO - Extraídos 34 registros das tabelas na página 310
2025-06-08 13:33:24,670 - pdf_extractor - INFO - Competência encontrada na página 311 com padrão 1: 12/2024
2025-06-08 13:33:24,794 - pdf_extractor - INFO - Extraídos 34 registros das tabelas na página 311
2025-06-08 13:33:25,040 - pdf_extractor - INFO - Competência encontrada na página 312 com padrão 1: 12/2024
2025-06-08 13:33:25,156 - pdf_extractor - INFO - Encontrado tomador '50 BATALHÃO DE INFANTARIA': 50 BATALHÃO DE INFANTARIA DE
2025-06-08 13:33:25,156 - pdf_extractor - INFO - Extraídos 34 registros das tabelas na página 312
2025-06-08 13:33:25,386 - pdf_extractor - INFO - Competência encontrada na página 313 com padrão 1: 12/2024
2025-06-08 13:33:25,495 - pdf_extractor - INFO - Extraídos 34 registros das tabelas na página 313
2025-06-08 13:33:25,731 - pdf_extractor - INFO - Competência encontrada na página 314 com padrão 1: 12/2024
2025-06-08 13:33:25,846 - pdf_extractor - INFO - Extraídos 35 registros das tabelas na página 314
2025-06-08 13:33:26,095 - pdf_extractor - INFO - Competência encontrada na página 315 com padrão 1: 12/2024
2025-06-08 13:33:26,193 - pdf_extractor - INFO - Extraídos 34 registros das tabelas na página 315
2025-06-08 13:33:26,427 - pdf_extractor - INFO - Competência encontrada na página 316 com padrão 1: 12/2024
2025-06-08 13:33:26,523 - pdf_extractor - INFO - Extraídos 35 registros das tabelas na página 316
2025-06-08 13:33:26,759 - pdf_extractor - INFO - Competência encontrada na página 317 com padrão 1: 12/2024
2025-06-08 13:33:26,863 - pdf_extractor - INFO - Encontrado tomador '50 BATALHÃO DE INFANTARIA': 50 BATALHÃO DE INFANTARIA DE
2025-06-08 13:33:26,864 - pdf_extractor - INFO - Extraídos 34 registros das tabelas na página 317
2025-06-08 13:33:27,112 - pdf_extractor - INFO - Competência encontrada na página 318 com padrão 1: 12/2024
2025-06-08 13:33:27,227 - pdf_extractor - INFO - Extraídos 34 registros das tabelas na página 318
2025-06-08 13:33:27,393 - pdf_extractor - INFO - Competência encontrada na página 319 com padrão 1: 12/2024
2025-06-08 13:33:27,450 - pdf_extractor - INFO - Extraídos 23 registros das tabelas na página 319
2025-06-08 13:33:27,487 - pdf_extractor - INFO - Competência encontrada na página 320 com padrão 4: 04/2025
2025-06-08 13:33:27,490 - pdf_extractor - INFO - Encontrado padrão específico 04/2025 no texto
2025-06-08 13:33:27,490 - pdf_extractor - INFO - Competência encontrada no texto: 04/2025
2025-06-08 13:33:27,490 - pdf_extractor - WARNING - Nenhum dado extraído do texto na página 320
2025-06-08 13:33:27,533 - pdf_extractor - INFO - Competência encontrada na página 321 com padrão 4: 04/2025
2025-06-08 13:33:27,537 - pdf_extractor - INFO - Encontrado padrão específico 04/2025 no texto
2025-06-08 13:33:27,538 - pdf_extractor - INFO - Competência encontrada no texto: 04/2025
2025-06-08 13:33:27,538 - pdf_extractor - WARNING - Nenhum dado extraído do texto na página 321
2025-06-08 13:33:27,574 - pdf_extractor - INFO - Competência encontrada na página 322 com padrão 4: 04/2025
2025-06-08 13:33:27,577 - pdf_extractor - INFO - Encontrado padrão específico 04/2025 no texto
2025-06-08 13:33:27,577 - pdf_extractor - INFO - Competência encontrada no texto: 04/2025
2025-06-08 13:33:27,577 - pdf_extractor - WARNING - Nenhum dado extraído do texto na página 322
2025-06-08 13:33:27,811 - pdf_extractor - INFO - Competência encontrada na página 323 com padrão 1: 01/2025
2025-06-08 13:33:27,915 - pdf_extractor - INFO - Extraídos 34 registros das tabelas na página 323
2025-06-08 13:33:28,152 - pdf_extractor - INFO - Competência encontrada na página 324 com padrão 1: 01/2025
2025-06-08 13:33:28,280 - pdf_extractor - INFO - Extraídos 34 registros das tabelas na página 324
2025-06-08 13:33:28,520 - pdf_extractor - INFO - Competência encontrada na página 325 com padrão 1: 01/2025
2025-06-08 13:33:28,617 - pdf_extractor - INFO - Encontrado tomador '50 BATALHÃO DE INFANTARIA': 50 BATALHÃO DE INFANTARIA DE
2025-06-08 13:33:28,617 - pdf_extractor - INFO - Encontrado tomador '50 BATALHÃO DE INFANTARIA': 50 BATALHÃO DE INFANTARIA DE
2025-06-08 13:33:28,618 - pdf_extractor - INFO - Extraídos 34 registros das tabelas na página 325
2025-06-08 13:33:28,836 - pdf_extractor - INFO - Competência encontrada na página 326 com padrão 1: 01/2025
2025-06-08 13:33:28,927 - pdf_extractor - INFO - Extraídos 33 registros das tabelas na página 326
2025-06-08 13:33:29,002 - pdf_extractor - INFO - Competência encontrada na página 327 com padrão 1: 01/2025
2025-06-08 13:33:29,014 - pdf_extractor - INFO - Extraídos 8 registros das tabelas na página 327
2025-06-08 13:33:30,716 - pdf_extractor - INFO - Competência encontrada na página 328 com padrão 1: 02/2025
2025-06-08 13:33:30,827 - pdf_extractor - INFO - Extraídos 33 registros das tabelas na página 328
2025-06-08 13:33:31,062 - pdf_extractor - INFO - Competência encontrada na página 329 com padrão 1: 02/2025
2025-06-08 13:33:31,161 - pdf_extractor - INFO - Encontrado tomador '50 BATALHÃO DE INFANTARIA': 50 BATALHÃO DE INFANTARIA DE
2025-06-08 13:33:31,162 - pdf_extractor - INFO - Encontrado tomador '50 BATALHÃO DE INFANTARIA': 50 BATALHÃO DE INFANTARIA DE
2025-06-08 13:33:31,162 - pdf_extractor - INFO - Encontrado tomador '50 BATALHÃO DE INFANTARIA': 50 BATALHÃO DE INFANTARIA DE
2025-06-08 13:33:31,162 - pdf_extractor - INFO - Extraídos 34 registros das tabelas na página 329
2025-06-08 13:33:31,301 - pdf_extractor - INFO - Competência encontrada na página 330 com padrão 1: 02/2025
2025-06-08 13:33:31,340 - pdf_extractor - INFO - Encontrado tomador '50 BATALHÃO DE INFANTARIA': 50 BATALHÃO DE INFANTARIA DE
2025-06-08 13:33:31,340 - pdf_extractor - INFO - Extraídos 19 registros das tabelas na página 330
2025-06-08 13:33:31,561 - pdf_extractor - INFO - Competência encontrada na página 331 com padrão 1: 03/2025
2025-06-08 13:33:31,652 - pdf_extractor - INFO - Extraídos 32 registros das tabelas na página 331
2025-06-08 13:33:31,744 - pdf_extractor - INFO - Competência encontrada na página 332 com padrão 1: 03/2025
2025-06-08 13:33:31,762 - pdf_extractor - INFO - Encontrado tomador '50 BATALHÃO DE INFANTARIA': 50 BATALHÃO DE INFANTARIA DE
2025-06-08 13:33:31,762 - pdf_extractor - INFO - Encontrado tomador '50 BATALHÃO DE INFANTARIA': 50 BATALHÃO DE INFANTARIA DE
2025-06-08 13:33:31,762 - pdf_extractor - INFO - Encontrado tomador '50 BATALHÃO DE INFANTARIA': 50 BATALHÃO DE INFANTARIA DE
2025-06-08 13:33:31,762 - pdf_extractor - INFO - Encontrado tomador '50 BATALHÃO DE INFANTARIA': 50 BATALHÃO DE INFANTARIA DE
2025-06-08 13:33:31,763 - pdf_extractor - INFO - Encontrado tomador '50 BATALHÃO DE INFANTARIA': 50 BATALHÃO DE INFANTARIA DE
2025-06-08 13:33:31,763 - pdf_extractor - INFO - Extraídos 11 registros das tabelas na página 332
2025-06-08 13:33:31,873 - pdf_extractor - INFO - Competência encontrada na página 333 com padrão 1: 04/2025
2025-06-08 13:33:31,899 - pdf_extractor - INFO - Extraídos 14 registros das tabelas na página 333
2025-06-08 13:33:31,935 - pdf_extractor - INFO - Competência encontrada na página 334 com padrão 4: 04/2025
2025-06-08 13:33:31,940 - pdf_extractor - INFO - Encontrado padrão específico 04/2025 no texto
2025-06-08 13:33:31,940 - pdf_extractor - INFO - Competência encontrada no texto: 04/2025
2025-06-08 13:33:31,940 - pdf_extractor - WARNING - Nenhum dado extraído do texto na página 334
2025-06-08 13:33:31,941 - pdfminer.pdfpage - WARNING - CropBox missing from /Page, defaulting to MediaBox
2025-06-08 13:33:31,941 - pdfminer.pdfpage - WARNING - CropBox missing from /Page, defaulting to MediaBox
2025-06-08 13:33:31,941 - pdfminer.pdfpage - WARNING - CropBox missing from /Page, defaulting to MediaBox
2025-06-08 13:33:31,941 - pdfminer.pdfpage - WARNING - CropBox missing from /Page, defaulting to MediaBox
2025-06-08 13:33:31,941 - pdfminer.pdfpage - WARNING - CropBox missing from /Page, defaulting to MediaBox
2025-06-08 13:33:31,942 - pdfminer.pdfpage - WARNING - CropBox missing from /Page, defaulting to MediaBox
2025-06-08 13:33:31,942 - pdfminer.pdfpage - WARNING - CropBox missing from /Page, defaulting to MediaBox
2025-06-08 13:33:31,942 - pdfminer.pdfpage - WARNING - CropBox missing from /Page, defaulting to MediaBox
2025-06-08 13:33:31,942 - pdfminer.pdfpage - WARNING - CropBox missing from /Page, defaulting to MediaBox
2025-06-08 13:33:31,942 - pdfminer.pdfpage - WARNING - CropBox missing from /Page, defaulting to MediaBox
2025-06-08 13:33:31,942 - pdfminer.pdfpage - WARNING - CropBox missing from /Page, defaulting to MediaBox
2025-06-08 13:33:31,942 - pdfminer.pdfpage - WARNING - CropBox missing from /Page, defaulting to MediaBox
2025-06-08 13:33:31,943 - pdfminer.pdfpage - WARNING - CropBox missing from /Page, defaulting to MediaBox
2025-06-08 13:33:31,943 - pdfminer.pdfpage - WARNING - CropBox missing from /Page, defaulting to MediaBox
2025-06-08 13:33:31,943 - pdfminer.pdfpage - WARNING - CropBox missing from /Page, defaulting to MediaBox
2025-06-08 13:33:31,943 - pdfminer.pdfpage - WARNING - CropBox missing from /Page, defaulting to MediaBox
2025-06-08 13:33:31,943 - pdfminer.pdfpage - WARNING - CropBox missing from /Page, defaulting to MediaBox
2025-06-08 13:33:31,944 - pdfminer.pdfpage - WARNING - CropBox missing from /Page, defaulting to MediaBox
2025-06-08 13:33:31,944 - pdfminer.pdfpage - WARNING - CropBox missing from /Page, defaulting to MediaBox
2025-06-08 13:33:31,944 - pdfminer.pdfpage - WARNING - CropBox missing from /Page, defaulting to MediaBox
2025-06-08 13:33:31,944 - pdfminer.pdfpage - WARNING - CropBox missing from /Page, defaulting to MediaBox
2025-06-08 13:33:31,944 - pdfminer.pdfpage - WARNING - CropBox missing from /Page, defaulting to MediaBox
2025-06-08 13:33:31,944 - pdfminer.pdfpage - WARNING - CropBox missing from /Page, defaulting to MediaBox
2025-06-08 13:33:31,945 - pdfminer.pdfpage - WARNING - CropBox missing from /Page, defaulting to MediaBox
2025-06-08 13:33:31,945 - pdfminer.pdfpage - WARNING - CropBox missing from /Page, defaulting to MediaBox
2025-06-08 13:33:31,945 - pdfminer.pdfpage - WARNING - CropBox missing from /Page, defaulting to MediaBox
2025-06-08 13:33:31,945 - pdfminer.pdfpage - WARNING - CropBox missing from /Page, defaulting to MediaBox
2025-06-08 13:33:31,945 - pdfminer.pdfpage - WARNING - CropBox missing from /Page, defaulting to MediaBox
2025-06-08 13:33:31,945 - pdfminer.pdfpage - WARNING - CropBox missing from /Page, defaulting to MediaBox
2025-06-08 13:33:31,946 - pdfminer.pdfpage - WARNING - CropBox missing from /Page, defaulting to MediaBox
2025-06-08 13:33:31,946 - pdfminer.pdfpage - WARNING - CropBox missing from /Page, defaulting to MediaBox
2025-06-08 13:33:31,946 - pdfminer.pdfpage - WARNING - CropBox missing from /Page, defaulting to MediaBox
2025-06-08 13:33:31,946 - pdfminer.pdfpage - WARNING - CropBox missing from /Page, defaulting to MediaBox
2025-06-08 13:33:31,946 - pdfminer.pdfpage - WARNING - CropBox missing from /Page, defaulting to MediaBox
2025-06-08 13:33:31,946 - pdfminer.pdfpage - WARNING - CropBox missing from /Page, defaulting to MediaBox
2025-06-08 13:33:31,947 - pdfminer.pdfpage - WARNING - CropBox missing from /Page, defaulting to MediaBox
2025-06-08 13:33:31,947 - pdfminer.pdfpage - WARNING - CropBox missing from /Page, defaulting to MediaBox
2025-06-08 13:33:31,947 - pdfminer.pdfpage - WARNING - CropBox missing from /Page, defaulting to MediaBox
2025-06-08 13:33:31,947 - pdfminer.pdfpage - WARNING - CropBox missing from /Page, defaulting to MediaBox
2025-06-08 13:33:31,947 - pdfminer.pdfpage - WARNING - CropBox missing from /Page, defaulting to MediaBox
2025-06-08 13:33:31,947 - pdfminer.pdfpage - WARNING - CropBox missing from /Page, defaulting to MediaBox
2025-06-08 13:33:31,948 - pdfminer.pdfpage - WARNING - CropBox missing from /Page, defaulting to MediaBox
2025-06-08 13:33:31,948 - pdfminer.pdfpage - WARNING - CropBox missing from /Page, defaulting to MediaBox
2025-06-08 13:33:31,948 - pdfminer.pdfpage - WARNING - CropBox missing from /Page, defaulting to MediaBox
2025-06-08 13:33:31,948 - pdfminer.pdfpage - WARNING - CropBox missing from /Page, defaulting to MediaBox
2025-06-08 13:33:31,948 - pdfminer.pdfpage - WARNING - CropBox missing from /Page, defaulting to MediaBox
2025-06-08 13:33:31,948 - pdfminer.pdfpage - WARNING - CropBox missing from /Page, defaulting to MediaBox
2025-06-08 13:33:31,948 - pdfminer.pdfpage - WARNING - CropBox missing from /Page, defaulting to MediaBox
2025-06-08 13:33:31,949 - pdfminer.pdfpage - WARNING - CropBox missing from /Page, defaulting to MediaBox
2025-06-08 13:33:31,949 - pdfminer.pdfpage - WARNING - CropBox missing from /Page, defaulting to MediaBox
2025-06-08 13:33:31,949 - pdfminer.pdfpage - WARNING - CropBox missing from /Page, defaulting to MediaBox
2025-06-08 13:33:31,949 - pdfminer.pdfpage - WARNING - CropBox missing from /Page, defaulting to MediaBox
2025-06-08 13:33:31,949 - pdfminer.pdfpage - WARNING - CropBox missing from /Page, defaulting to MediaBox
2025-06-08 13:33:31,950 - pdfminer.pdfpage - WARNING - CropBox missing from /Page, defaulting to MediaBox
2025-06-08 13:33:31,950 - pdfminer.pdfpage - WARNING - CropBox missing from /Page, defaulting to MediaBox
2025-06-08 13:33:31,950 - pdfminer.pdfpage - WARNING - CropBox missing from /Page, defaulting to MediaBox
2025-06-08 13:33:31,950 - pdfminer.pdfpage - WARNING - CropBox missing from /Page, defaulting to MediaBox
2025-06-08 13:33:31,950 - pdfminer.pdfpage - WARNING - CropBox missing from /Page, defaulting to MediaBox
2025-06-08 13:33:31,950 - pdfminer.pdfpage - WARNING - CropBox missing from /Page, defaulting to MediaBox
2025-06-08 13:33:31,951 - pdfminer.pdfpage - WARNING - CropBox missing from /Page, defaulting to MediaBox
2025-06-08 13:33:31,951 - pdfminer.pdfpage - WARNING - CropBox missing from /Page, defaulting to MediaBox
2025-06-08 13:33:31,951 - pdfminer.pdfpage - WARNING - CropBox missing from /Page, defaulting to MediaBox
2025-06-08 13:33:31,951 - pdfminer.pdfpage - WARNING - CropBox missing from /Page, defaulting to MediaBox
2025-06-08 13:33:31,951 - pdfminer.pdfpage - WARNING - CropBox missing from /Page, defaulting to MediaBox
2025-06-08 13:33:31,952 - pdfminer.pdfpage - WARNING - CropBox missing from /Page, defaulting to MediaBox
2025-06-08 13:33:31,952 - pdfminer.pdfpage - WARNING - CropBox missing from /Page, defaulting to MediaBox
2025-06-08 13:33:31,952 - pdfminer.pdfpage - WARNING - CropBox missing from /Page, defaulting to MediaBox
2025-06-08 13:33:31,952 - pdfminer.pdfpage - WARNING - CropBox missing from /Page, defaulting to MediaBox
2025-06-08 13:33:31,952 - pdfminer.pdfpage - WARNING - CropBox missing from /Page, defaulting to MediaBox
2025-06-08 13:33:31,953 - pdfminer.pdfpage - WARNING - CropBox missing from /Page, defaulting to MediaBox
2025-06-08 13:33:31,953 - pdfminer.pdfpage - WARNING - CropBox missing from /Page, defaulting to MediaBox
2025-06-08 13:33:31,953 - pdfminer.pdfpage - WARNING - CropBox missing from /Page, defaulting to MediaBox
2025-06-08 13:33:31,953 - pdfminer.pdfpage - WARNING - CropBox missing from /Page, defaulting to MediaBox
2025-06-08 13:33:31,953 - pdfminer.pdfpage - WARNING - CropBox missing from /Page, defaulting to MediaBox
2025-06-08 13:33:31,953 - pdfminer.pdfpage - WARNING - CropBox missing from /Page, defaulting to MediaBox
2025-06-08 13:33:31,954 - pdfminer.pdfpage - WARNING - CropBox missing from /Page, defaulting to MediaBox
2025-06-08 13:33:31,954 - pdfminer.pdfpage - WARNING - CropBox missing from /Page, defaulting to MediaBox
2025-06-08 13:33:31,954 - pdfminer.pdfpage - WARNING - CropBox missing from /Page, defaulting to MediaBox
2025-06-08 13:33:31,954 - pdfminer.pdfpage - WARNING - CropBox missing from /Page, defaulting to MediaBox
2025-06-08 13:33:31,954 - pdfminer.pdfpage - WARNING - CropBox missing from /Page, defaulting to MediaBox
2025-06-08 13:33:31,954 - pdfminer.pdfpage - WARNING - CropBox missing from /Page, defaulting to MediaBox
2025-06-08 13:33:31,955 - pdfminer.pdfpage - WARNING - CropBox missing from /Page, defaulting to MediaBox
2025-06-08 13:33:31,955 - pdfminer.pdfpage - WARNING - CropBox missing from /Page, defaulting to MediaBox
2025-06-08 13:33:31,955 - pdfminer.pdfpage - WARNING - CropBox missing from /Page, defaulting to MediaBox
2025-06-08 13:33:31,955 - pdfminer.pdfpage - WARNING - CropBox missing from /Page, defaulting to MediaBox
2025-06-08 13:33:31,955 - pdfminer.pdfpage - WARNING - CropBox missing from /Page, defaulting to MediaBox
2025-06-08 13:33:31,956 - pdfminer.pdfpage - WARNING - CropBox missing from /Page, defaulting to MediaBox
2025-06-08 13:33:31,956 - pdfminer.pdfpage - WARNING - CropBox missing from /Page, defaulting to MediaBox
2025-06-08 13:33:31,956 - pdfminer.pdfpage - WARNING - CropBox missing from /Page, defaulting to MediaBox
2025-06-08 13:33:31,956 - pdfminer.pdfpage - WARNING - CropBox missing from /Page, defaulting to MediaBox
2025-06-08 13:33:31,956 - pdfminer.pdfpage - WARNING - CropBox missing from /Page, defaulting to MediaBox
2025-06-08 13:33:31,956 - pdfminer.pdfpage - WARNING - CropBox missing from /Page, defaulting to MediaBox
2025-06-08 13:33:31,957 - pdfminer.pdfpage - WARNING - CropBox missing from /Page, defaulting to MediaBox
2025-06-08 13:33:31,957 - pdfminer.pdfpage - WARNING - CropBox missing from /Page, defaulting to MediaBox
2025-06-08 13:33:31,957 - pdfminer.pdfpage - WARNING - CropBox missing from /Page, defaulting to MediaBox
2025-06-08 13:33:31,957 - pdfminer.pdfpage - WARNING - CropBox missing from /Page, defaulting to MediaBox
2025-06-08 13:33:31,957 - pdfminer.pdfpage - WARNING - CropBox missing from /Page, defaulting to MediaBox
2025-06-08 13:33:31,957 - pdfminer.pdfpage - WARNING - CropBox missing from /Page, defaulting to MediaBox
2025-06-08 13:33:31,958 - pdfminer.pdfpage - WARNING - CropBox missing from /Page, defaulting to MediaBox
2025-06-08 13:33:31,958 - pdfminer.pdfpage - WARNING - CropBox missing from /Page, defaulting to MediaBox
2025-06-08 13:33:31,958 - pdfminer.pdfpage - WARNING - CropBox missing from /Page, defaulting to MediaBox
2025-06-08 13:33:31,958 - pdfminer.pdfpage - WARNING - CropBox missing from /Page, defaulting to MediaBox
2025-06-08 13:33:31,958 - pdfminer.pdfpage - WARNING - CropBox missing from /Page, defaulting to MediaBox
2025-06-08 13:33:31,959 - pdfminer.pdfpage - WARNING - CropBox missing from /Page, defaulting to MediaBox
2025-06-08 13:33:31,959 - pdfminer.pdfpage - WARNING - CropBox missing from /Page, defaulting to MediaBox
2025-06-08 13:33:31,959 - pdfminer.pdfpage - WARNING - CropBox missing from /Page, defaulting to MediaBox
2025-06-08 13:33:31,959 - pdfminer.pdfpage - WARNING - CropBox missing from /Page, defaulting to MediaBox
2025-06-08 13:33:31,959 - pdfminer.pdfpage - WARNING - CropBox missing from /Page, defaulting to MediaBox
2025-06-08 13:33:31,959 - pdfminer.pdfpage - WARNING - CropBox missing from /Page, defaulting to MediaBox
2025-06-08 13:33:31,959 - pdfminer.pdfpage - WARNING - CropBox missing from /Page, defaulting to MediaBox
2025-06-08 13:33:31,960 - pdfminer.pdfpage - WARNING - CropBox missing from /Page, defaulting to MediaBox
2025-06-08 13:33:31,960 - pdfminer.pdfpage - WARNING - CropBox missing from /Page, defaulting to MediaBox
2025-06-08 13:33:31,960 - pdfminer.pdfpage - WARNING - CropBox missing from /Page, defaulting to MediaBox
2025-06-08 13:33:31,960 - pdfminer.pdfpage - WARNING - CropBox missing from /Page, defaulting to MediaBox
2025-06-08 13:33:31,960 - pdfminer.pdfpage - WARNING - CropBox missing from /Page, defaulting to MediaBox
2025-06-08 13:33:31,961 - pdfminer.pdfpage - WARNING - CropBox missing from /Page, defaulting to MediaBox
2025-06-08 13:33:31,961 - pdfminer.pdfpage - WARNING - CropBox missing from /Page, defaulting to MediaBox
2025-06-08 13:33:31,961 - pdfminer.pdfpage - WARNING - CropBox missing from /Page, defaulting to MediaBox
2025-06-08 13:33:31,961 - pdfminer.pdfpage - WARNING - CropBox missing from /Page, defaulting to MediaBox
2025-06-08 13:33:31,961 - pdfminer.pdfpage - WARNING - CropBox missing from /Page, defaulting to MediaBox
2025-06-08 13:33:31,962 - pdfminer.pdfpage - WARNING - CropBox missing from /Page, defaulting to MediaBox
2025-06-08 13:33:31,962 - pdfminer.pdfpage - WARNING - CropBox missing from /Page, defaulting to MediaBox
2025-06-08 13:33:31,962 - pdfminer.pdfpage - WARNING - CropBox missing from /Page, defaulting to MediaBox
2025-06-08 13:33:31,962 - pdfminer.pdfpage - WARNING - CropBox missing from /Page, defaulting to MediaBox
2025-06-08 13:33:31,962 - pdfminer.pdfpage - WARNING - CropBox missing from /Page, defaulting to MediaBox
2025-06-08 13:33:31,963 - pdfminer.pdfpage - WARNING - CropBox missing from /Page, defaulting to MediaBox
2025-06-08 13:33:31,963 - pdfminer.pdfpage - WARNING - CropBox missing from /Page, defaulting to MediaBox
2025-06-08 13:33:31,963 - pdfminer.pdfpage - WARNING - CropBox missing from /Page, defaulting to MediaBox
2025-06-08 13:33:31,963 - pdfminer.pdfpage - WARNING - CropBox missing from /Page, defaulting to MediaBox
2025-06-08 13:33:31,963 - pdfminer.pdfpage - WARNING - CropBox missing from /Page, defaulting to MediaBox
2025-06-08 13:33:31,963 - pdfminer.pdfpage - WARNING - CropBox missing from /Page, defaulting to MediaBox
2025-06-08 13:33:31,963 - pdfminer.pdfpage - WARNING - CropBox missing from /Page, defaulting to MediaBox
2025-06-08 13:33:31,964 - pdfminer.pdfpage - WARNING - CropBox missing from /Page, defaulting to MediaBox
2025-06-08 13:33:31,964 - pdfminer.pdfpage - WARNING - CropBox missing from /Page, defaulting to MediaBox
2025-06-08 13:33:31,964 - pdfminer.pdfpage - WARNING - CropBox missing from /Page, defaulting to MediaBox
2025-06-08 13:33:31,964 - pdfminer.pdfpage - WARNING - CropBox missing from /Page, defaulting to MediaBox
2025-06-08 13:33:31,964 - pdfminer.pdfpage - WARNING - CropBox missing from /Page, defaulting to MediaBox
2025-06-08 13:33:31,964 - pdfminer.pdfpage - WARNING - CropBox missing from /Page, defaulting to MediaBox
2025-06-08 13:33:31,965 - pdfminer.pdfpage - WARNING - CropBox missing from /Page, defaulting to MediaBox
2025-06-08 13:33:31,965 - pdfminer.pdfpage - WARNING - CropBox missing from /Page, defaulting to MediaBox
2025-06-08 13:33:31,965 - pdfminer.pdfpage - WARNING - CropBox missing from /Page, defaulting to MediaBox
2025-06-08 13:33:31,965 - pdfminer.pdfpage - WARNING - CropBox missing from /Page, defaulting to MediaBox
2025-06-08 13:33:31,965 - pdfminer.pdfpage - WARNING - CropBox missing from /Page, defaulting to MediaBox
2025-06-08 13:33:31,966 - pdfminer.pdfpage - WARNING - CropBox missing from /Page, defaulting to MediaBox
2025-06-08 13:33:31,966 - pdfminer.pdfpage - WARNING - CropBox missing from /Page, defaulting to MediaBox
2025-06-08 13:33:31,966 - pdfminer.pdfpage - WARNING - CropBox missing from /Page, defaulting to MediaBox
2025-06-08 13:33:31,966 - pdfminer.pdfpage - WARNING - CropBox missing from /Page, defaulting to MediaBox
2025-06-08 13:33:31,966 - pdfminer.pdfpage - WARNING - CropBox missing from /Page, defaulting to MediaBox
2025-06-08 13:33:31,967 - pdfminer.pdfpage - WARNING - CropBox missing from /Page, defaulting to MediaBox
2025-06-08 13:33:31,967 - pdfminer.pdfpage - WARNING - CropBox missing from /Page, defaulting to MediaBox
2025-06-08 13:33:31,967 - pdfminer.pdfpage - WARNING - CropBox missing from /Page, defaulting to MediaBox
2025-06-08 13:33:31,967 - pdfminer.pdfpage - WARNING - CropBox missing from /Page, defaulting to MediaBox
2025-06-08 13:33:31,967 - pdfminer.pdfpage - WARNING - CropBox missing from /Page, defaulting to MediaBox
2025-06-08 13:33:31,967 - pdfminer.pdfpage - WARNING - CropBox missing from /Page, defaulting to MediaBox
2025-06-08 13:33:31,968 - pdfminer.pdfpage - WARNING - CropBox missing from /Page, defaulting to MediaBox
2025-06-08 13:33:31,968 - pdfminer.pdfpage - WARNING - CropBox missing from /Page, defaulting to MediaBox
2025-06-08 13:33:31,968 - pdfminer.pdfpage - WARNING - CropBox missing from /Page, defaulting to MediaBox
2025-06-08 13:33:31,968 - pdfminer.pdfpage - WARNING - CropBox missing from /Page, defaulting to MediaBox
2025-06-08 13:33:31,968 - pdfminer.pdfpage - WARNING - CropBox missing from /Page, defaulting to MediaBox
2025-06-08 13:33:31,968 - pdfminer.pdfpage - WARNING - CropBox missing from /Page, defaulting to MediaBox
2025-06-08 13:33:31,969 - pdfminer.pdfpage - WARNING - CropBox missing from /Page, defaulting to MediaBox
2025-06-08 13:33:31,969 - pdfminer.pdfpage - WARNING - CropBox missing from /Page, defaulting to MediaBox
2025-06-08 13:33:31,969 - pdfminer.pdfpage - WARNING - CropBox missing from /Page, defaulting to MediaBox
2025-06-08 13:33:31,969 - pdfminer.pdfpage - WARNING - CropBox missing from /Page, defaulting to MediaBox
2025-06-08 13:33:31,969 - pdfminer.pdfpage - WARNING - CropBox missing from /Page, defaulting to MediaBox
2025-06-08 13:33:31,970 - pdfminer.pdfpage - WARNING - CropBox missing from /Page, defaulting to MediaBox
2025-06-08 13:33:31,970 - pdfminer.pdfpage - WARNING - CropBox missing from /Page, defaulting to MediaBox
2025-06-08 13:33:31,970 - pdfminer.pdfpage - WARNING - CropBox missing from /Page, defaulting to MediaBox
2025-06-08 13:33:31,970 - pdfminer.pdfpage - WARNING - CropBox missing from /Page, defaulting to MediaBox
2025-06-08 13:33:31,970 - pdfminer.pdfpage - WARNING - CropBox missing from /Page, defaulting to MediaBox
2025-06-08 13:33:31,970 - pdfminer.pdfpage - WARNING - CropBox missing from /Page, defaulting to MediaBox
2025-06-08 13:33:31,971 - pdfminer.pdfpage - WARNING - CropBox missing from /Page, defaulting to MediaBox
2025-06-08 13:33:31,971 - pdfminer.pdfpage - WARNING - CropBox missing from /Page, defaulting to MediaBox
2025-06-08 13:33:31,971 - pdfminer.pdfpage - WARNING - CropBox missing from /Page, defaulting to MediaBox
2025-06-08 13:33:31,971 - pdfminer.pdfpage - WARNING - CropBox missing from /Page, defaulting to MediaBox
2025-06-08 13:33:31,971 - pdfminer.pdfpage - WARNING - CropBox missing from /Page, defaulting to MediaBox
2025-06-08 13:33:31,971 - pdfminer.pdfpage - WARNING - CropBox missing from /Page, defaulting to MediaBox
2025-06-08 13:33:31,972 - pdfminer.pdfpage - WARNING - CropBox missing from /Page, defaulting to MediaBox
2025-06-08 13:33:31,972 - pdfminer.pdfpage - WARNING - CropBox missing from /Page, defaulting to MediaBox
2025-06-08 13:33:31,972 - pdfminer.pdfpage - WARNING - CropBox missing from /Page, defaulting to MediaBox
2025-06-08 13:33:31,972 - pdfminer.pdfpage - WARNING - CropBox missing from /Page, defaulting to MediaBox
2025-06-08 13:33:31,972 - pdfminer.pdfpage - WARNING - CropBox missing from /Page, defaulting to MediaBox
2025-06-08 13:33:31,972 - pdfminer.pdfpage - WARNING - CropBox missing from /Page, defaulting to MediaBox
2025-06-08 13:33:31,973 - pdfminer.pdfpage - WARNING - CropBox missing from /Page, defaulting to MediaBox
2025-06-08 13:33:31,973 - pdfminer.pdfpage - WARNING - CropBox missing from /Page, defaulting to MediaBox
2025-06-08 13:33:31,973 - pdfminer.pdfpage - WARNING - CropBox missing from /Page, defaulting to MediaBox
2025-06-08 13:33:31,973 - pdfminer.pdfpage - WARNING - CropBox missing from /Page, defaulting to MediaBox
2025-06-08 13:33:31,973 - pdfminer.pdfpage - WARNING - CropBox missing from /Page, defaulting to MediaBox
2025-06-08 13:33:31,974 - pdfminer.pdfpage - WARNING - CropBox missing from /Page, defaulting to MediaBox
2025-06-08 13:33:31,974 - pdfminer.pdfpage - WARNING - CropBox missing from /Page, defaulting to MediaBox
2025-06-08 13:33:31,974 - pdfminer.pdfpage - WARNING - CropBox missing from /Page, defaulting to MediaBox
2025-06-08 13:33:31,974 - pdfminer.pdfpage - WARNING - CropBox missing from /Page, defaulting to MediaBox
2025-06-08 13:33:31,974 - pdfminer.pdfpage - WARNING - CropBox missing from /Page, defaulting to MediaBox
2025-06-08 13:33:31,974 - pdfminer.pdfpage - WARNING - CropBox missing from /Page, defaulting to MediaBox
2025-06-08 13:33:31,975 - pdfminer.pdfpage - WARNING - CropBox missing from /Page, defaulting to MediaBox
2025-06-08 13:33:31,975 - pdfminer.pdfpage - WARNING - CropBox missing from /Page, defaulting to MediaBox
2025-06-08 13:33:31,975 - pdfminer.pdfpage - WARNING - CropBox missing from /Page, defaulting to MediaBox
2025-06-08 13:33:31,975 - pdfminer.pdfpage - WARNING - CropBox missing from /Page, defaulting to MediaBox
2025-06-08 13:33:31,975 - pdfminer.pdfpage - WARNING - CropBox missing from /Page, defaulting to MediaBox
2025-06-08 13:33:31,975 - pdfminer.pdfpage - WARNING - CropBox missing from /Page, defaulting to MediaBox
2025-06-08 13:33:31,975 - pdfminer.pdfpage - WARNING - CropBox missing from /Page, defaulting to MediaBox
2025-06-08 13:33:31,976 - pdfminer.pdfpage - WARNING - CropBox missing from /Page, defaulting to MediaBox
2025-06-08 13:33:31,976 - pdfminer.pdfpage - WARNING - CropBox missing from /Page, defaulting to MediaBox
2025-06-08 13:33:31,976 - pdfminer.pdfpage - WARNING - CropBox missing from /Page, defaulting to MediaBox
2025-06-08 13:33:31,976 - pdfminer.pdfpage - WARNING - CropBox missing from /Page, defaulting to MediaBox
2025-06-08 13:33:31,976 - pdfminer.pdfpage - WARNING - CropBox missing from /Page, defaulting to MediaBox
2025-06-08 13:33:31,977 - pdfminer.pdfpage - WARNING - CropBox missing from /Page, defaulting to MediaBox
2025-06-08 13:33:31,977 - pdfminer.pdfpage - WARNING - CropBox missing from /Page, defaulting to MediaBox
2025-06-08 13:33:31,977 - pdfminer.pdfpage - WARNING - CropBox missing from /Page, defaulting to MediaBox
2025-06-08 13:33:31,977 - pdfminer.pdfpage - WARNING - CropBox missing from /Page, defaulting to MediaBox
2025-06-08 13:33:31,977 - pdfminer.pdfpage - WARNING - CropBox missing from /Page, defaulting to MediaBox
2025-06-08 13:33:31,978 - pdfminer.pdfpage - WARNING - CropBox missing from /Page, defaulting to MediaBox
2025-06-08 13:33:31,978 - pdfminer.pdfpage - WARNING - CropBox missing from /Page, defaulting to MediaBox
2025-06-08 13:33:31,978 - pdfminer.pdfpage - WARNING - CropBox missing from /Page, defaulting to MediaBox
2025-06-08 13:33:31,978 - pdfminer.pdfpage - WARNING - CropBox missing from /Page, defaulting to MediaBox
2025-06-08 13:33:31,978 - pdfminer.pdfpage - WARNING - CropBox missing from /Page, defaulting to MediaBox
2025-06-08 13:33:31,978 - pdfminer.pdfpage - WARNING - CropBox missing from /Page, defaulting to MediaBox
2025-06-08 13:33:31,978 - pdfminer.pdfpage - WARNING - CropBox missing from /Page, defaulting to MediaBox
2025-06-08 13:33:31,979 - pdfminer.pdfpage - WARNING - CropBox missing from /Page, defaulting to MediaBox
2025-06-08 13:33:31,979 - pdfminer.pdfpage - WARNING - CropBox missing from /Page, defaulting to MediaBox
2025-06-08 13:33:31,979 - pdfminer.pdfpage - WARNING - CropBox missing from /Page, defaulting to MediaBox
2025-06-08 13:33:31,979 - pdfminer.pdfpage - WARNING - CropBox missing from /Page, defaulting to MediaBox
2025-06-08 13:33:31,979 - pdfminer.pdfpage - WARNING - CropBox missing from /Page, defaulting to MediaBox
2025-06-08 13:33:31,979 - pdfminer.pdfpage - WARNING - CropBox missing from /Page, defaulting to MediaBox
2025-06-08 13:33:31,979 - pdfminer.pdfpage - WARNING - CropBox missing from /Page, defaulting to MediaBox
2025-06-08 13:33:31,979 - pdfminer.pdfpage - WARNING - CropBox missing from /Page, defaulting to MediaBox
2025-06-08 13:33:31,980 - pdfminer.pdfpage - WARNING - CropBox missing from /Page, defaulting to MediaBox
2025-06-08 13:33:31,980 - pdfminer.pdfpage - WARNING - CropBox missing from /Page, defaulting to MediaBox
2025-06-08 13:33:31,980 - pdfminer.pdfpage - WARNING - CropBox missing from /Page, defaulting to MediaBox
2025-06-08 13:33:31,980 - pdfminer.pdfpage - WARNING - CropBox missing from /Page, defaulting to MediaBox
2025-06-08 13:33:31,981 - pdfminer.pdfpage - WARNING - CropBox missing from /Page, defaulting to MediaBox
2025-06-08 13:33:31,981 - pdfminer.pdfpage - WARNING - CropBox missing from /Page, defaulting to MediaBox
2025-06-08 13:33:31,981 - pdfminer.pdfpage - WARNING - CropBox missing from /Page, defaulting to MediaBox
2025-06-08 13:33:31,981 - pdfminer.pdfpage - WARNING - CropBox missing from /Page, defaulting to MediaBox
2025-06-08 13:33:31,982 - pdfminer.pdfpage - WARNING - CropBox missing from /Page, defaulting to MediaBox
2025-06-08 13:33:31,982 - pdfminer.pdfpage - WARNING - CropBox missing from /Page, defaulting to MediaBox
2025-06-08 13:33:31,982 - pdfminer.pdfpage - WARNING - CropBox missing from /Page, defaulting to MediaBox
2025-06-08 13:33:31,982 - pdfminer.pdfpage - WARNING - CropBox missing from /Page, defaulting to MediaBox
2025-06-08 13:33:31,982 - pdfminer.pdfpage - WARNING - CropBox missing from /Page, defaulting to MediaBox
2025-06-08 13:33:31,983 - pdfminer.pdfpage - WARNING - CropBox missing from /Page, defaulting to MediaBox
2025-06-08 13:33:31,983 - pdfminer.pdfpage - WARNING - CropBox missing from /Page, defaulting to MediaBox
2025-06-08 13:33:31,983 - pdfminer.pdfpage - WARNING - CropBox missing from /Page, defaulting to MediaBox
2025-06-08 13:33:31,983 - pdfminer.pdfpage - WARNING - CropBox missing from /Page, defaulting to MediaBox
2025-06-08 13:33:31,983 - pdfminer.pdfpage - WARNING - CropBox missing from /Page, defaulting to MediaBox
2025-06-08 13:33:31,983 - pdfminer.pdfpage - WARNING - CropBox missing from /Page, defaulting to MediaBox
2025-06-08 13:33:31,983 - pdfminer.pdfpage - WARNING - CropBox missing from /Page, defaulting to MediaBox
2025-06-08 13:33:31,983 - pdfminer.pdfpage - WARNING - CropBox missing from /Page, defaulting to MediaBox
2025-06-08 13:33:31,984 - pdfminer.pdfpage - WARNING - CropBox missing from /Page, defaulting to MediaBox
2025-06-08 13:33:31,984 - pdfminer.pdfpage - WARNING - CropBox missing from /Page, defaulting to MediaBox
2025-06-08 13:33:31,984 - pdfminer.pdfpage - WARNING - CropBox missing from /Page, defaulting to MediaBox
2025-06-08 13:33:31,984 - pdfminer.pdfpage - WARNING - CropBox missing from /Page, defaulting to MediaBox
2025-06-08 13:33:31,984 - pdfminer.pdfpage - WARNING - CropBox missing from /Page, defaulting to MediaBox
2025-06-08 13:33:31,984 - pdfminer.pdfpage - WARNING - CropBox missing from /Page, defaulting to MediaBox
2025-06-08 13:33:31,984 - pdfminer.pdfpage - WARNING - CropBox missing from /Page, defaulting to MediaBox
2025-06-08 13:33:31,985 - pdfminer.pdfpage - WARNING - CropBox missing from /Page, defaulting to MediaBox
2025-06-08 13:33:31,985 - pdfminer.pdfpage - WARNING - CropBox missing from /Page, defaulting to MediaBox
2025-06-08 13:33:31,985 - pdfminer.pdfpage - WARNING - CropBox missing from /Page, defaulting to MediaBox
2025-06-08 13:33:31,985 - pdfminer.pdfpage - WARNING - CropBox missing from /Page, defaulting to MediaBox
2025-06-08 13:33:31,985 - pdfminer.pdfpage - WARNING - CropBox missing from /Page, defaulting to MediaBox
2025-06-08 13:33:31,986 - pdfminer.pdfpage - WARNING - CropBox missing from /Page, defaulting to MediaBox
2025-06-08 13:33:31,986 - pdfminer.pdfpage - WARNING - CropBox missing from /Page, defaulting to MediaBox
2025-06-08 13:33:31,986 - pdfminer.pdfpage - WARNING - CropBox missing from /Page, defaulting to MediaBox
2025-06-08 13:33:31,986 - pdfminer.pdfpage - WARNING - CropBox missing from /Page, defaulting to MediaBox
2025-06-08 13:33:31,986 - pdfminer.pdfpage - WARNING - CropBox missing from /Page, defaulting to MediaBox
2025-06-08 13:33:31,987 - pdfminer.pdfpage - WARNING - CropBox missing from /Page, defaulting to MediaBox
2025-06-08 13:33:31,987 - pdfminer.pdfpage - WARNING - CropBox missing from /Page, defaulting to MediaBox
2025-06-08 13:33:31,987 - pdfminer.pdfpage - WARNING - CropBox missing from /Page, defaulting to MediaBox
2025-06-08 13:33:31,987 - pdfminer.pdfpage - WARNING - CropBox missing from /Page, defaulting to MediaBox
2025-06-08 13:33:31,987 - pdfminer.pdfpage - WARNING - CropBox missing from /Page, defaulting to MediaBox
2025-06-08 13:33:31,987 - pdfminer.pdfpage - WARNING - CropBox missing from /Page, defaulting to MediaBox
2025-06-08 13:33:31,987 - pdfminer.pdfpage - WARNING - CropBox missing from /Page, defaulting to MediaBox
2025-06-08 13:33:31,987 - pdfminer.pdfpage - WARNING - CropBox missing from /Page, defaulting to MediaBox
2025-06-08 13:33:31,988 - pdfminer.pdfpage - WARNING - CropBox missing from /Page, defaulting to MediaBox
2025-06-08 13:33:31,988 - pdfminer.pdfpage - WARNING - CropBox missing from /Page, defaulting to MediaBox
2025-06-08 13:33:31,988 - pdfminer.pdfpage - WARNING - CropBox missing from /Page, defaulting to MediaBox
2025-06-08 13:33:31,988 - pdfminer.pdfpage - WARNING - CropBox missing from /Page, defaulting to MediaBox
2025-06-08 13:33:31,988 - pdfminer.pdfpage - WARNING - CropBox missing from /Page, defaulting to MediaBox
2025-06-08 13:33:31,988 - pdfminer.pdfpage - WARNING - CropBox missing from /Page, defaulting to MediaBox
2025-06-08 13:33:31,988 - pdfminer.pdfpage - WARNING - CropBox missing from /Page, defaulting to MediaBox
2025-06-08 13:33:31,989 - pdfminer.pdfpage - WARNING - CropBox missing from /Page, defaulting to MediaBox
2025-06-08 13:33:31,989 - pdfminer.pdfpage - WARNING - CropBox missing from /Page, defaulting to MediaBox
2025-06-08 13:33:31,989 - pdfminer.pdfpage - WARNING - CropBox missing from /Page, defaulting to MediaBox
2025-06-08 13:33:31,989 - pdfminer.pdfpage - WARNING - CropBox missing from /Page, defaulting to MediaBox
2025-06-08 13:33:31,989 - pdfminer.pdfpage - WARNING - CropBox missing from /Page, defaulting to MediaBox
2025-06-08 13:33:31,989 - pdfminer.pdfpage - WARNING - CropBox missing from /Page, defaulting to MediaBox
2025-06-08 13:33:31,990 - pdfminer.pdfpage - WARNING - CropBox missing from /Page, defaulting to MediaBox
2025-06-08 13:33:31,990 - pdfminer.pdfpage - WARNING - CropBox missing from /Page, defaulting to MediaBox
2025-06-08 13:33:31,990 - pdfminer.pdfpage - WARNING - CropBox missing from /Page, defaulting to MediaBox
2025-06-08 13:33:31,990 - pdfminer.pdfpage - WARNING - CropBox missing from /Page, defaulting to MediaBox
2025-06-08 13:33:31,990 - pdfminer.pdfpage - WARNING - CropBox missing from /Page, defaulting to MediaBox
2025-06-08 13:33:31,990 - pdfminer.pdfpage - WARNING - CropBox missing from /Page, defaulting to MediaBox
2025-06-08 13:33:31,991 - pdfminer.pdfpage - WARNING - CropBox missing from /Page, defaulting to MediaBox
2025-06-08 13:33:31,991 - pdfminer.pdfpage - WARNING - CropBox missing from /Page, defaulting to MediaBox
2025-06-08 13:33:31,991 - pdfminer.pdfpage - WARNING - CropBox missing from /Page, defaulting to MediaBox
2025-06-08 13:33:31,991 - pdfminer.pdfpage - WARNING - CropBox missing from /Page, defaulting to MediaBox
2025-06-08 13:33:31,991 - pdfminer.pdfpage - WARNING - CropBox missing from /Page, defaulting to MediaBox
2025-06-08 13:33:31,991 - pdfminer.pdfpage - WARNING - CropBox missing from /Page, defaulting to MediaBox
2025-06-08 13:33:31,992 - pdfminer.pdfpage - WARNING - CropBox missing from /Page, defaulting to MediaBox
2025-06-08 13:33:31,992 - pdfminer.pdfpage - WARNING - CropBox missing from /Page, defaulting to MediaBox
2025-06-08 13:33:31,992 - pdfminer.pdfpage - WARNING - CropBox missing from /Page, defaulting to MediaBox
2025-06-08 13:33:31,992 - pdfminer.pdfpage - WARNING - CropBox missing from /Page, defaulting to MediaBox
2025-06-08 13:33:31,992 - pdfminer.pdfpage - WARNING - CropBox missing from /Page, defaulting to MediaBox
2025-06-08 13:33:31,992 - pdfminer.pdfpage - WARNING - CropBox missing from /Page, defaulting to MediaBox
2025-06-08 13:33:31,992 - pdfminer.pdfpage - WARNING - CropBox missing from /Page, defaulting to MediaBox
2025-06-08 13:33:31,993 - pdfminer.pdfpage - WARNING - CropBox missing from /Page, defaulting to MediaBox
2025-06-08 13:33:31,993 - pdfminer.pdfpage - WARNING - CropBox missing from /Page, defaulting to MediaBox
2025-06-08 13:33:31,993 - pdfminer.pdfpage - WARNING - CropBox missing from /Page, defaulting to MediaBox
2025-06-08 13:33:31,993 - pdfminer.pdfpage - WARNING - CropBox missing from /Page, defaulting to MediaBox
2025-06-08 13:33:31,993 - pdfminer.pdfpage - WARNING - CropBox missing from /Page, defaulting to MediaBox
2025-06-08 13:33:31,994 - pdfminer.pdfpage - WARNING - CropBox missing from /Page, defaulting to MediaBox
2025-06-08 13:33:31,994 - pdfminer.pdfpage - WARNING - CropBox missing from /Page, defaulting to MediaBox
2025-06-08 13:33:31,994 - pdfminer.pdfpage - WARNING - CropBox missing from /Page, defaulting to MediaBox
2025-06-08 13:33:31,994 - pdfminer.pdfpage - WARNING - CropBox missing from /Page, defaulting to MediaBox
2025-06-08 13:33:31,994 - pdfminer.pdfpage - WARNING - CropBox missing from /Page, defaulting to MediaBox
2025-06-08 13:33:31,995 - pdfminer.pdfpage - WARNING - CropBox missing from /Page, defaulting to MediaBox
2025-06-08 13:33:31,995 - pdfminer.pdfpage - WARNING - CropBox missing from /Page, defaulting to MediaBox
2025-06-08 13:33:31,995 - pdfminer.pdfpage - WARNING - CropBox missing from /Page, defaulting to MediaBox
2025-06-08 13:33:31,995 - pdfminer.pdfpage - WARNING - CropBox missing from /Page, defaulting to MediaBox
2025-06-08 13:33:31,995 - pdfminer.pdfpage - WARNING - CropBox missing from /Page, defaulting to MediaBox
2025-06-08 13:33:31,995 - pdfminer.pdfpage - WARNING - CropBox missing from /Page, defaulting to MediaBox
2025-06-08 13:33:31,996 - pdfminer.pdfpage - WARNING - CropBox missing from /Page, defaulting to MediaBox
2025-06-08 13:33:31,996 - pdfminer.pdfpage - WARNING - CropBox missing from /Page, defaulting to MediaBox
2025-06-08 13:33:31,996 - pdfminer.pdfpage - WARNING - CropBox missing from /Page, defaulting to MediaBox
2025-06-08 13:33:31,996 - pdfminer.pdfpage - WARNING - CropBox missing from /Page, defaulting to MediaBox
2025-06-08 13:33:31,996 - pdfminer.pdfpage - WARNING - CropBox missing from /Page, defaulting to MediaBox
2025-06-08 13:33:31,997 - pdfminer.pdfpage - WARNING - CropBox missing from /Page, defaulting to MediaBox
2025-06-08 13:33:31,997 - pdfminer.pdfpage - WARNING - CropBox missing from /Page, defaulting to MediaBox
2025-06-08 13:33:31,997 - pdfminer.pdfpage - WARNING - CropBox missing from /Page, defaulting to MediaBox
2025-06-08 13:33:31,997 - pdfminer.pdfpage - WARNING - CropBox missing from /Page, defaulting to MediaBox
2025-06-08 13:33:31,997 - pdfminer.pdfpage - WARNING - CropBox missing from /Page, defaulting to MediaBox
2025-06-08 13:33:31,998 - pdfminer.pdfpage - WARNING - CropBox missing from /Page, defaulting to MediaBox
2025-06-08 13:33:31,998 - pdfminer.pdfpage - WARNING - CropBox missing from /Page, defaulting to MediaBox
2025-06-08 13:33:31,998 - pdfminer.pdfpage - WARNING - CropBox missing from /Page, defaulting to MediaBox
2025-06-08 13:33:31,998 - pdfminer.pdfpage - WARNING - CropBox missing from /Page, defaulting to MediaBox
2025-06-08 13:33:31,999 - pdf_extractor - INFO - Extração concluída. 10259 notas fiscais encontradas.
2025-06-08 13:33:32,033 - data_processor - INFO - Iniciando processamento dos dados...
2025-06-08 13:33:32,035 - data_processor - INFO - Limpando nomes de tomador...
2025-06-08 13:33:32,039 - data_processor - INFO - Encontrados 90 registros com '50 BATALHÃO' no nome do tomador
2025-06-08 13:33:32,043 - data_processor - INFO - Corrigindo alíquota para 90 linhas com BATALHÃO DE INFANTARIA
2025-06-08 13:33:32,084 - data_processor - INFO - Após limpeza: 0 registros com '50 BATALHÃO' no nome do tomador
2025-06-08 13:33:32,094 - data_processor - INFO - Competências únicas encontradas: ['01/2022' '02/2022' '03/2022' '04/2022' '05/2022' '06/2022' '07/2022'
 '08/2022' '09/2022' '10/2022' '11/2022' '12/2022' '01/2023' '02/2023'
 '03/2023' '04/2023' '05/2023' '06/2023' '07/2023' '08/2023' '09/2023'
 '10/2023' '11/2023' '12/2023' '01/2024' '02/2024' '03/2024' '04/2024'
 '05/2024' '06/2024' '07/2024' '08/2024' '09/2024' '10/2024' '11/2024'
 '12/2024' '01/2025' '02/2025' '03/2025' '04/2025']
2025-06-08 13:33:32,094 - data_processor - INFO - Competência '01/2022' reconhecida com padrão '\b(\d{2})/(\d{4})\b': mês=1, ano=2022
2025-06-08 13:33:32,096 - data_processor - INFO - Atribuídos valores Mês=1, Ano=2022 para 388 linhas com competência '01/2022'
2025-06-08 13:33:32,096 - data_processor - INFO - Competência '02/2022' reconhecida com padrão '\b(\d{2})/(\d{4})\b': mês=2, ano=2022
2025-06-08 13:33:32,097 - data_processor - INFO - Atribuídos valores Mês=2, Ano=2022 para 256 linhas com competência '02/2022'
2025-06-08 13:33:32,098 - data_processor - INFO - Competência '03/2022' reconhecida com padrão '\b(\d{2})/(\d{4})\b': mês=3, ano=2022
2025-06-08 13:33:32,099 - data_processor - INFO - Atribuídos valores Mês=3, Ano=2022 para 207 linhas com competência '03/2022'
2025-06-08 13:33:32,099 - data_processor - INFO - Competência '04/2022' reconhecida com padrão '\b(\d{2})/(\d{4})\b': mês=4, ano=2022
2025-06-08 13:33:32,100 - data_processor - INFO - Atribuídos valores Mês=4, Ano=2022 para 155 linhas com competência '04/2022'
2025-06-08 13:33:32,101 - data_processor - INFO - Competência '05/2022' reconhecida com padrão '\b(\d{2})/(\d{4})\b': mês=5, ano=2022
2025-06-08 13:33:32,102 - data_processor - INFO - Atribuídos valores Mês=5, Ano=2022 para 204 linhas com competência '05/2022'
2025-06-08 13:33:32,102 - data_processor - INFO - Competência '06/2022' reconhecida com padrão '\b(\d{2})/(\d{4})\b': mês=6, ano=2022
2025-06-08 13:33:32,104 - data_processor - INFO - Atribuídos valores Mês=6, Ano=2022 para 228 linhas com competência '06/2022'
2025-06-08 13:33:32,104 - data_processor - INFO - Competência '07/2022' reconhecida com padrão '\b(\d{2})/(\d{4})\b': mês=7, ano=2022
2025-06-08 13:33:32,106 - data_processor - INFO - Atribuídos valores Mês=7, Ano=2022 para 261 linhas com competência '07/2022'
2025-06-08 13:33:32,106 - data_processor - INFO - Competência '08/2022' reconhecida com padrão '\b(\d{2})/(\d{4})\b': mês=8, ano=2022
2025-06-08 13:33:32,108 - data_processor - INFO - Atribuídos valores Mês=8, Ano=2022 para 301 linhas com competência '08/2022'
2025-06-08 13:33:32,108 - data_processor - INFO - Competência '09/2022' reconhecida com padrão '\b(\d{2})/(\d{4})\b': mês=9, ano=2022
2025-06-08 13:33:32,109 - data_processor - INFO - Atribuídos valores Mês=9, Ano=2022 para 286 linhas com competência '09/2022'
2025-06-08 13:33:32,110 - data_processor - INFO - Competência '10/2022' reconhecida com padrão '\b(\d{2})/(\d{4})\b': mês=10, ano=2022
2025-06-08 13:33:32,111 - data_processor - INFO - Atribuídos valores Mês=10, Ano=2022 para 222 linhas com competência '10/2022'
2025-06-08 13:33:32,112 - data_processor - INFO - Competência '11/2022' reconhecida com padrão '\b(\d{2})/(\d{4})\b': mês=11, ano=2022
2025-06-08 13:33:32,113 - data_processor - INFO - Atribuídos valores Mês=11, Ano=2022 para 110 linhas com competência '11/2022'
2025-06-08 13:33:32,114 - data_processor - INFO - Competência '12/2022' reconhecida com padrão '\b(\d{2})/(\d{4})\b': mês=12, ano=2022
2025-06-08 13:33:32,116 - data_processor - INFO - Atribuídos valores Mês=12, Ano=2022 para 318 linhas com competência '12/2022'
2025-06-08 13:33:32,116 - data_processor - INFO - Competência '01/2023' reconhecida com padrão '\b(\d{2})/(\d{4})\b': mês=1, ano=2023
2025-06-08 13:33:32,117 - data_processor - INFO - Atribuídos valores Mês=1, Ano=2023 para 237 linhas com competência '01/2023'
2025-06-08 13:33:32,117 - data_processor - INFO - Competência '02/2023' reconhecida com padrão '\b(\d{2})/(\d{4})\b': mês=2, ano=2023
2025-06-08 13:33:32,119 - data_processor - INFO - Atribuídos valores Mês=2, Ano=2023 para 228 linhas com competência '02/2023'
2025-06-08 13:33:32,119 - data_processor - INFO - Competência '03/2023' reconhecida com padrão '\b(\d{2})/(\d{4})\b': mês=3, ano=2023
2025-06-08 13:33:32,121 - data_processor - INFO - Atribuídos valores Mês=3, Ano=2023 para 276 linhas com competência '03/2023'
2025-06-08 13:33:32,121 - data_processor - INFO - Competência '04/2023' reconhecida com padrão '\b(\d{2})/(\d{4})\b': mês=4, ano=2023
2025-06-08 13:33:32,122 - data_processor - INFO - Atribuídos valores Mês=4, Ano=2023 para 264 linhas com competência '04/2023'
2025-06-08 13:33:32,123 - data_processor - INFO - Competência '05/2023' reconhecida com padrão '\b(\d{2})/(\d{4})\b': mês=5, ano=2023
2025-06-08 13:33:32,124 - data_processor - INFO - Atribuídos valores Mês=5, Ano=2023 para 247 linhas com competência '05/2023'
2025-06-08 13:33:32,124 - data_processor - INFO - Competência '06/2023' reconhecida com padrão '\b(\d{2})/(\d{4})\b': mês=6, ano=2023
2025-06-08 13:33:32,126 - data_processor - INFO - Atribuídos valores Mês=6, Ano=2023 para 246 linhas com competência '06/2023'
2025-06-08 13:33:32,126 - data_processor - INFO - Competência '07/2023' reconhecida com padrão '\b(\d{2})/(\d{4})\b': mês=7, ano=2023
2025-06-08 13:33:32,127 - data_processor - INFO - Atribuídos valores Mês=7, Ano=2023 para 234 linhas com competência '07/2023'
2025-06-08 13:33:32,128 - data_processor - INFO - Competência '08/2023' reconhecida com padrão '\b(\d{2})/(\d{4})\b': mês=8, ano=2023
2025-06-08 13:33:32,129 - data_processor - INFO - Atribuídos valores Mês=8, Ano=2023 para 224 linhas com competência '08/2023'
2025-06-08 13:33:32,130 - data_processor - INFO - Competência '09/2023' reconhecida com padrão '\b(\d{2})/(\d{4})\b': mês=9, ano=2023
2025-06-08 13:33:32,131 - data_processor - INFO - Atribuídos valores Mês=9, Ano=2023 para 256 linhas com competência '09/2023'
2025-06-08 13:33:32,131 - data_processor - INFO - Competência '10/2023' reconhecida com padrão '\b(\d{2})/(\d{4})\b': mês=10, ano=2023
2025-06-08 13:33:32,132 - data_processor - INFO - Atribuídos valores Mês=10, Ano=2023 para 317 linhas com competência '10/2023'
2025-06-08 13:33:32,133 - data_processor - INFO - Competência '11/2023' reconhecida com padrão '\b(\d{2})/(\d{4})\b': mês=11, ano=2023
2025-06-08 13:33:32,134 - data_processor - INFO - Atribuídos valores Mês=11, Ano=2023 para 306 linhas com competência '11/2023'
2025-06-08 13:33:32,134 - data_processor - INFO - Competência '12/2023' reconhecida com padrão '\b(\d{2})/(\d{4})\b': mês=12, ano=2023
2025-06-08 13:33:32,135 - data_processor - INFO - Atribuídos valores Mês=12, Ano=2023 para 315 linhas com competência '12/2023'
2025-06-08 13:33:32,135 - data_processor - INFO - Competência '01/2024' reconhecida com padrão '\b(\d{2})/(\d{4})\b': mês=1, ano=2024
2025-06-08 13:33:32,137 - data_processor - INFO - Atribuídos valores Mês=1, Ano=2024 para 302 linhas com competência '01/2024'
2025-06-08 13:33:32,137 - data_processor - INFO - Competência '02/2024' reconhecida com padrão '\b(\d{2})/(\d{4})\b': mês=2, ano=2024
2025-06-08 13:33:32,139 - data_processor - INFO - Atribuídos valores Mês=2, Ano=2024 para 297 linhas com competência '02/2024'
2025-06-08 13:33:32,140 - data_processor - INFO - Competência '03/2024' reconhecida com padrão '\b(\d{2})/(\d{4})\b': mês=3, ano=2024
2025-06-08 13:33:32,141 - data_processor - INFO - Atribuídos valores Mês=3, Ano=2024 para 348 linhas com competência '03/2024'
2025-06-08 13:33:32,141 - data_processor - INFO - Competência '04/2024' reconhecida com padrão '\b(\d{2})/(\d{4})\b': mês=4, ano=2024
2025-06-08 13:33:32,143 - data_processor - INFO - Atribuídos valores Mês=4, Ano=2024 para 289 linhas com competência '04/2024'
2025-06-08 13:33:32,143 - data_processor - INFO - Competência '05/2024' reconhecida com padrão '\b(\d{2})/(\d{4})\b': mês=5, ano=2024
2025-06-08 13:33:32,145 - data_processor - INFO - Atribuídos valores Mês=5, Ano=2024 para 341 linhas com competência '05/2024'
2025-06-08 13:33:32,145 - data_processor - INFO - Competência '06/2024' reconhecida com padrão '\b(\d{2})/(\d{4})\b': mês=6, ano=2024
2025-06-08 13:33:32,146 - data_processor - INFO - Atribuídos valores Mês=6, Ano=2024 para 272 linhas com competência '06/2024'
2025-06-08 13:33:32,147 - data_processor - INFO - Competência '07/2024' reconhecida com padrão '\b(\d{2})/(\d{4})\b': mês=7, ano=2024
2025-06-08 13:33:32,148 - data_processor - INFO - Atribuídos valores Mês=7, Ano=2024 para 345 linhas com competência '07/2024'
2025-06-08 13:33:32,149 - data_processor - INFO - Competência '08/2024' reconhecida com padrão '\b(\d{2})/(\d{4})\b': mês=8, ano=2024
2025-06-08 13:33:32,150 - data_processor - INFO - Atribuídos valores Mês=8, Ano=2024 para 341 linhas com competência '08/2024'
2025-06-08 13:33:32,150 - data_processor - INFO - Competência '09/2024' reconhecida com padrão '\b(\d{2})/(\d{4})\b': mês=9, ano=2024
2025-06-08 13:33:32,152 - data_processor - INFO - Atribuídos valores Mês=9, Ano=2024 para 303 linhas com competência '09/2024'
2025-06-08 13:33:32,152 - data_processor - INFO - Competência '10/2024' reconhecida com padrão '\b(\d{2})/(\d{4})\b': mês=10, ano=2024
2025-06-08 13:33:32,153 - data_processor - INFO - Atribuídos valores Mês=10, Ano=2024 para 353 linhas com competência '10/2024'
2025-06-08 13:33:32,154 - data_processor - INFO - Competência '11/2024' reconhecida com padrão '\b(\d{2})/(\d{4})\b': mês=11, ano=2024
2025-06-08 13:33:32,155 - data_processor - INFO - Atribuídos valores Mês=11, Ano=2024 para 330 linhas com competência '11/2024'
2025-06-08 13:33:32,155 - data_processor - INFO - Competência '12/2024' reconhecida com padrão '\b(\d{2})/(\d{4})\b': mês=12, ano=2024
2025-06-08 13:33:32,157 - data_processor - INFO - Atribuídos valores Mês=12, Ano=2024 para 366 linhas com competência '12/2024'
2025-06-08 13:33:32,157 - data_processor - INFO - Competência '01/2025' reconhecida com padrão '\b(\d{2})/(\d{4})\b': mês=1, ano=2025
2025-06-08 13:33:32,159 - data_processor - INFO - Atribuídos valores Mês=1, Ano=2025 para 143 linhas com competência '01/2025'
2025-06-08 13:33:32,159 - data_processor - INFO - Competência '02/2025' reconhecida com padrão '\b(\d{2})/(\d{4})\b': mês=2, ano=2025
2025-06-08 13:33:32,160 - data_processor - INFO - Atribuídos valores Mês=2, Ano=2025 para 86 linhas com competência '02/2025'
2025-06-08 13:33:32,160 - data_processor - INFO - Competência '03/2025' reconhecida com padrão '\b(\d{2})/(\d{4})\b': mês=3, ano=2025
2025-06-08 13:33:32,161 - data_processor - INFO - Atribuídos valores Mês=3, Ano=2025 para 43 linhas com competência '03/2025'
2025-06-08 13:33:32,161 - data_processor - INFO - Competência '04/2025' reconhecida com padrão '\b(\d{2})/(\d{4})\b': mês=4, ano=2025
2025-06-08 13:33:32,163 - data_processor - INFO - Atribuídos valores Mês=4, Ano=2025 para 14 linhas com competência '04/2025'
2025-06-08 13:33:32,164 - data_processor - INFO - Valores únicos de mês extraídos: [1.0 2.0 3.0 4.0 5.0 6.0 7.0 8.0 9.0 10.0 11.0 12.0]
2025-06-08 13:33:32,165 - data_processor - INFO - Valores únicos de ano extraídos: [2022.0 2023.0 2024.0 2025.0]
2025-06-08 13:33:32,166 - data_processor - INFO - Total de linhas com mês/ano atribuídos: 10259 de 10259
2025-06-08 13:33:32,181 - data_processor - INFO - Processamento de dados concluído.
2025-06-08 13:33:32,182 - main - INFO - Aplicando filtro: Ano=2024, Meses de 1 a 12
2025-06-08 13:33:32,188 - data_processor - INFO - Iniciando filtragem por competência: Ano=2024, Mês Inicial=1, Mês Final=12
2025-06-08 13:33:32,189 - data_processor - INFO - DataFrame original: 10259 linhas
2025-06-08 13:33:32,190 - data_processor - INFO - Competências únicas antes da filtragem: ['01/2022' '02/2022' '03/2022' '04/2022' '05/2022' '06/2022' '07/2022'
 '08/2022' '09/2022' '10/2022' '11/2022' '12/2022' '01/2023' '02/2023'
 '03/2023' '04/2023' '05/2023' '06/2023' '07/2023' '08/2023' '09/2023'
 '10/2023' '11/2023' '12/2023' '01/2024' '02/2024' '03/2024' '04/2024'
 '05/2024' '06/2024' '07/2024' '08/2024' '09/2024' '10/2024' '11/2024'
 '12/2024' '01/2025' '02/2025' '03/2025' '04/2025']
2025-06-08 13:33:32,191 - data_processor - INFO - Valores únicos de mês antes da filtragem: [1.0 2.0 3.0 4.0 5.0 6.0 7.0 8.0 9.0 10.0 11.0 12.0]
2025-06-08 13:33:32,191 - data_processor - INFO - Valores únicos de ano antes da filtragem: [2022.0 2023.0 2024.0 2025.0]
2025-06-08 13:33:32,193 - data_processor - INFO - Filtrando por intervalo de meses: de 1 a 12
2025-06-08 13:33:32,196 - data_processor - INFO - Após filtrar por intervalo de meses: 10259 linhas restantes
2025-06-08 13:33:32,196 - data_processor - INFO - Filtrando por ano: 2024
2025-06-08 13:33:32,197 - data_processor - INFO - Número de linhas com Ano=2024 antes da filtragem: 3887
2025-06-08 13:33:32,199 - data_processor - INFO - Após filtrar por ano=2024: 3887 linhas restantes
2025-06-08 13:33:32,199 - data_processor - INFO - Número de linhas após filtragem completa: 3887
2025-06-08 13:33:32,200 - data_processor - INFO - Competências únicas após filtragem: ['01/2024' '02/2024' '03/2024' '04/2024' '05/2024' '06/2024' '07/2024'
 '08/2024' '09/2024' '10/2024' '11/2024' '12/2024']
2025-06-08 13:33:32,200 - data_processor - INFO - Valores únicos de mês após filtragem: [1.0 2.0 3.0 4.0 5.0 6.0 7.0 8.0 9.0 10.0 11.0 12.0]
2025-06-08 13:33:32,201 - data_processor - INFO - Valores únicos de ano após filtragem: [2024.0]
2025-06-08 13:33:32,202 - main - INFO - Excluindo notas fiscais canceladas
2025-06-08 13:33:32,204 - excel_exporter - INFO - Iniciando exportação para Excel: C:\Users\Murilo\Desktop\PROJETOS\EasyPDF\output\2022_032025_20250608_133332.xlsx
2025-06-08 13:33:32,550 - excel_exporter - INFO - Criando dashboard de resumo: Resumo_NFSe
2025-06-08 13:33:33,812 - excel_exporter - INFO - Exportação para Excel concluída: C:\Users\Murilo\Desktop\PROJETOS\EasyPDF\output\2022_032025_20250608_133332.xlsx
2025-06-08 13:33:33,812 - main - INFO - Arquivo Excel gerado com sucesso: C:\Users\Murilo\Desktop\PROJETOS\EasyPDF\output\2022_032025_20250608_133332.xlsx
2025-06-08 13:38:23,781 - main - INFO - Processando arquivo PDF: C:/Users/Murilo/Desktop/PROJETOS/EasyPDF/input\2022_032025.pdf
2025-06-08 13:38:23,781 - pdf_extractor - INFO - Iniciando extração de dados do arquivo: C:/Users/Murilo/Desktop/PROJETOS/EasyPDF/input\2022_032025.pdf
2025-06-08 13:38:23,840 - pdfminer.pdfpage - WARNING - CropBox missing from /Page, defaulting to MediaBox
2025-06-08 13:38:23,840 - pdfminer.pdfpage - WARNING - CropBox missing from /Page, defaulting to MediaBox
2025-06-08 13:38:23,841 - pdfminer.pdfpage - WARNING - CropBox missing from /Page, defaulting to MediaBox
2025-06-08 13:38:23,841 - pdfminer.pdfpage - WARNING - CropBox missing from /Page, defaulting to MediaBox
2025-06-08 13:38:23,841 - pdfminer.pdfpage - WARNING - CropBox missing from /Page, defaulting to MediaBox
2025-06-08 13:38:23,841 - pdfminer.pdfpage - WARNING - CropBox missing from /Page, defaulting to MediaBox
2025-06-08 13:38:23,842 - pdfminer.pdfpage - WARNING - CropBox missing from /Page, defaulting to MediaBox
2025-06-08 13:38:23,842 - pdfminer.pdfpage - WARNING - CropBox missing from /Page, defaulting to MediaBox
2025-06-08 13:38:23,842 - pdfminer.pdfpage - WARNING - CropBox missing from /Page, defaulting to MediaBox
2025-06-08 13:38:23,842 - pdfminer.pdfpage - WARNING - CropBox missing from /Page, defaulting to MediaBox
2025-06-08 13:38:23,843 - pdfminer.pdfpage - WARNING - CropBox missing from /Page, defaulting to MediaBox
2025-06-08 13:38:23,843 - pdfminer.pdfpage - WARNING - CropBox missing from /Page, defaulting to MediaBox
2025-06-08 13:38:23,843 - pdfminer.pdfpage - WARNING - CropBox missing from /Page, defaulting to MediaBox
2025-06-08 13:38:23,843 - pdfminer.pdfpage - WARNING - CropBox missing from /Page, defaulting to MediaBox
2025-06-08 13:38:23,844 - pdfminer.pdfpage - WARNING - CropBox missing from /Page, defaulting to MediaBox
2025-06-08 13:38:23,844 - pdfminer.pdfpage - WARNING - CropBox missing from /Page, defaulting to MediaBox
2025-06-08 13:38:23,844 - pdfminer.pdfpage - WARNING - CropBox missing from /Page, defaulting to MediaBox
2025-06-08 13:38:23,844 - pdfminer.pdfpage - WARNING - CropBox missing from /Page, defaulting to MediaBox
2025-06-08 13:38:23,844 - pdfminer.pdfpage - WARNING - CropBox missing from /Page, defaulting to MediaBox
2025-06-08 13:38:23,845 - pdfminer.pdfpage - WARNING - CropBox missing from /Page, defaulting to MediaBox
2025-06-08 13:38:23,845 - pdfminer.pdfpage - WARNING - CropBox missing from /Page, defaulting to MediaBox
2025-06-08 13:38:23,845 - pdfminer.pdfpage - WARNING - CropBox missing from /Page, defaulting to MediaBox
2025-06-08 13:38:23,845 - pdfminer.pdfpage - WARNING - CropBox missing from /Page, defaulting to MediaBox
2025-06-08 13:38:23,845 - pdfminer.pdfpage - WARNING - CropBox missing from /Page, defaulting to MediaBox
2025-06-08 13:38:23,846 - pdfminer.pdfpage - WARNING - CropBox missing from /Page, defaulting to MediaBox
2025-06-08 13:38:23,846 - pdfminer.pdfpage - WARNING - CropBox missing from /Page, defaulting to MediaBox
2025-06-08 13:38:23,846 - pdfminer.pdfpage - WARNING - CropBox missing from /Page, defaulting to MediaBox
2025-06-08 13:38:23,846 - pdfminer.pdfpage - WARNING - CropBox missing from /Page, defaulting to MediaBox
2025-06-08 13:38:23,846 - pdfminer.pdfpage - WARNING - CropBox missing from /Page, defaulting to MediaBox
2025-06-08 13:38:23,847 - pdfminer.pdfpage - WARNING - CropBox missing from /Page, defaulting to MediaBox
2025-06-08 13:38:23,847 - pdfminer.pdfpage - WARNING - CropBox missing from /Page, defaulting to MediaBox
2025-06-08 13:38:23,847 - pdfminer.pdfpage - WARNING - CropBox missing from /Page, defaulting to MediaBox
2025-06-08 13:38:23,847 - pdfminer.pdfpage - WARNING - CropBox missing from /Page, defaulting to MediaBox
2025-06-08 13:38:23,847 - pdfminer.pdfpage - WARNING - CropBox missing from /Page, defaulting to MediaBox
2025-06-08 13:38:23,847 - pdfminer.pdfpage - WARNING - CropBox missing from /Page, defaulting to MediaBox
2025-06-08 13:38:23,848 - pdfminer.pdfpage - WARNING - CropBox missing from /Page, defaulting to MediaBox
2025-06-08 13:38:23,848 - pdfminer.pdfpage - WARNING - CropBox missing from /Page, defaulting to MediaBox
2025-06-08 13:38:23,848 - pdfminer.pdfpage - WARNING - CropBox missing from /Page, defaulting to MediaBox
2025-06-08 13:38:23,849 - pdfminer.pdfpage - WARNING - CropBox missing from /Page, defaulting to MediaBox
2025-06-08 13:38:23,849 - pdfminer.pdfpage - WARNING - CropBox missing from /Page, defaulting to MediaBox
2025-06-08 13:38:23,849 - pdfminer.pdfpage - WARNING - CropBox missing from /Page, defaulting to MediaBox
2025-06-08 13:38:23,849 - pdfminer.pdfpage - WARNING - CropBox missing from /Page, defaulting to MediaBox
2025-06-08 13:38:23,850 - pdfminer.pdfpage - WARNING - CropBox missing from /Page, defaulting to MediaBox
2025-06-08 13:38:23,850 - pdfminer.pdfpage - WARNING - CropBox missing from /Page, defaulting to MediaBox
2025-06-08 13:38:23,850 - pdfminer.pdfpage - WARNING - CropBox missing from /Page, defaulting to MediaBox
2025-06-08 13:38:23,850 - pdfminer.pdfpage - WARNING - CropBox missing from /Page, defaulting to MediaBox
2025-06-08 13:38:23,851 - pdfminer.pdfpage - WARNING - CropBox missing from /Page, defaulting to MediaBox
2025-06-08 13:38:23,851 - pdfminer.pdfpage - WARNING - CropBox missing from /Page, defaulting to MediaBox
2025-06-08 13:38:23,851 - pdfminer.pdfpage - WARNING - CropBox missing from /Page, defaulting to MediaBox
2025-06-08 13:38:23,851 - pdfminer.pdfpage - WARNING - CropBox missing from /Page, defaulting to MediaBox
2025-06-08 13:38:23,852 - pdfminer.pdfpage - WARNING - CropBox missing from /Page, defaulting to MediaBox
2025-06-08 13:38:23,852 - pdfminer.pdfpage - WARNING - CropBox missing from /Page, defaulting to MediaBox
2025-06-08 13:38:23,852 - pdfminer.pdfpage - WARNING - CropBox missing from /Page, defaulting to MediaBox
2025-06-08 13:38:23,852 - pdfminer.pdfpage - WARNING - CropBox missing from /Page, defaulting to MediaBox
2025-06-08 13:38:23,853 - pdfminer.pdfpage - WARNING - CropBox missing from /Page, defaulting to MediaBox
2025-06-08 13:38:23,853 - pdfminer.pdfpage - WARNING - CropBox missing from /Page, defaulting to MediaBox
2025-06-08 13:38:23,853 - pdfminer.pdfpage - WARNING - CropBox missing from /Page, defaulting to MediaBox
2025-06-08 13:38:23,853 - pdfminer.pdfpage - WARNING - CropBox missing from /Page, defaulting to MediaBox
2025-06-08 13:38:23,854 - pdfminer.pdfpage - WARNING - CropBox missing from /Page, defaulting to MediaBox
2025-06-08 13:38:23,854 - pdfminer.pdfpage - WARNING - CropBox missing from /Page, defaulting to MediaBox
2025-06-08 13:38:23,854 - pdfminer.pdfpage - WARNING - CropBox missing from /Page, defaulting to MediaBox
2025-06-08 13:38:23,854 - pdfminer.pdfpage - WARNING - CropBox missing from /Page, defaulting to MediaBox
2025-06-08 13:38:23,854 - pdfminer.pdfpage - WARNING - CropBox missing from /Page, defaulting to MediaBox
2025-06-08 13:38:23,855 - pdfminer.pdfpage - WARNING - CropBox missing from /Page, defaulting to MediaBox
2025-06-08 13:38:23,855 - pdfminer.pdfpage - WARNING - CropBox missing from /Page, defaulting to MediaBox
2025-06-08 13:38:23,855 - pdfminer.pdfpage - WARNING - CropBox missing from /Page, defaulting to MediaBox
2025-06-08 13:38:23,855 - pdfminer.pdfpage - WARNING - CropBox missing from /Page, defaulting to MediaBox
2025-06-08 13:38:23,856 - pdfminer.pdfpage - WARNING - CropBox missing from /Page, defaulting to MediaBox
2025-06-08 13:38:23,856 - pdfminer.pdfpage - WARNING - CropBox missing from /Page, defaulting to MediaBox
2025-06-08 13:38:23,856 - pdfminer.pdfpage - WARNING - CropBox missing from /Page, defaulting to MediaBox
2025-06-08 13:38:23,856 - pdfminer.pdfpage - WARNING - CropBox missing from /Page, defaulting to MediaBox
2025-06-08 13:38:23,857 - pdfminer.pdfpage - WARNING - CropBox missing from /Page, defaulting to MediaBox
2025-06-08 13:38:23,857 - pdfminer.pdfpage - WARNING - CropBox missing from /Page, defaulting to MediaBox
2025-06-08 13:38:23,857 - pdfminer.pdfpage - WARNING - CropBox missing from /Page, defaulting to MediaBox
2025-06-08 13:38:23,857 - pdfminer.pdfpage - WARNING - CropBox missing from /Page, defaulting to MediaBox
2025-06-08 13:38:23,858 - pdfminer.pdfpage - WARNING - CropBox missing from /Page, defaulting to MediaBox
2025-06-08 13:38:23,858 - pdfminer.pdfpage - WARNING - CropBox missing from /Page, defaulting to MediaBox
2025-06-08 13:38:23,858 - pdfminer.pdfpage - WARNING - CropBox missing from /Page, defaulting to MediaBox
2025-06-08 13:38:23,858 - pdfminer.pdfpage - WARNING - CropBox missing from /Page, defaulting to MediaBox
2025-06-08 13:38:23,859 - pdfminer.pdfpage - WARNING - CropBox missing from /Page, defaulting to MediaBox
2025-06-08 13:38:23,859 - pdfminer.pdfpage - WARNING - CropBox missing from /Page, defaulting to MediaBox
2025-06-08 13:38:23,859 - pdfminer.pdfpage - WARNING - CropBox missing from /Page, defaulting to MediaBox
2025-06-08 13:38:23,859 - pdfminer.pdfpage - WARNING - CropBox missing from /Page, defaulting to MediaBox
2025-06-08 13:38:23,860 - pdfminer.pdfpage - WARNING - CropBox missing from /Page, defaulting to MediaBox
2025-06-08 13:38:23,860 - pdfminer.pdfpage - WARNING - CropBox missing from /Page, defaulting to MediaBox
2025-06-08 13:38:23,860 - pdfminer.pdfpage - WARNING - CropBox missing from /Page, defaulting to MediaBox
2025-06-08 13:38:23,860 - pdfminer.pdfpage - WARNING - CropBox missing from /Page, defaulting to MediaBox
2025-06-08 13:38:23,861 - pdfminer.pdfpage - WARNING - CropBox missing from /Page, defaulting to MediaBox
2025-06-08 13:38:23,861 - pdfminer.pdfpage - WARNING - CropBox missing from /Page, defaulting to MediaBox
2025-06-08 13:38:23,861 - pdfminer.pdfpage - WARNING - CropBox missing from /Page, defaulting to MediaBox
2025-06-08 13:38:23,861 - pdfminer.pdfpage - WARNING - CropBox missing from /Page, defaulting to MediaBox
2025-06-08 13:38:23,861 - pdfminer.pdfpage - WARNING - CropBox missing from /Page, defaulting to MediaBox
2025-06-08 13:38:23,861 - pdfminer.pdfpage - WARNING - CropBox missing from /Page, defaulting to MediaBox
2025-06-08 13:38:23,862 - pdfminer.pdfpage - WARNING - CropBox missing from /Page, defaulting to MediaBox
2025-06-08 13:38:23,862 - pdfminer.pdfpage - WARNING - CropBox missing from /Page, defaulting to MediaBox
2025-06-08 13:38:23,862 - pdfminer.pdfpage - WARNING - CropBox missing from /Page, defaulting to MediaBox
2025-06-08 13:38:23,864 - pdfminer.pdfpage - WARNING - CropBox missing from /Page, defaulting to MediaBox
2025-06-08 13:38:23,864 - pdfminer.pdfpage - WARNING - CropBox missing from /Page, defaulting to MediaBox
2025-06-08 13:38:23,864 - pdfminer.pdfpage - WARNING - CropBox missing from /Page, defaulting to MediaBox
2025-06-08 13:38:23,865 - pdfminer.pdfpage - WARNING - CropBox missing from /Page, defaulting to MediaBox
2025-06-08 13:38:23,865 - pdfminer.pdfpage - WARNING - CropBox missing from /Page, defaulting to MediaBox
2025-06-08 13:38:23,865 - pdfminer.pdfpage - WARNING - CropBox missing from /Page, defaulting to MediaBox
2025-06-08 13:38:23,865 - pdfminer.pdfpage - WARNING - CropBox missing from /Page, defaulting to MediaBox
2025-06-08 13:38:23,865 - pdfminer.pdfpage - WARNING - CropBox missing from /Page, defaulting to MediaBox
2025-06-08 13:38:23,866 - pdfminer.pdfpage - WARNING - CropBox missing from /Page, defaulting to MediaBox
2025-06-08 13:38:23,866 - pdfminer.pdfpage - WARNING - CropBox missing from /Page, defaulting to MediaBox
2025-06-08 13:38:23,866 - pdfminer.pdfpage - WARNING - CropBox missing from /Page, defaulting to MediaBox
2025-06-08 13:38:23,866 - pdfminer.pdfpage - WARNING - CropBox missing from /Page, defaulting to MediaBox
2025-06-08 13:38:23,866 - pdfminer.pdfpage - WARNING - CropBox missing from /Page, defaulting to MediaBox
2025-06-08 13:38:23,867 - pdfminer.pdfpage - WARNING - CropBox missing from /Page, defaulting to MediaBox
2025-06-08 13:38:23,867 - pdfminer.pdfpage - WARNING - CropBox missing from /Page, defaulting to MediaBox
2025-06-08 13:38:23,867 - pdfminer.pdfpage - WARNING - CropBox missing from /Page, defaulting to MediaBox
2025-06-08 13:38:23,867 - pdfminer.pdfpage - WARNING - CropBox missing from /Page, defaulting to MediaBox
2025-06-08 13:38:23,867 - pdfminer.pdfpage - WARNING - CropBox missing from /Page, defaulting to MediaBox
2025-06-08 13:38:23,868 - pdfminer.pdfpage - WARNING - CropBox missing from /Page, defaulting to MediaBox
2025-06-08 13:38:23,868 - pdfminer.pdfpage - WARNING - CropBox missing from /Page, defaulting to MediaBox
2025-06-08 13:38:23,868 - pdfminer.pdfpage - WARNING - CropBox missing from /Page, defaulting to MediaBox
2025-06-08 13:38:23,868 - pdfminer.pdfpage - WARNING - CropBox missing from /Page, defaulting to MediaBox
2025-06-08 13:38:23,868 - pdfminer.pdfpage - WARNING - CropBox missing from /Page, defaulting to MediaBox
2025-06-08 13:38:23,868 - pdfminer.pdfpage - WARNING - CropBox missing from /Page, defaulting to MediaBox
2025-06-08 13:38:23,869 - pdfminer.pdfpage - WARNING - CropBox missing from /Page, defaulting to MediaBox
2025-06-08 13:38:23,869 - pdfminer.pdfpage - WARNING - CropBox missing from /Page, defaulting to MediaBox
2025-06-08 13:38:23,869 - pdfminer.pdfpage - WARNING - CropBox missing from /Page, defaulting to MediaBox
2025-06-08 13:38:23,869 - pdfminer.pdfpage - WARNING - CropBox missing from /Page, defaulting to MediaBox
2025-06-08 13:38:23,869 - pdfminer.pdfpage - WARNING - CropBox missing from /Page, defaulting to MediaBox
2025-06-08 13:38:23,869 - pdfminer.pdfpage - WARNING - CropBox missing from /Page, defaulting to MediaBox
2025-06-08 13:38:23,870 - pdfminer.pdfpage - WARNING - CropBox missing from /Page, defaulting to MediaBox
2025-06-08 13:38:23,870 - pdfminer.pdfpage - WARNING - CropBox missing from /Page, defaulting to MediaBox
2025-06-08 13:38:23,870 - pdfminer.pdfpage - WARNING - CropBox missing from /Page, defaulting to MediaBox
2025-06-08 13:38:23,870 - pdfminer.pdfpage - WARNING - CropBox missing from /Page, defaulting to MediaBox
2025-06-08 13:38:23,871 - pdfminer.pdfpage - WARNING - CropBox missing from /Page, defaulting to MediaBox
2025-06-08 13:38:23,871 - pdfminer.pdfpage - WARNING - CropBox missing from /Page, defaulting to MediaBox
2025-06-08 13:38:23,871 - pdfminer.pdfpage - WARNING - CropBox missing from /Page, defaulting to MediaBox
2025-06-08 13:38:23,871 - pdfminer.pdfpage - WARNING - CropBox missing from /Page, defaulting to MediaBox
2025-06-08 13:38:23,872 - pdfminer.pdfpage - WARNING - CropBox missing from /Page, defaulting to MediaBox
2025-06-08 13:38:23,872 - pdfminer.pdfpage - WARNING - CropBox missing from /Page, defaulting to MediaBox
2025-06-08 13:38:23,872 - pdfminer.pdfpage - WARNING - CropBox missing from /Page, defaulting to MediaBox
2025-06-08 13:38:23,872 - pdfminer.pdfpage - WARNING - CropBox missing from /Page, defaulting to MediaBox
2025-06-08 13:38:23,873 - pdfminer.pdfpage - WARNING - CropBox missing from /Page, defaulting to MediaBox
2025-06-08 13:38:23,873 - pdfminer.pdfpage - WARNING - CropBox missing from /Page, defaulting to MediaBox
2025-06-08 13:38:23,873 - pdfminer.pdfpage - WARNING - CropBox missing from /Page, defaulting to MediaBox
2025-06-08 13:38:23,873 - pdfminer.pdfpage - WARNING - CropBox missing from /Page, defaulting to MediaBox
2025-06-08 13:38:23,874 - pdfminer.pdfpage - WARNING - CropBox missing from /Page, defaulting to MediaBox
2025-06-08 13:38:23,874 - pdfminer.pdfpage - WARNING - CropBox missing from /Page, defaulting to MediaBox
2025-06-08 13:38:23,874 - pdfminer.pdfpage - WARNING - CropBox missing from /Page, defaulting to MediaBox
2025-06-08 13:38:23,874 - pdfminer.pdfpage - WARNING - CropBox missing from /Page, defaulting to MediaBox
2025-06-08 13:38:23,875 - pdfminer.pdfpage - WARNING - CropBox missing from /Page, defaulting to MediaBox
2025-06-08 13:38:23,875 - pdfminer.pdfpage - WARNING - CropBox missing from /Page, defaulting to MediaBox
2025-06-08 13:38:23,875 - pdfminer.pdfpage - WARNING - CropBox missing from /Page, defaulting to MediaBox
2025-06-08 13:38:23,875 - pdfminer.pdfpage - WARNING - CropBox missing from /Page, defaulting to MediaBox
2025-06-08 13:38:23,876 - pdfminer.pdfpage - WARNING - CropBox missing from /Page, defaulting to MediaBox
2025-06-08 13:38:23,876 - pdfminer.pdfpage - WARNING - CropBox missing from /Page, defaulting to MediaBox
2025-06-08 13:38:23,876 - pdfminer.pdfpage - WARNING - CropBox missing from /Page, defaulting to MediaBox
2025-06-08 13:38:23,876 - pdfminer.pdfpage - WARNING - CropBox missing from /Page, defaulting to MediaBox
2025-06-08 13:38:23,876 - pdfminer.pdfpage - WARNING - CropBox missing from /Page, defaulting to MediaBox
2025-06-08 13:38:23,877 - pdfminer.pdfpage - WARNING - CropBox missing from /Page, defaulting to MediaBox
2025-06-08 13:38:23,877 - pdfminer.pdfpage - WARNING - CropBox missing from /Page, defaulting to MediaBox
2025-06-08 13:38:23,877 - pdfminer.pdfpage - WARNING - CropBox missing from /Page, defaulting to MediaBox
2025-06-08 13:38:23,877 - pdfminer.pdfpage - WARNING - CropBox missing from /Page, defaulting to MediaBox
2025-06-08 13:38:23,877 - pdfminer.pdfpage - WARNING - CropBox missing from /Page, defaulting to MediaBox
2025-06-08 13:38:23,877 - pdfminer.pdfpage - WARNING - CropBox missing from /Page, defaulting to MediaBox
2025-06-08 13:38:23,878 - pdfminer.pdfpage - WARNING - CropBox missing from /Page, defaulting to MediaBox
2025-06-08 13:38:23,878 - pdfminer.pdfpage - WARNING - CropBox missing from /Page, defaulting to MediaBox
2025-06-08 13:38:23,878 - pdfminer.pdfpage - WARNING - CropBox missing from /Page, defaulting to MediaBox
2025-06-08 13:38:23,878 - pdfminer.pdfpage - WARNING - CropBox missing from /Page, defaulting to MediaBox
2025-06-08 13:38:23,878 - pdfminer.pdfpage - WARNING - CropBox missing from /Page, defaulting to MediaBox
2025-06-08 13:38:23,878 - pdfminer.pdfpage - WARNING - CropBox missing from /Page, defaulting to MediaBox
2025-06-08 13:38:23,879 - pdfminer.pdfpage - WARNING - CropBox missing from /Page, defaulting to MediaBox
2025-06-08 13:38:23,879 - pdfminer.pdfpage - WARNING - CropBox missing from /Page, defaulting to MediaBox
2025-06-08 13:38:23,879 - pdfminer.pdfpage - WARNING - CropBox missing from /Page, defaulting to MediaBox
2025-06-08 13:38:23,879 - pdfminer.pdfpage - WARNING - CropBox missing from /Page, defaulting to MediaBox
2025-06-08 13:38:23,880 - pdfminer.pdfpage - WARNING - CropBox missing from /Page, defaulting to MediaBox
2025-06-08 13:38:23,880 - pdfminer.pdfpage - WARNING - CropBox missing from /Page, defaulting to MediaBox
2025-06-08 13:38:23,880 - pdfminer.pdfpage - WARNING - CropBox missing from /Page, defaulting to MediaBox
2025-06-08 13:38:23,880 - pdfminer.pdfpage - WARNING - CropBox missing from /Page, defaulting to MediaBox
2025-06-08 13:38:23,881 - pdfminer.pdfpage - WARNING - CropBox missing from /Page, defaulting to MediaBox
2025-06-08 13:38:23,881 - pdfminer.pdfpage - WARNING - CropBox missing from /Page, defaulting to MediaBox
2025-06-08 13:38:23,881 - pdfminer.pdfpage - WARNING - CropBox missing from /Page, defaulting to MediaBox
2025-06-08 13:38:23,881 - pdfminer.pdfpage - WARNING - CropBox missing from /Page, defaulting to MediaBox
2025-06-08 13:38:23,881 - pdfminer.pdfpage - WARNING - CropBox missing from /Page, defaulting to MediaBox
2025-06-08 13:38:23,882 - pdfminer.pdfpage - WARNING - CropBox missing from /Page, defaulting to MediaBox
2025-06-08 13:38:23,882 - pdfminer.pdfpage - WARNING - CropBox missing from /Page, defaulting to MediaBox
2025-06-08 13:38:23,882 - pdfminer.pdfpage - WARNING - CropBox missing from /Page, defaulting to MediaBox
2025-06-08 13:38:23,882 - pdfminer.pdfpage - WARNING - CropBox missing from /Page, defaulting to MediaBox
2025-06-08 13:38:23,882 - pdfminer.pdfpage - WARNING - CropBox missing from /Page, defaulting to MediaBox
2025-06-08 13:38:23,883 - pdfminer.pdfpage - WARNING - CropBox missing from /Page, defaulting to MediaBox
2025-06-08 13:38:23,883 - pdfminer.pdfpage - WARNING - CropBox missing from /Page, defaulting to MediaBox
2025-06-08 13:38:23,883 - pdfminer.pdfpage - WARNING - CropBox missing from /Page, defaulting to MediaBox
2025-06-08 13:38:23,883 - pdfminer.pdfpage - WARNING - CropBox missing from /Page, defaulting to MediaBox
2025-06-08 13:38:23,883 - pdfminer.pdfpage - WARNING - CropBox missing from /Page, defaulting to MediaBox
2025-06-08 13:38:23,883 - pdfminer.pdfpage - WARNING - CropBox missing from /Page, defaulting to MediaBox
2025-06-08 13:38:23,884 - pdfminer.pdfpage - WARNING - CropBox missing from /Page, defaulting to MediaBox
2025-06-08 13:38:23,884 - pdfminer.pdfpage - WARNING - CropBox missing from /Page, defaulting to MediaBox
2025-06-08 13:38:23,884 - pdfminer.pdfpage - WARNING - CropBox missing from /Page, defaulting to MediaBox
2025-06-08 13:38:23,884 - pdfminer.pdfpage - WARNING - CropBox missing from /Page, defaulting to MediaBox
2025-06-08 13:38:23,884 - pdfminer.pdfpage - WARNING - CropBox missing from /Page, defaulting to MediaBox
2025-06-08 13:38:23,885 - pdfminer.pdfpage - WARNING - CropBox missing from /Page, defaulting to MediaBox
2025-06-08 13:38:23,886 - pdfminer.pdfpage - WARNING - CropBox missing from /Page, defaulting to MediaBox
2025-06-08 13:38:23,887 - pdfminer.pdfpage - WARNING - CropBox missing from /Page, defaulting to MediaBox
2025-06-08 13:38:23,887 - pdfminer.pdfpage - WARNING - CropBox missing from /Page, defaulting to MediaBox
2025-06-08 13:38:23,887 - pdfminer.pdfpage - WARNING - CropBox missing from /Page, defaulting to MediaBox
2025-06-08 13:38:23,887 - pdfminer.pdfpage - WARNING - CropBox missing from /Page, defaulting to MediaBox
2025-06-08 13:38:23,888 - pdfminer.pdfpage - WARNING - CropBox missing from /Page, defaulting to MediaBox
2025-06-08 13:38:23,888 - pdfminer.pdfpage - WARNING - CropBox missing from /Page, defaulting to MediaBox
2025-06-08 13:38:23,914 - pdfminer.pdfpage - WARNING - CropBox missing from /Page, defaulting to MediaBox
2025-06-08 13:38:23,914 - pdfminer.pdfpage - WARNING - CropBox missing from /Page, defaulting to MediaBox
2025-06-08 13:38:23,914 - pdfminer.pdfpage - WARNING - CropBox missing from /Page, defaulting to MediaBox
2025-06-08 13:38:23,915 - pdfminer.pdfpage - WARNING - CropBox missing from /Page, defaulting to MediaBox
2025-06-08 13:38:23,915 - pdfminer.pdfpage - WARNING - CropBox missing from /Page, defaulting to MediaBox
2025-06-08 13:38:23,915 - pdfminer.pdfpage - WARNING - CropBox missing from /Page, defaulting to MediaBox
2025-06-08 13:38:23,915 - pdfminer.pdfpage - WARNING - CropBox missing from /Page, defaulting to MediaBox
2025-06-08 13:38:23,915 - pdfminer.pdfpage - WARNING - CropBox missing from /Page, defaulting to MediaBox
2025-06-08 13:38:23,916 - pdfminer.pdfpage - WARNING - CropBox missing from /Page, defaulting to MediaBox
2025-06-08 13:38:23,916 - pdfminer.pdfpage - WARNING - CropBox missing from /Page, defaulting to MediaBox
2025-06-08 13:38:23,916 - pdfminer.pdfpage - WARNING - CropBox missing from /Page, defaulting to MediaBox
2025-06-08 13:38:23,916 - pdfminer.pdfpage - WARNING - CropBox missing from /Page, defaulting to MediaBox
2025-06-08 13:38:23,916 - pdfminer.pdfpage - WARNING - CropBox missing from /Page, defaulting to MediaBox
2025-06-08 13:38:23,916 - pdfminer.pdfpage - WARNING - CropBox missing from /Page, defaulting to MediaBox
2025-06-08 13:38:23,917 - pdfminer.pdfpage - WARNING - CropBox missing from /Page, defaulting to MediaBox
2025-06-08 13:38:23,917 - pdfminer.pdfpage - WARNING - CropBox missing from /Page, defaulting to MediaBox
2025-06-08 13:38:23,917 - pdfminer.pdfpage - WARNING - CropBox missing from /Page, defaulting to MediaBox
2025-06-08 13:38:23,918 - pdfminer.pdfpage - WARNING - CropBox missing from /Page, defaulting to MediaBox
2025-06-08 13:38:23,918 - pdfminer.pdfpage - WARNING - CropBox missing from /Page, defaulting to MediaBox
2025-06-08 13:38:23,918 - pdfminer.pdfpage - WARNING - CropBox missing from /Page, defaulting to MediaBox
2025-06-08 13:38:23,918 - pdfminer.pdfpage - WARNING - CropBox missing from /Page, defaulting to MediaBox
2025-06-08 13:38:23,918 - pdfminer.pdfpage - WARNING - CropBox missing from /Page, defaulting to MediaBox
2025-06-08 13:38:23,918 - pdfminer.pdfpage - WARNING - CropBox missing from /Page, defaulting to MediaBox
2025-06-08 13:38:23,919 - pdfminer.pdfpage - WARNING - CropBox missing from /Page, defaulting to MediaBox
2025-06-08 13:38:23,919 - pdfminer.pdfpage - WARNING - CropBox missing from /Page, defaulting to MediaBox
2025-06-08 13:38:23,919 - pdfminer.pdfpage - WARNING - CropBox missing from /Page, defaulting to MediaBox
2025-06-08 13:38:23,919 - pdfminer.pdfpage - WARNING - CropBox missing from /Page, defaulting to MediaBox
2025-06-08 13:38:23,919 - pdfminer.pdfpage - WARNING - CropBox missing from /Page, defaulting to MediaBox
2025-06-08 13:38:23,919 - pdfminer.pdfpage - WARNING - CropBox missing from /Page, defaulting to MediaBox
2025-06-08 13:38:23,920 - pdfminer.pdfpage - WARNING - CropBox missing from /Page, defaulting to MediaBox
2025-06-08 13:38:23,920 - pdfminer.pdfpage - WARNING - CropBox missing from /Page, defaulting to MediaBox
2025-06-08 13:38:23,920 - pdfminer.pdfpage - WARNING - CropBox missing from /Page, defaulting to MediaBox
2025-06-08 13:38:23,920 - pdfminer.pdfpage - WARNING - CropBox missing from /Page, defaulting to MediaBox
2025-06-08 13:38:23,920 - pdfminer.pdfpage - WARNING - CropBox missing from /Page, defaulting to MediaBox
2025-06-08 13:38:23,920 - pdfminer.pdfpage - WARNING - CropBox missing from /Page, defaulting to MediaBox
2025-06-08 13:38:23,921 - pdfminer.pdfpage - WARNING - CropBox missing from /Page, defaulting to MediaBox
2025-06-08 13:38:23,921 - pdfminer.pdfpage - WARNING - CropBox missing from /Page, defaulting to MediaBox
2025-06-08 13:38:23,921 - pdfminer.pdfpage - WARNING - CropBox missing from /Page, defaulting to MediaBox
2025-06-08 13:38:23,921 - pdfminer.pdfpage - WARNING - CropBox missing from /Page, defaulting to MediaBox
2025-06-08 13:38:23,921 - pdfminer.pdfpage - WARNING - CropBox missing from /Page, defaulting to MediaBox
2025-06-08 13:38:23,922 - pdfminer.pdfpage - WARNING - CropBox missing from /Page, defaulting to MediaBox
2025-06-08 13:38:23,922 - pdfminer.pdfpage - WARNING - CropBox missing from /Page, defaulting to MediaBox
2025-06-08 13:38:23,922 - pdfminer.pdfpage - WARNING - CropBox missing from /Page, defaulting to MediaBox
2025-06-08 13:38:23,922 - pdfminer.pdfpage - WARNING - CropBox missing from /Page, defaulting to MediaBox
2025-06-08 13:38:23,922 - pdfminer.pdfpage - WARNING - CropBox missing from /Page, defaulting to MediaBox
2025-06-08 13:38:23,923 - pdfminer.pdfpage - WARNING - CropBox missing from /Page, defaulting to MediaBox
2025-06-08 13:38:23,923 - pdfminer.pdfpage - WARNING - CropBox missing from /Page, defaulting to MediaBox
2025-06-08 13:38:23,923 - pdfminer.pdfpage - WARNING - CropBox missing from /Page, defaulting to MediaBox
2025-06-08 13:38:23,923 - pdfminer.pdfpage - WARNING - CropBox missing from /Page, defaulting to MediaBox
2025-06-08 13:38:23,923 - pdfminer.pdfpage - WARNING - CropBox missing from /Page, defaulting to MediaBox
2025-06-08 13:38:23,923 - pdfminer.pdfpage - WARNING - CropBox missing from /Page, defaulting to MediaBox
2025-06-08 13:38:23,924 - pdfminer.pdfpage - WARNING - CropBox missing from /Page, defaulting to MediaBox
2025-06-08 13:38:23,924 - pdfminer.pdfpage - WARNING - CropBox missing from /Page, defaulting to MediaBox
2025-06-08 13:38:23,924 - pdfminer.pdfpage - WARNING - CropBox missing from /Page, defaulting to MediaBox
2025-06-08 13:38:23,924 - pdfminer.pdfpage - WARNING - CropBox missing from /Page, defaulting to MediaBox
2025-06-08 13:38:23,924 - pdfminer.pdfpage - WARNING - CropBox missing from /Page, defaulting to MediaBox
2025-06-08 13:38:23,924 - pdfminer.pdfpage - WARNING - CropBox missing from /Page, defaulting to MediaBox
2025-06-08 13:38:23,925 - pdfminer.pdfpage - WARNING - CropBox missing from /Page, defaulting to MediaBox
2025-06-08 13:38:23,925 - pdfminer.pdfpage - WARNING - CropBox missing from /Page, defaulting to MediaBox
2025-06-08 13:38:23,925 - pdfminer.pdfpage - WARNING - CropBox missing from /Page, defaulting to MediaBox
2025-06-08 13:38:23,925 - pdfminer.pdfpage - WARNING - CropBox missing from /Page, defaulting to MediaBox
2025-06-08 13:38:23,925 - pdfminer.pdfpage - WARNING - CropBox missing from /Page, defaulting to MediaBox
2025-06-08 13:38:23,925 - pdfminer.pdfpage - WARNING - CropBox missing from /Page, defaulting to MediaBox
2025-06-08 13:38:23,926 - pdfminer.pdfpage - WARNING - CropBox missing from /Page, defaulting to MediaBox
2025-06-08 13:38:23,926 - pdfminer.pdfpage - WARNING - CropBox missing from /Page, defaulting to MediaBox
2025-06-08 13:38:23,926 - pdfminer.pdfpage - WARNING - CropBox missing from /Page, defaulting to MediaBox
2025-06-08 13:38:23,926 - pdfminer.pdfpage - WARNING - CropBox missing from /Page, defaulting to MediaBox
2025-06-08 13:38:23,926 - pdfminer.pdfpage - WARNING - CropBox missing from /Page, defaulting to MediaBox
2025-06-08 13:38:23,926 - pdfminer.pdfpage - WARNING - CropBox missing from /Page, defaulting to MediaBox
2025-06-08 13:38:23,927 - pdfminer.pdfpage - WARNING - CropBox missing from /Page, defaulting to MediaBox
2025-06-08 13:38:23,927 - pdfminer.pdfpage - WARNING - CropBox missing from /Page, defaulting to MediaBox
2025-06-08 13:38:23,927 - pdfminer.pdfpage - WARNING - CropBox missing from /Page, defaulting to MediaBox
2025-06-08 13:38:23,927 - pdfminer.pdfpage - WARNING - CropBox missing from /Page, defaulting to MediaBox
2025-06-08 13:38:23,927 - pdfminer.pdfpage - WARNING - CropBox missing from /Page, defaulting to MediaBox
2025-06-08 13:38:23,927 - pdfminer.pdfpage - WARNING - CropBox missing from /Page, defaulting to MediaBox
2025-06-08 13:38:23,928 - pdfminer.pdfpage - WARNING - CropBox missing from /Page, defaulting to MediaBox
2025-06-08 13:38:23,928 - pdfminer.pdfpage - WARNING - CropBox missing from /Page, defaulting to MediaBox
2025-06-08 13:38:23,928 - pdfminer.pdfpage - WARNING - CropBox missing from /Page, defaulting to MediaBox
2025-06-08 13:38:23,928 - pdfminer.pdfpage - WARNING - CropBox missing from /Page, defaulting to MediaBox
2025-06-08 13:38:23,928 - pdfminer.pdfpage - WARNING - CropBox missing from /Page, defaulting to MediaBox
2025-06-08 13:38:23,929 - pdfminer.pdfpage - WARNING - CropBox missing from /Page, defaulting to MediaBox
2025-06-08 13:38:23,929 - pdfminer.pdfpage - WARNING - CropBox missing from /Page, defaulting to MediaBox
2025-06-08 13:38:23,929 - pdfminer.pdfpage - WARNING - CropBox missing from /Page, defaulting to MediaBox
2025-06-08 13:38:23,929 - pdfminer.pdfpage - WARNING - CropBox missing from /Page, defaulting to MediaBox
2025-06-08 13:38:23,929 - pdfminer.pdfpage - WARNING - CropBox missing from /Page, defaulting to MediaBox
2025-06-08 13:38:23,930 - pdfminer.pdfpage - WARNING - CropBox missing from /Page, defaulting to MediaBox
2025-06-08 13:38:23,930 - pdfminer.pdfpage - WARNING - CropBox missing from /Page, defaulting to MediaBox
2025-06-08 13:38:23,930 - pdfminer.pdfpage - WARNING - CropBox missing from /Page, defaulting to MediaBox
2025-06-08 13:38:23,930 - pdfminer.pdfpage - WARNING - CropBox missing from /Page, defaulting to MediaBox
2025-06-08 13:38:23,930 - pdfminer.pdfpage - WARNING - CropBox missing from /Page, defaulting to MediaBox
2025-06-08 13:38:23,930 - pdfminer.pdfpage - WARNING - CropBox missing from /Page, defaulting to MediaBox
2025-06-08 13:38:23,931 - pdfminer.pdfpage - WARNING - CropBox missing from /Page, defaulting to MediaBox
2025-06-08 13:38:23,931 - pdfminer.pdfpage - WARNING - CropBox missing from /Page, defaulting to MediaBox
2025-06-08 13:38:23,931 - pdfminer.pdfpage - WARNING - CropBox missing from /Page, defaulting to MediaBox
2025-06-08 13:38:23,931 - pdfminer.pdfpage - WARNING - CropBox missing from /Page, defaulting to MediaBox
2025-06-08 13:38:23,931 - pdfminer.pdfpage - WARNING - CropBox missing from /Page, defaulting to MediaBox
2025-06-08 13:38:23,931 - pdfminer.pdfpage - WARNING - CropBox missing from /Page, defaulting to MediaBox
2025-06-08 13:38:23,932 - pdfminer.pdfpage - WARNING - CropBox missing from /Page, defaulting to MediaBox
2025-06-08 13:38:23,932 - pdfminer.pdfpage - WARNING - CropBox missing from /Page, defaulting to MediaBox
2025-06-08 13:38:23,932 - pdfminer.pdfpage - WARNING - CropBox missing from /Page, defaulting to MediaBox
2025-06-08 13:38:23,932 - pdfminer.pdfpage - WARNING - CropBox missing from /Page, defaulting to MediaBox
2025-06-08 13:38:23,932 - pdfminer.pdfpage - WARNING - CropBox missing from /Page, defaulting to MediaBox
2025-06-08 13:38:23,932 - pdfminer.pdfpage - WARNING - CropBox missing from /Page, defaulting to MediaBox
2025-06-08 13:38:23,933 - pdfminer.pdfpage - WARNING - CropBox missing from /Page, defaulting to MediaBox
2025-06-08 13:38:23,933 - pdfminer.pdfpage - WARNING - CropBox missing from /Page, defaulting to MediaBox
2025-06-08 13:38:23,933 - pdfminer.pdfpage - WARNING - CropBox missing from /Page, defaulting to MediaBox
2025-06-08 13:38:23,933 - pdfminer.pdfpage - WARNING - CropBox missing from /Page, defaulting to MediaBox
2025-06-08 13:38:23,933 - pdfminer.pdfpage - WARNING - CropBox missing from /Page, defaulting to MediaBox
2025-06-08 13:38:23,934 - pdfminer.pdfpage - WARNING - CropBox missing from /Page, defaulting to MediaBox
2025-06-08 13:38:23,934 - pdfminer.pdfpage - WARNING - CropBox missing from /Page, defaulting to MediaBox
2025-06-08 13:38:23,934 - pdfminer.pdfpage - WARNING - CropBox missing from /Page, defaulting to MediaBox
2025-06-08 13:38:23,934 - pdfminer.pdfpage - WARNING - CropBox missing from /Page, defaulting to MediaBox
2025-06-08 13:38:23,934 - pdfminer.pdfpage - WARNING - CropBox missing from /Page, defaulting to MediaBox
2025-06-08 13:38:23,934 - pdfminer.pdfpage - WARNING - CropBox missing from /Page, defaulting to MediaBox
2025-06-08 13:38:23,935 - pdfminer.pdfpage - WARNING - CropBox missing from /Page, defaulting to MediaBox
2025-06-08 13:38:23,935 - pdfminer.pdfpage - WARNING - CropBox missing from /Page, defaulting to MediaBox
2025-06-08 13:38:23,935 - pdfminer.pdfpage - WARNING - CropBox missing from /Page, defaulting to MediaBox
2025-06-08 13:38:23,936 - pdfminer.pdfpage - WARNING - CropBox missing from /Page, defaulting to MediaBox
2025-06-08 13:38:23,936 - pdfminer.pdfpage - WARNING - CropBox missing from /Page, defaulting to MediaBox
2025-06-08 13:38:23,936 - pdfminer.pdfpage - WARNING - CropBox missing from /Page, defaulting to MediaBox
2025-06-08 13:38:23,936 - pdfminer.pdfpage - WARNING - CropBox missing from /Page, defaulting to MediaBox
2025-06-08 13:38:23,936 - pdfminer.pdfpage - WARNING - CropBox missing from /Page, defaulting to MediaBox
2025-06-08 13:38:23,937 - pdfminer.pdfpage - WARNING - CropBox missing from /Page, defaulting to MediaBox
2025-06-08 13:38:23,937 - pdfminer.pdfpage - WARNING - CropBox missing from /Page, defaulting to MediaBox
2025-06-08 13:38:23,937 - pdfminer.pdfpage - WARNING - CropBox missing from /Page, defaulting to MediaBox
2025-06-08 13:38:23,937 - pdfminer.pdfpage - WARNING - CropBox missing from /Page, defaulting to MediaBox
2025-06-08 13:38:23,937 - pdfminer.pdfpage - WARNING - CropBox missing from /Page, defaulting to MediaBox
2025-06-08 13:38:23,938 - pdfminer.pdfpage - WARNING - CropBox missing from /Page, defaulting to MediaBox
2025-06-08 13:38:23,938 - pdfminer.pdfpage - WARNING - CropBox missing from /Page, defaulting to MediaBox
2025-06-08 13:38:23,938 - pdfminer.pdfpage - WARNING - CropBox missing from /Page, defaulting to MediaBox
2025-06-08 13:38:23,938 - pdf_extractor - INFO - Processando 333 páginas do PDF
2025-06-08 13:38:23,946 - pdfminer.pdfpage - WARNING - CropBox missing from /Page, defaulting to MediaBox
2025-06-08 13:38:23,946 - pdfminer.pdfpage - WARNING - CropBox missing from /Page, defaulting to MediaBox
2025-06-08 13:38:23,946 - pdfminer.pdfpage - WARNING - CropBox missing from /Page, defaulting to MediaBox
2025-06-08 13:38:23,946 - pdfminer.pdfpage - WARNING - CropBox missing from /Page, defaulting to MediaBox
2025-06-08 13:38:23,946 - pdfminer.pdfpage - WARNING - CropBox missing from /Page, defaulting to MediaBox
2025-06-08 13:38:23,946 - pdfminer.pdfpage - WARNING - CropBox missing from /Page, defaulting to MediaBox
2025-06-08 13:38:23,946 - pdfminer.pdfpage - WARNING - CropBox missing from /Page, defaulting to MediaBox
2025-06-08 13:38:23,946 - pdfminer.pdfpage - WARNING - CropBox missing from /Page, defaulting to MediaBox
2025-06-08 13:38:23,947 - pdfminer.pdfpage - WARNING - CropBox missing from /Page, defaulting to MediaBox
2025-06-08 13:38:23,947 - pdfminer.pdfpage - WARNING - CropBox missing from /Page, defaulting to MediaBox
2025-06-08 13:38:23,947 - pdfminer.pdfpage - WARNING - CropBox missing from /Page, defaulting to MediaBox
2025-06-08 13:38:23,947 - pdfminer.pdfpage - WARNING - CropBox missing from /Page, defaulting to MediaBox
2025-06-08 13:38:23,947 - pdfminer.pdfpage - WARNING - CropBox missing from /Page, defaulting to MediaBox
2025-06-08 13:38:23,947 - pdfminer.pdfpage - WARNING - CropBox missing from /Page, defaulting to MediaBox
2025-06-08 13:38:23,947 - pdfminer.pdfpage - WARNING - CropBox missing from /Page, defaulting to MediaBox
2025-06-08 13:38:23,947 - pdfminer.pdfpage - WARNING - CropBox missing from /Page, defaulting to MediaBox
2025-06-08 13:38:23,947 - pdfminer.pdfpage - WARNING - CropBox missing from /Page, defaulting to MediaBox
2025-06-08 13:38:23,947 - pdfminer.pdfpage - WARNING - CropBox missing from /Page, defaulting to MediaBox
2025-06-08 13:38:23,947 - pdfminer.pdfpage - WARNING - CropBox missing from /Page, defaulting to MediaBox
2025-06-08 13:38:23,947 - pdfminer.pdfpage - WARNING - CropBox missing from /Page, defaulting to MediaBox
2025-06-08 13:38:23,947 - pdfminer.pdfpage - WARNING - CropBox missing from /Page, defaulting to MediaBox
2025-06-08 13:38:23,948 - pdfminer.pdfpage - WARNING - CropBox missing from /Page, defaulting to MediaBox
2025-06-08 13:38:23,948 - pdfminer.pdfpage - WARNING - CropBox missing from /Page, defaulting to MediaBox
2025-06-08 13:38:23,948 - pdfminer.pdfpage - WARNING - CropBox missing from /Page, defaulting to MediaBox
2025-06-08 13:38:23,948 - pdfminer.pdfpage - WARNING - CropBox missing from /Page, defaulting to MediaBox
2025-06-08 13:38:23,948 - pdfminer.pdfpage - WARNING - CropBox missing from /Page, defaulting to MediaBox
2025-06-08 13:38:23,948 - pdfminer.pdfpage - WARNING - CropBox missing from /Page, defaulting to MediaBox
2025-06-08 13:38:23,948 - pdfminer.pdfpage - WARNING - CropBox missing from /Page, defaulting to MediaBox
2025-06-08 13:38:23,948 - pdfminer.pdfpage - WARNING - CropBox missing from /Page, defaulting to MediaBox
2025-06-08 13:38:23,948 - pdfminer.pdfpage - WARNING - CropBox missing from /Page, defaulting to MediaBox
2025-06-08 13:38:23,948 - pdfminer.pdfpage - WARNING - CropBox missing from /Page, defaulting to MediaBox
2025-06-08 13:38:23,948 - pdfminer.pdfpage - WARNING - CropBox missing from /Page, defaulting to MediaBox
2025-06-08 13:38:23,948 - pdfminer.pdfpage - WARNING - CropBox missing from /Page, defaulting to MediaBox
2025-06-08 13:38:23,948 - pdfminer.pdfpage - WARNING - CropBox missing from /Page, defaulting to MediaBox
2025-06-08 13:38:23,948 - pdfminer.pdfpage - WARNING - CropBox missing from /Page, defaulting to MediaBox
2025-06-08 13:38:23,948 - pdfminer.pdfpage - WARNING - CropBox missing from /Page, defaulting to MediaBox
2025-06-08 13:38:23,949 - pdfminer.pdfpage - WARNING - CropBox missing from /Page, defaulting to MediaBox
2025-06-08 13:38:23,949 - pdfminer.pdfpage - WARNING - CropBox missing from /Page, defaulting to MediaBox
2025-06-08 13:38:23,949 - pdfminer.pdfpage - WARNING - CropBox missing from /Page, defaulting to MediaBox
2025-06-08 13:38:23,949 - pdfminer.pdfpage - WARNING - CropBox missing from /Page, defaulting to MediaBox
2025-06-08 13:38:23,949 - pdfminer.pdfpage - WARNING - CropBox missing from /Page, defaulting to MediaBox
2025-06-08 13:38:23,949 - pdfminer.pdfpage - WARNING - CropBox missing from /Page, defaulting to MediaBox
2025-06-08 13:38:23,949 - pdfminer.pdfpage - WARNING - CropBox missing from /Page, defaulting to MediaBox
2025-06-08 13:38:23,949 - pdfminer.pdfpage - WARNING - CropBox missing from /Page, defaulting to MediaBox
2025-06-08 13:38:23,949 - pdfminer.pdfpage - WARNING - CropBox missing from /Page, defaulting to MediaBox
2025-06-08 13:38:23,949 - pdfminer.pdfpage - WARNING - CropBox missing from /Page, defaulting to MediaBox
2025-06-08 13:38:23,949 - pdfminer.pdfpage - WARNING - CropBox missing from /Page, defaulting to MediaBox
2025-06-08 13:38:23,949 - pdfminer.pdfpage - WARNING - CropBox missing from /Page, defaulting to MediaBox
2025-06-08 13:38:23,949 - pdfminer.pdfpage - WARNING - CropBox missing from /Page, defaulting to MediaBox
2025-06-08 13:38:23,949 - pdfminer.pdfpage - WARNING - CropBox missing from /Page, defaulting to MediaBox
2025-06-08 13:38:23,949 - pdfminer.pdfpage - WARNING - CropBox missing from /Page, defaulting to MediaBox
2025-06-08 13:38:23,949 - pdfminer.pdfpage - WARNING - CropBox missing from /Page, defaulting to MediaBox
2025-06-08 13:38:23,950 - pdfminer.pdfpage - WARNING - CropBox missing from /Page, defaulting to MediaBox
2025-06-08 13:38:23,950 - pdfminer.pdfpage - WARNING - CropBox missing from /Page, defaulting to MediaBox
2025-06-08 13:38:23,950 - pdfminer.pdfpage - WARNING - CropBox missing from /Page, defaulting to MediaBox
2025-06-08 13:38:23,950 - pdfminer.pdfpage - WARNING - CropBox missing from /Page, defaulting to MediaBox
2025-06-08 13:38:23,950 - pdfminer.pdfpage - WARNING - CropBox missing from /Page, defaulting to MediaBox
2025-06-08 13:38:23,950 - pdfminer.pdfpage - WARNING - CropBox missing from /Page, defaulting to MediaBox
2025-06-08 13:38:23,950 - pdfminer.pdfpage - WARNING - CropBox missing from /Page, defaulting to MediaBox
2025-06-08 13:38:23,950 - pdfminer.pdfpage - WARNING - CropBox missing from /Page, defaulting to MediaBox
2025-06-08 13:38:23,950 - pdfminer.pdfpage - WARNING - CropBox missing from /Page, defaulting to MediaBox
2025-06-08 13:38:23,950 - pdfminer.pdfpage - WARNING - CropBox missing from /Page, defaulting to MediaBox
2025-06-08 13:38:23,950 - pdfminer.pdfpage - WARNING - CropBox missing from /Page, defaulting to MediaBox
2025-06-08 13:38:23,950 - pdfminer.pdfpage - WARNING - CropBox missing from /Page, defaulting to MediaBox
2025-06-08 13:38:23,950 - pdfminer.pdfpage - WARNING - CropBox missing from /Page, defaulting to MediaBox
2025-06-08 13:38:23,950 - pdfminer.pdfpage - WARNING - CropBox missing from /Page, defaulting to MediaBox
2025-06-08 13:38:23,950 - pdfminer.pdfpage - WARNING - CropBox missing from /Page, defaulting to MediaBox
2025-06-08 13:38:23,950 - pdfminer.pdfpage - WARNING - CropBox missing from /Page, defaulting to MediaBox
2025-06-08 13:38:23,951 - pdfminer.pdfpage - WARNING - CropBox missing from /Page, defaulting to MediaBox
2025-06-08 13:38:23,951 - pdfminer.pdfpage - WARNING - CropBox missing from /Page, defaulting to MediaBox
2025-06-08 13:38:23,951 - pdfminer.pdfpage - WARNING - CropBox missing from /Page, defaulting to MediaBox
2025-06-08 13:38:23,951 - pdfminer.pdfpage - WARNING - CropBox missing from /Page, defaulting to MediaBox
2025-06-08 13:38:23,951 - pdfminer.pdfpage - WARNING - CropBox missing from /Page, defaulting to MediaBox
2025-06-08 13:38:23,951 - pdfminer.pdfpage - WARNING - CropBox missing from /Page, defaulting to MediaBox
2025-06-08 13:38:23,951 - pdfminer.pdfpage - WARNING - CropBox missing from /Page, defaulting to MediaBox
2025-06-08 13:38:23,951 - pdfminer.pdfpage - WARNING - CropBox missing from /Page, defaulting to MediaBox
2025-06-08 13:38:23,951 - pdfminer.pdfpage - WARNING - CropBox missing from /Page, defaulting to MediaBox
2025-06-08 13:38:23,951 - pdfminer.pdfpage - WARNING - CropBox missing from /Page, defaulting to MediaBox
2025-06-08 13:38:23,951 - pdfminer.pdfpage - WARNING - CropBox missing from /Page, defaulting to MediaBox
2025-06-08 13:38:23,951 - pdfminer.pdfpage - WARNING - CropBox missing from /Page, defaulting to MediaBox
2025-06-08 13:38:23,951 - pdfminer.pdfpage - WARNING - CropBox missing from /Page, defaulting to MediaBox
2025-06-08 13:38:23,951 - pdfminer.pdfpage - WARNING - CropBox missing from /Page, defaulting to MediaBox
2025-06-08 13:38:23,951 - pdfminer.pdfpage - WARNING - CropBox missing from /Page, defaulting to MediaBox
2025-06-08 13:38:23,951 - pdfminer.pdfpage - WARNING - CropBox missing from /Page, defaulting to MediaBox
2025-06-08 13:38:23,952 - pdfminer.pdfpage - WARNING - CropBox missing from /Page, defaulting to MediaBox
2025-06-08 13:38:23,952 - pdfminer.pdfpage - WARNING - CropBox missing from /Page, defaulting to MediaBox
2025-06-08 13:38:23,952 - pdfminer.pdfpage - WARNING - CropBox missing from /Page, defaulting to MediaBox
2025-06-08 13:38:23,952 - pdfminer.pdfpage - WARNING - CropBox missing from /Page, defaulting to MediaBox
2025-06-08 13:38:23,952 - pdfminer.pdfpage - WARNING - CropBox missing from /Page, defaulting to MediaBox
2025-06-08 13:38:23,952 - pdfminer.pdfpage - WARNING - CropBox missing from /Page, defaulting to MediaBox
2025-06-08 13:38:23,952 - pdfminer.pdfpage - WARNING - CropBox missing from /Page, defaulting to MediaBox
2025-06-08 13:38:23,952 - pdfminer.pdfpage - WARNING - CropBox missing from /Page, defaulting to MediaBox
2025-06-08 13:38:23,952 - pdfminer.pdfpage - WARNING - CropBox missing from /Page, defaulting to MediaBox
2025-06-08 13:38:23,952 - pdfminer.pdfpage - WARNING - CropBox missing from /Page, defaulting to MediaBox
2025-06-08 13:38:23,952 - pdfminer.pdfpage - WARNING - CropBox missing from /Page, defaulting to MediaBox
2025-06-08 13:38:23,952 - pdfminer.pdfpage - WARNING - CropBox missing from /Page, defaulting to MediaBox
2025-06-08 13:38:23,952 - pdfminer.pdfpage - WARNING - CropBox missing from /Page, defaulting to MediaBox
2025-06-08 13:38:23,952 - pdfminer.pdfpage - WARNING - CropBox missing from /Page, defaulting to MediaBox
2025-06-08 13:38:23,952 - pdfminer.pdfpage - WARNING - CropBox missing from /Page, defaulting to MediaBox
2025-06-08 13:38:23,952 - pdfminer.pdfpage - WARNING - CropBox missing from /Page, defaulting to MediaBox
2025-06-08 13:38:23,953 - pdfminer.pdfpage - WARNING - CropBox missing from /Page, defaulting to MediaBox
2025-06-08 13:38:23,953 - pdfminer.pdfpage - WARNING - CropBox missing from /Page, defaulting to MediaBox
2025-06-08 13:38:23,953 - pdfminer.pdfpage - WARNING - CropBox missing from /Page, defaulting to MediaBox
2025-06-08 13:38:23,953 - pdfminer.pdfpage - WARNING - CropBox missing from /Page, defaulting to MediaBox
2025-06-08 13:38:23,953 - pdfminer.pdfpage - WARNING - CropBox missing from /Page, defaulting to MediaBox
2025-06-08 13:38:23,953 - pdfminer.pdfpage - WARNING - CropBox missing from /Page, defaulting to MediaBox
2025-06-08 13:38:23,953 - pdfminer.pdfpage - WARNING - CropBox missing from /Page, defaulting to MediaBox
2025-06-08 13:38:23,953 - pdfminer.pdfpage - WARNING - CropBox missing from /Page, defaulting to MediaBox
2025-06-08 13:38:23,953 - pdfminer.pdfpage - WARNING - CropBox missing from /Page, defaulting to MediaBox
2025-06-08 13:38:23,953 - pdfminer.pdfpage - WARNING - CropBox missing from /Page, defaulting to MediaBox
2025-06-08 13:38:23,953 - pdfminer.pdfpage - WARNING - CropBox missing from /Page, defaulting to MediaBox
2025-06-08 13:38:23,953 - pdfminer.pdfpage - WARNING - CropBox missing from /Page, defaulting to MediaBox
2025-06-08 13:38:23,953 - pdfminer.pdfpage - WARNING - CropBox missing from /Page, defaulting to MediaBox
2025-06-08 13:38:23,953 - pdfminer.pdfpage - WARNING - CropBox missing from /Page, defaulting to MediaBox
2025-06-08 13:38:23,953 - pdfminer.pdfpage - WARNING - CropBox missing from /Page, defaulting to MediaBox
2025-06-08 13:38:23,953 - pdfminer.pdfpage - WARNING - CropBox missing from /Page, defaulting to MediaBox
2025-06-08 13:38:23,954 - pdfminer.pdfpage - WARNING - CropBox missing from /Page, defaulting to MediaBox
2025-06-08 13:38:23,954 - pdfminer.pdfpage - WARNING - CropBox missing from /Page, defaulting to MediaBox
2025-06-08 13:38:23,954 - pdfminer.pdfpage - WARNING - CropBox missing from /Page, defaulting to MediaBox
2025-06-08 13:38:23,954 - pdfminer.pdfpage - WARNING - CropBox missing from /Page, defaulting to MediaBox
2025-06-08 13:38:23,954 - pdfminer.pdfpage - WARNING - CropBox missing from /Page, defaulting to MediaBox
2025-06-08 13:38:23,954 - pdfminer.pdfpage - WARNING - CropBox missing from /Page, defaulting to MediaBox
2025-06-08 13:38:23,954 - pdfminer.pdfpage - WARNING - CropBox missing from /Page, defaulting to MediaBox
2025-06-08 13:38:23,954 - pdfminer.pdfpage - WARNING - CropBox missing from /Page, defaulting to MediaBox
2025-06-08 13:38:23,954 - pdfminer.pdfpage - WARNING - CropBox missing from /Page, defaulting to MediaBox
2025-06-08 13:38:23,954 - pdfminer.pdfpage - WARNING - CropBox missing from /Page, defaulting to MediaBox
2025-06-08 13:38:23,954 - pdfminer.pdfpage - WARNING - CropBox missing from /Page, defaulting to MediaBox
2025-06-08 13:38:23,954 - pdfminer.pdfpage - WARNING - CropBox missing from /Page, defaulting to MediaBox
2025-06-08 13:38:23,954 - pdfminer.pdfpage - WARNING - CropBox missing from /Page, defaulting to MediaBox
2025-06-08 13:38:23,955 - pdfminer.pdfpage - WARNING - CropBox missing from /Page, defaulting to MediaBox
2025-06-08 13:38:23,955 - pdfminer.pdfpage - WARNING - CropBox missing from /Page, defaulting to MediaBox
2025-06-08 13:38:23,955 - pdfminer.pdfpage - WARNING - CropBox missing from /Page, defaulting to MediaBox
2025-06-08 13:38:23,955 - pdfminer.pdfpage - WARNING - CropBox missing from /Page, defaulting to MediaBox
2025-06-08 13:38:23,955 - pdfminer.pdfpage - WARNING - CropBox missing from /Page, defaulting to MediaBox
2025-06-08 13:38:23,955 - pdfminer.pdfpage - WARNING - CropBox missing from /Page, defaulting to MediaBox
2025-06-08 13:38:23,955 - pdfminer.pdfpage - WARNING - CropBox missing from /Page, defaulting to MediaBox
2025-06-08 13:38:23,955 - pdfminer.pdfpage - WARNING - CropBox missing from /Page, defaulting to MediaBox
2025-06-08 13:38:23,955 - pdfminer.pdfpage - WARNING - CropBox missing from /Page, defaulting to MediaBox
2025-06-08 13:38:23,955 - pdfminer.pdfpage - WARNING - CropBox missing from /Page, defaulting to MediaBox
2025-06-08 13:38:23,955 - pdfminer.pdfpage - WARNING - CropBox missing from /Page, defaulting to MediaBox
2025-06-08 13:38:23,955 - pdfminer.pdfpage - WARNING - CropBox missing from /Page, defaulting to MediaBox
2025-06-08 13:38:23,956 - pdfminer.pdfpage - WARNING - CropBox missing from /Page, defaulting to MediaBox
2025-06-08 13:38:23,956 - pdfminer.pdfpage - WARNING - CropBox missing from /Page, defaulting to MediaBox
2025-06-08 13:38:23,956 - pdfminer.pdfpage - WARNING - CropBox missing from /Page, defaulting to MediaBox
2025-06-08 13:38:23,956 - pdfminer.pdfpage - WARNING - CropBox missing from /Page, defaulting to MediaBox
2025-06-08 13:38:23,956 - pdfminer.pdfpage - WARNING - CropBox missing from /Page, defaulting to MediaBox
2025-06-08 13:38:23,956 - pdfminer.pdfpage - WARNING - CropBox missing from /Page, defaulting to MediaBox
2025-06-08 13:38:23,956 - pdfminer.pdfpage - WARNING - CropBox missing from /Page, defaulting to MediaBox
2025-06-08 13:38:23,956 - pdfminer.pdfpage - WARNING - CropBox missing from /Page, defaulting to MediaBox
2025-06-08 13:38:23,956 - pdfminer.pdfpage - WARNING - CropBox missing from /Page, defaulting to MediaBox
2025-06-08 13:38:23,956 - pdfminer.pdfpage - WARNING - CropBox missing from /Page, defaulting to MediaBox
2025-06-08 13:38:23,956 - pdfminer.pdfpage - WARNING - CropBox missing from /Page, defaulting to MediaBox
2025-06-08 13:38:23,956 - pdfminer.pdfpage - WARNING - CropBox missing from /Page, defaulting to MediaBox
2025-06-08 13:38:23,956 - pdfminer.pdfpage - WARNING - CropBox missing from /Page, defaulting to MediaBox
2025-06-08 13:38:23,956 - pdfminer.pdfpage - WARNING - CropBox missing from /Page, defaulting to MediaBox
2025-06-08 13:38:23,956 - pdfminer.pdfpage - WARNING - CropBox missing from /Page, defaulting to MediaBox
2025-06-08 13:38:23,957 - pdfminer.pdfpage - WARNING - CropBox missing from /Page, defaulting to MediaBox
2025-06-08 13:38:23,957 - pdfminer.pdfpage - WARNING - CropBox missing from /Page, defaulting to MediaBox
2025-06-08 13:38:23,957 - pdfminer.pdfpage - WARNING - CropBox missing from /Page, defaulting to MediaBox
2025-06-08 13:38:23,957 - pdfminer.pdfpage - WARNING - CropBox missing from /Page, defaulting to MediaBox
2025-06-08 13:38:23,957 - pdfminer.pdfpage - WARNING - CropBox missing from /Page, defaulting to MediaBox
2025-06-08 13:38:23,957 - pdfminer.pdfpage - WARNING - CropBox missing from /Page, defaulting to MediaBox
2025-06-08 13:38:23,957 - pdfminer.pdfpage - WARNING - CropBox missing from /Page, defaulting to MediaBox
2025-06-08 13:38:23,957 - pdfminer.pdfpage - WARNING - CropBox missing from /Page, defaulting to MediaBox
2025-06-08 13:38:23,957 - pdfminer.pdfpage - WARNING - CropBox missing from /Page, defaulting to MediaBox
2025-06-08 13:38:23,957 - pdfminer.pdfpage - WARNING - CropBox missing from /Page, defaulting to MediaBox
2025-06-08 13:38:23,957 - pdfminer.pdfpage - WARNING - CropBox missing from /Page, defaulting to MediaBox
2025-06-08 13:38:23,957 - pdfminer.pdfpage - WARNING - CropBox missing from /Page, defaulting to MediaBox
2025-06-08 13:38:23,957 - pdfminer.pdfpage - WARNING - CropBox missing from /Page, defaulting to MediaBox
2025-06-08 13:38:23,957 - pdfminer.pdfpage - WARNING - CropBox missing from /Page, defaulting to MediaBox
2025-06-08 13:38:23,957 - pdfminer.pdfpage - WARNING - CropBox missing from /Page, defaulting to MediaBox
2025-06-08 13:38:23,957 - pdfminer.pdfpage - WARNING - CropBox missing from /Page, defaulting to MediaBox
2025-06-08 13:38:23,958 - pdfminer.pdfpage - WARNING - CropBox missing from /Page, defaulting to MediaBox
2025-06-08 13:38:23,958 - pdfminer.pdfpage - WARNING - CropBox missing from /Page, defaulting to MediaBox
2025-06-08 13:38:23,958 - pdfminer.pdfpage - WARNING - CropBox missing from /Page, defaulting to MediaBox
2025-06-08 13:38:23,958 - pdfminer.pdfpage - WARNING - CropBox missing from /Page, defaulting to MediaBox
2025-06-08 13:38:23,958 - pdfminer.pdfpage - WARNING - CropBox missing from /Page, defaulting to MediaBox
2025-06-08 13:38:23,958 - pdfminer.pdfpage - WARNING - CropBox missing from /Page, defaulting to MediaBox
2025-06-08 13:38:23,958 - pdfminer.pdfpage - WARNING - CropBox missing from /Page, defaulting to MediaBox
2025-06-08 13:38:23,958 - pdfminer.pdfpage - WARNING - CropBox missing from /Page, defaulting to MediaBox
2025-06-08 13:38:23,958 - pdfminer.pdfpage - WARNING - CropBox missing from /Page, defaulting to MediaBox
2025-06-08 13:38:23,958 - pdfminer.pdfpage - WARNING - CropBox missing from /Page, defaulting to MediaBox
2025-06-08 13:38:23,958 - pdfminer.pdfpage - WARNING - CropBox missing from /Page, defaulting to MediaBox
2025-06-08 13:38:23,958 - pdfminer.pdfpage - WARNING - CropBox missing from /Page, defaulting to MediaBox
2025-06-08 13:38:23,958 - pdfminer.pdfpage - WARNING - CropBox missing from /Page, defaulting to MediaBox
2025-06-08 13:38:23,959 - pdfminer.pdfpage - WARNING - CropBox missing from /Page, defaulting to MediaBox
2025-06-08 13:38:23,959 - pdfminer.pdfpage - WARNING - CropBox missing from /Page, defaulting to MediaBox
2025-06-08 13:38:23,959 - pdfminer.pdfpage - WARNING - CropBox missing from /Page, defaulting to MediaBox
2025-06-08 13:38:23,959 - pdfminer.pdfpage - WARNING - CropBox missing from /Page, defaulting to MediaBox
2025-06-08 13:38:23,959 - pdfminer.pdfpage - WARNING - CropBox missing from /Page, defaulting to MediaBox
2025-06-08 13:38:23,959 - pdfminer.pdfpage - WARNING - CropBox missing from /Page, defaulting to MediaBox
2025-06-08 13:38:23,959 - pdfminer.pdfpage - WARNING - CropBox missing from /Page, defaulting to MediaBox
2025-06-08 13:38:23,959 - pdfminer.pdfpage - WARNING - CropBox missing from /Page, defaulting to MediaBox
2025-06-08 13:38:23,959 - pdfminer.pdfpage - WARNING - CropBox missing from /Page, defaulting to MediaBox
2025-06-08 13:38:23,959 - pdfminer.pdfpage - WARNING - CropBox missing from /Page, defaulting to MediaBox
2025-06-08 13:38:23,959 - pdfminer.pdfpage - WARNING - CropBox missing from /Page, defaulting to MediaBox
2025-06-08 13:38:23,959 - pdfminer.pdfpage - WARNING - CropBox missing from /Page, defaulting to MediaBox
2025-06-08 13:38:23,959 - pdfminer.pdfpage - WARNING - CropBox missing from /Page, defaulting to MediaBox
2025-06-08 13:38:23,959 - pdfminer.pdfpage - WARNING - CropBox missing from /Page, defaulting to MediaBox
2025-06-08 13:38:23,960 - pdfminer.pdfpage - WARNING - CropBox missing from /Page, defaulting to MediaBox
2025-06-08 13:38:23,960 - pdfminer.pdfpage - WARNING - CropBox missing from /Page, defaulting to MediaBox
2025-06-08 13:38:23,960 - pdfminer.pdfpage - WARNING - CropBox missing from /Page, defaulting to MediaBox
2025-06-08 13:38:23,960 - pdfminer.pdfpage - WARNING - CropBox missing from /Page, defaulting to MediaBox
2025-06-08 13:38:23,960 - pdfminer.pdfpage - WARNING - CropBox missing from /Page, defaulting to MediaBox
2025-06-08 13:38:23,960 - pdfminer.pdfpage - WARNING - CropBox missing from /Page, defaulting to MediaBox
2025-06-08 13:38:23,960 - pdfminer.pdfpage - WARNING - CropBox missing from /Page, defaulting to MediaBox
2025-06-08 13:38:23,960 - pdfminer.pdfpage - WARNING - CropBox missing from /Page, defaulting to MediaBox
2025-06-08 13:38:23,960 - pdfminer.pdfpage - WARNING - CropBox missing from /Page, defaulting to MediaBox
2025-06-08 13:38:23,960 - pdfminer.pdfpage - WARNING - CropBox missing from /Page, defaulting to MediaBox
2025-06-08 13:38:23,960 - pdfminer.pdfpage - WARNING - CropBox missing from /Page, defaulting to MediaBox
2025-06-08 13:38:23,960 - pdfminer.pdfpage - WARNING - CropBox missing from /Page, defaulting to MediaBox
2025-06-08 13:38:23,961 - pdfminer.pdfpage - WARNING - CropBox missing from /Page, defaulting to MediaBox
2025-06-08 13:38:23,961 - pdfminer.pdfpage - WARNING - CropBox missing from /Page, defaulting to MediaBox
2025-06-08 13:38:23,961 - pdfminer.pdfpage - WARNING - CropBox missing from /Page, defaulting to MediaBox
2025-06-08 13:38:23,961 - pdfminer.pdfpage - WARNING - CropBox missing from /Page, defaulting to MediaBox
2025-06-08 13:38:23,961 - pdfminer.pdfpage - WARNING - CropBox missing from /Page, defaulting to MediaBox
2025-06-08 13:38:23,961 - pdfminer.pdfpage - WARNING - CropBox missing from /Page, defaulting to MediaBox
2025-06-08 13:38:23,961 - pdfminer.pdfpage - WARNING - CropBox missing from /Page, defaulting to MediaBox
2025-06-08 13:38:23,961 - pdfminer.pdfpage - WARNING - CropBox missing from /Page, defaulting to MediaBox
2025-06-08 13:38:23,961 - pdfminer.pdfpage - WARNING - CropBox missing from /Page, defaulting to MediaBox
2025-06-08 13:38:23,961 - pdfminer.pdfpage - WARNING - CropBox missing from /Page, defaulting to MediaBox
2025-06-08 13:38:23,961 - pdfminer.pdfpage - WARNING - CropBox missing from /Page, defaulting to MediaBox
2025-06-08 13:38:23,961 - pdfminer.pdfpage - WARNING - CropBox missing from /Page, defaulting to MediaBox
2025-06-08 13:38:23,961 - pdfminer.pdfpage - WARNING - CropBox missing from /Page, defaulting to MediaBox
2025-06-08 13:38:23,961 - pdfminer.pdfpage - WARNING - CropBox missing from /Page, defaulting to MediaBox
2025-06-08 13:38:23,961 - pdfminer.pdfpage - WARNING - CropBox missing from /Page, defaulting to MediaBox
2025-06-08 13:38:23,961 - pdfminer.pdfpage - WARNING - CropBox missing from /Page, defaulting to MediaBox
2025-06-08 13:38:23,962 - pdfminer.pdfpage - WARNING - CropBox missing from /Page, defaulting to MediaBox
2025-06-08 13:38:23,962 - pdfminer.pdfpage - WARNING - CropBox missing from /Page, defaulting to MediaBox
2025-06-08 13:38:23,962 - pdfminer.pdfpage - WARNING - CropBox missing from /Page, defaulting to MediaBox
2025-06-08 13:38:23,962 - pdfminer.pdfpage - WARNING - CropBox missing from /Page, defaulting to MediaBox
2025-06-08 13:38:23,962 - pdfminer.pdfpage - WARNING - CropBox missing from /Page, defaulting to MediaBox
2025-06-08 13:38:23,962 - pdfminer.pdfpage - WARNING - CropBox missing from /Page, defaulting to MediaBox
2025-06-08 13:38:23,962 - pdfminer.pdfpage - WARNING - CropBox missing from /Page, defaulting to MediaBox
2025-06-08 13:38:23,962 - pdfminer.pdfpage - WARNING - CropBox missing from /Page, defaulting to MediaBox
2025-06-08 13:38:23,962 - pdfminer.pdfpage - WARNING - CropBox missing from /Page, defaulting to MediaBox
2025-06-08 13:38:23,962 - pdfminer.pdfpage - WARNING - CropBox missing from /Page, defaulting to MediaBox
2025-06-08 13:38:23,962 - pdfminer.pdfpage - WARNING - CropBox missing from /Page, defaulting to MediaBox
2025-06-08 13:38:23,962 - pdfminer.pdfpage - WARNING - CropBox missing from /Page, defaulting to MediaBox
2025-06-08 13:38:23,962 - pdfminer.pdfpage - WARNING - CropBox missing from /Page, defaulting to MediaBox
2025-06-08 13:38:23,962 - pdfminer.pdfpage - WARNING - CropBox missing from /Page, defaulting to MediaBox
2025-06-08 13:38:23,963 - pdfminer.pdfpage - WARNING - CropBox missing from /Page, defaulting to MediaBox
2025-06-08 13:38:23,963 - pdfminer.pdfpage - WARNING - CropBox missing from /Page, defaulting to MediaBox
2025-06-08 13:38:23,963 - pdfminer.pdfpage - WARNING - CropBox missing from /Page, defaulting to MediaBox
2025-06-08 13:38:23,963 - pdfminer.pdfpage - WARNING - CropBox missing from /Page, defaulting to MediaBox
2025-06-08 13:38:23,963 - pdfminer.pdfpage - WARNING - CropBox missing from /Page, defaulting to MediaBox
2025-06-08 13:38:23,963 - pdfminer.pdfpage - WARNING - CropBox missing from /Page, defaulting to MediaBox
2025-06-08 13:38:23,963 - pdfminer.pdfpage - WARNING - CropBox missing from /Page, defaulting to MediaBox
2025-06-08 13:38:23,963 - pdfminer.pdfpage - WARNING - CropBox missing from /Page, defaulting to MediaBox
2025-06-08 13:38:23,963 - pdfminer.pdfpage - WARNING - CropBox missing from /Page, defaulting to MediaBox
2025-06-08 13:38:23,963 - pdfminer.pdfpage - WARNING - CropBox missing from /Page, defaulting to MediaBox
2025-06-08 13:38:23,963 - pdfminer.pdfpage - WARNING - CropBox missing from /Page, defaulting to MediaBox
2025-06-08 13:38:23,963 - pdfminer.pdfpage - WARNING - CropBox missing from /Page, defaulting to MediaBox
2025-06-08 13:38:23,963 - pdfminer.pdfpage - WARNING - CropBox missing from /Page, defaulting to MediaBox
2025-06-08 13:38:23,963 - pdfminer.pdfpage - WARNING - CropBox missing from /Page, defaulting to MediaBox
2025-06-08 13:38:23,963 - pdfminer.pdfpage - WARNING - CropBox missing from /Page, defaulting to MediaBox
2025-06-08 13:38:23,963 - pdfminer.pdfpage - WARNING - CropBox missing from /Page, defaulting to MediaBox
2025-06-08 13:38:23,964 - pdfminer.pdfpage - WARNING - CropBox missing from /Page, defaulting to MediaBox
2025-06-08 13:38:23,964 - pdfminer.pdfpage - WARNING - CropBox missing from /Page, defaulting to MediaBox
2025-06-08 13:38:23,964 - pdfminer.pdfpage - WARNING - CropBox missing from /Page, defaulting to MediaBox
2025-06-08 13:38:23,964 - pdfminer.pdfpage - WARNING - CropBox missing from /Page, defaulting to MediaBox
2025-06-08 13:38:23,964 - pdfminer.pdfpage - WARNING - CropBox missing from /Page, defaulting to MediaBox
2025-06-08 13:38:23,964 - pdfminer.pdfpage - WARNING - CropBox missing from /Page, defaulting to MediaBox
2025-06-08 13:38:23,964 - pdfminer.pdfpage - WARNING - CropBox missing from /Page, defaulting to MediaBox
2025-06-08 13:38:23,964 - pdfminer.pdfpage - WARNING - CropBox missing from /Page, defaulting to MediaBox
2025-06-08 13:38:23,964 - pdfminer.pdfpage - WARNING - CropBox missing from /Page, defaulting to MediaBox
2025-06-08 13:38:23,964 - pdfminer.pdfpage - WARNING - CropBox missing from /Page, defaulting to MediaBox
2025-06-08 13:38:23,964 - pdfminer.pdfpage - WARNING - CropBox missing from /Page, defaulting to MediaBox
2025-06-08 13:38:23,964 - pdfminer.pdfpage - WARNING - CropBox missing from /Page, defaulting to MediaBox
2025-06-08 13:38:23,964 - pdfminer.pdfpage - WARNING - CropBox missing from /Page, defaulting to MediaBox
2025-06-08 13:38:23,964 - pdfminer.pdfpage - WARNING - CropBox missing from /Page, defaulting to MediaBox
2025-06-08 13:38:23,964 - pdfminer.pdfpage - WARNING - CropBox missing from /Page, defaulting to MediaBox
2025-06-08 13:38:23,964 - pdfminer.pdfpage - WARNING - CropBox missing from /Page, defaulting to MediaBox
2025-06-08 13:38:23,965 - pdfminer.pdfpage - WARNING - CropBox missing from /Page, defaulting to MediaBox
2025-06-08 13:38:23,965 - pdfminer.pdfpage - WARNING - CropBox missing from /Page, defaulting to MediaBox
2025-06-08 13:38:23,965 - pdfminer.pdfpage - WARNING - CropBox missing from /Page, defaulting to MediaBox
2025-06-08 13:38:23,965 - pdfminer.pdfpage - WARNING - CropBox missing from /Page, defaulting to MediaBox
2025-06-08 13:38:23,965 - pdfminer.pdfpage - WARNING - CropBox missing from /Page, defaulting to MediaBox
2025-06-08 13:38:23,965 - pdfminer.pdfpage - WARNING - CropBox missing from /Page, defaulting to MediaBox
2025-06-08 13:38:23,965 - pdfminer.pdfpage - WARNING - CropBox missing from /Page, defaulting to MediaBox
2025-06-08 13:38:23,965 - pdfminer.pdfpage - WARNING - CropBox missing from /Page, defaulting to MediaBox
2025-06-08 13:38:23,965 - pdfminer.pdfpage - WARNING - CropBox missing from /Page, defaulting to MediaBox
2025-06-08 13:38:23,965 - pdfminer.pdfpage - WARNING - CropBox missing from /Page, defaulting to MediaBox
2025-06-08 13:38:23,965 - pdfminer.pdfpage - WARNING - CropBox missing from /Page, defaulting to MediaBox
2025-06-08 13:38:23,965 - pdfminer.pdfpage - WARNING - CropBox missing from /Page, defaulting to MediaBox
2025-06-08 13:38:23,965 - pdfminer.pdfpage - WARNING - CropBox missing from /Page, defaulting to MediaBox
2025-06-08 13:38:23,965 - pdfminer.pdfpage - WARNING - CropBox missing from /Page, defaulting to MediaBox
2025-06-08 13:38:23,966 - pdfminer.pdfpage - WARNING - CropBox missing from /Page, defaulting to MediaBox
2025-06-08 13:38:23,966 - pdfminer.pdfpage - WARNING - CropBox missing from /Page, defaulting to MediaBox
2025-06-08 13:38:23,966 - pdfminer.pdfpage - WARNING - CropBox missing from /Page, defaulting to MediaBox
2025-06-08 13:38:23,966 - pdfminer.pdfpage - WARNING - CropBox missing from /Page, defaulting to MediaBox
2025-06-08 13:38:23,966 - pdfminer.pdfpage - WARNING - CropBox missing from /Page, defaulting to MediaBox
2025-06-08 13:38:23,966 - pdfminer.pdfpage - WARNING - CropBox missing from /Page, defaulting to MediaBox
2025-06-08 13:38:23,966 - pdfminer.pdfpage - WARNING - CropBox missing from /Page, defaulting to MediaBox
2025-06-08 13:38:23,966 - pdfminer.pdfpage - WARNING - CropBox missing from /Page, defaulting to MediaBox
2025-06-08 13:38:23,966 - pdfminer.pdfpage - WARNING - CropBox missing from /Page, defaulting to MediaBox
2025-06-08 13:38:23,966 - pdfminer.pdfpage - WARNING - CropBox missing from /Page, defaulting to MediaBox
2025-06-08 13:38:23,966 - pdfminer.pdfpage - WARNING - CropBox missing from /Page, defaulting to MediaBox
2025-06-08 13:38:23,966 - pdfminer.pdfpage - WARNING - CropBox missing from /Page, defaulting to MediaBox
2025-06-08 13:38:23,966 - pdfminer.pdfpage - WARNING - CropBox missing from /Page, defaulting to MediaBox
2025-06-08 13:38:23,966 - pdfminer.pdfpage - WARNING - CropBox missing from /Page, defaulting to MediaBox
2025-06-08 13:38:23,967 - pdfminer.pdfpage - WARNING - CropBox missing from /Page, defaulting to MediaBox
2025-06-08 13:38:23,967 - pdfminer.pdfpage - WARNING - CropBox missing from /Page, defaulting to MediaBox
2025-06-08 13:38:23,967 - pdfminer.pdfpage - WARNING - CropBox missing from /Page, defaulting to MediaBox
2025-06-08 13:38:23,967 - pdfminer.pdfpage - WARNING - CropBox missing from /Page, defaulting to MediaBox
2025-06-08 13:38:23,967 - pdfminer.pdfpage - WARNING - CropBox missing from /Page, defaulting to MediaBox
2025-06-08 13:38:23,967 - pdfminer.pdfpage - WARNING - CropBox missing from /Page, defaulting to MediaBox
2025-06-08 13:38:23,967 - pdfminer.pdfpage - WARNING - CropBox missing from /Page, defaulting to MediaBox
2025-06-08 13:38:23,967 - pdfminer.pdfpage - WARNING - CropBox missing from /Page, defaulting to MediaBox
2025-06-08 13:38:23,967 - pdfminer.pdfpage - WARNING - CropBox missing from /Page, defaulting to MediaBox
2025-06-08 13:38:23,967 - pdfminer.pdfpage - WARNING - CropBox missing from /Page, defaulting to MediaBox
2025-06-08 13:38:23,967 - pdfminer.pdfpage - WARNING - CropBox missing from /Page, defaulting to MediaBox
2025-06-08 13:38:23,967 - pdfminer.pdfpage - WARNING - CropBox missing from /Page, defaulting to MediaBox
2025-06-08 13:38:23,967 - pdfminer.pdfpage - WARNING - CropBox missing from /Page, defaulting to MediaBox
2025-06-08 13:38:23,967 - pdfminer.pdfpage - WARNING - CropBox missing from /Page, defaulting to MediaBox
2025-06-08 13:38:23,968 - pdfminer.pdfpage - WARNING - CropBox missing from /Page, defaulting to MediaBox
2025-06-08 13:38:23,968 - pdfminer.pdfpage - WARNING - CropBox missing from /Page, defaulting to MediaBox
2025-06-08 13:38:23,968 - pdfminer.pdfpage - WARNING - CropBox missing from /Page, defaulting to MediaBox
2025-06-08 13:38:23,968 - pdfminer.pdfpage - WARNING - CropBox missing from /Page, defaulting to MediaBox
2025-06-08 13:38:23,968 - pdfminer.pdfpage - WARNING - CropBox missing from /Page, defaulting to MediaBox
2025-06-08 13:38:23,968 - pdfminer.pdfpage - WARNING - CropBox missing from /Page, defaulting to MediaBox
2025-06-08 13:38:23,968 - pdfminer.pdfpage - WARNING - CropBox missing from /Page, defaulting to MediaBox
2025-06-08 13:38:23,968 - pdfminer.pdfpage - WARNING - CropBox missing from /Page, defaulting to MediaBox
2025-06-08 13:38:23,968 - pdfminer.pdfpage - WARNING - CropBox missing from /Page, defaulting to MediaBox
2025-06-08 13:38:23,968 - pdfminer.pdfpage - WARNING - CropBox missing from /Page, defaulting to MediaBox
2025-06-08 13:38:23,968 - pdfminer.pdfpage - WARNING - CropBox missing from /Page, defaulting to MediaBox
2025-06-08 13:38:23,968 - pdfminer.pdfpage - WARNING - CropBox missing from /Page, defaulting to MediaBox
2025-06-08 13:38:23,968 - pdfminer.pdfpage - WARNING - CropBox missing from /Page, defaulting to MediaBox
2025-06-08 13:38:23,968 - pdfminer.pdfpage - WARNING - CropBox missing from /Page, defaulting to MediaBox
2025-06-08 13:38:23,968 - pdfminer.pdfpage - WARNING - CropBox missing from /Page, defaulting to MediaBox
2025-06-08 13:38:23,969 - pdfminer.pdfpage - WARNING - CropBox missing from /Page, defaulting to MediaBox
2025-06-08 13:38:23,969 - pdfminer.pdfpage - WARNING - CropBox missing from /Page, defaulting to MediaBox
2025-06-08 13:38:23,969 - pdfminer.pdfpage - WARNING - CropBox missing from /Page, defaulting to MediaBox
2025-06-08 13:38:23,969 - pdfminer.pdfpage - WARNING - CropBox missing from /Page, defaulting to MediaBox
2025-06-08 13:38:23,969 - pdf_extractor - ERROR - Erro ao extrair dados do PDF: 'NoneType' object has no attribute 'write'
2025-06-08 13:38:23,969 - main - ERROR - Erro durante o processamento de C:/Users/Murilo/Desktop/PROJETOS/EasyPDF/input\2022_032025.pdf: 'NoneType' object has no attribute 'write'
2025-06-08 13:50:43,274 - main - INFO - Processando arquivo PDF: C:/Users/Murilo/Desktop/PROJETOS/EasyPDF/input\2022_032025.pdf
2025-06-08 13:50:43,275 - pdf_extractor - INFO - Iniciando extração de dados do arquivo: C:/Users/Murilo/Desktop/PROJETOS/EasyPDF/input\2022_032025.pdf
2025-06-08 13:50:43,317 - pdfminer.pdfpage - WARNING - CropBox missing from /Page, defaulting to MediaBox
2025-06-08 13:50:43,318 - pdfminer.pdfpage - WARNING - CropBox missing from /Page, defaulting to MediaBox
2025-06-08 13:50:43,318 - pdfminer.pdfpage - WARNING - CropBox missing from /Page, defaulting to MediaBox
2025-06-08 13:50:43,318 - pdfminer.pdfpage - WARNING - CropBox missing from /Page, defaulting to MediaBox
2025-06-08 13:50:43,319 - pdfminer.pdfpage - WARNING - CropBox missing from /Page, defaulting to MediaBox
2025-06-08 13:50:43,319 - pdfminer.pdfpage - WARNING - CropBox missing from /Page, defaulting to MediaBox
2025-06-08 13:50:43,319 - pdfminer.pdfpage - WARNING - CropBox missing from /Page, defaulting to MediaBox
2025-06-08 13:50:43,319 - pdfminer.pdfpage - WARNING - CropBox missing from /Page, defaulting to MediaBox
2025-06-08 13:50:43,320 - pdfminer.pdfpage - WARNING - CropBox missing from /Page, defaulting to MediaBox
2025-06-08 13:50:43,320 - pdfminer.pdfpage - WARNING - CropBox missing from /Page, defaulting to MediaBox
2025-06-08 13:50:43,320 - pdfminer.pdfpage - WARNING - CropBox missing from /Page, defaulting to MediaBox
2025-06-08 13:50:43,321 - pdfminer.pdfpage - WARNING - CropBox missing from /Page, defaulting to MediaBox
2025-06-08 13:50:43,321 - pdfminer.pdfpage - WARNING - CropBox missing from /Page, defaulting to MediaBox
2025-06-08 13:50:43,321 - pdfminer.pdfpage - WARNING - CropBox missing from /Page, defaulting to MediaBox
2025-06-08 13:50:43,322 - pdfminer.pdfpage - WARNING - CropBox missing from /Page, defaulting to MediaBox
2025-06-08 13:50:43,322 - pdfminer.pdfpage - WARNING - CropBox missing from /Page, defaulting to MediaBox
2025-06-08 13:50:43,322 - pdfminer.pdfpage - WARNING - CropBox missing from /Page, defaulting to MediaBox
2025-06-08 13:50:43,322 - pdfminer.pdfpage - WARNING - CropBox missing from /Page, defaulting to MediaBox
2025-06-08 13:50:43,323 - pdfminer.pdfpage - WARNING - CropBox missing from /Page, defaulting to MediaBox
2025-06-08 13:50:43,323 - pdfminer.pdfpage - WARNING - CropBox missing from /Page, defaulting to MediaBox
2025-06-08 13:50:43,323 - pdfminer.pdfpage - WARNING - CropBox missing from /Page, defaulting to MediaBox
2025-06-08 13:50:43,323 - pdfminer.pdfpage - WARNING - CropBox missing from /Page, defaulting to MediaBox
2025-06-08 13:50:43,324 - pdfminer.pdfpage - WARNING - CropBox missing from /Page, defaulting to MediaBox
2025-06-08 13:50:43,324 - pdfminer.pdfpage - WARNING - CropBox missing from /Page, defaulting to MediaBox
2025-06-08 13:50:43,324 - pdfminer.pdfpage - WARNING - CropBox missing from /Page, defaulting to MediaBox
2025-06-08 13:50:43,325 - pdfminer.pdfpage - WARNING - CropBox missing from /Page, defaulting to MediaBox
2025-06-08 13:50:43,325 - pdfminer.pdfpage - WARNING - CropBox missing from /Page, defaulting to MediaBox
2025-06-08 13:50:43,325 - pdfminer.pdfpage - WARNING - CropBox missing from /Page, defaulting to MediaBox
2025-06-08 13:50:43,326 - pdfminer.pdfpage - WARNING - CropBox missing from /Page, defaulting to MediaBox
2025-06-08 13:50:43,326 - pdfminer.pdfpage - WARNING - CropBox missing from /Page, defaulting to MediaBox
2025-06-08 13:50:43,326 - pdfminer.pdfpage - WARNING - CropBox missing from /Page, defaulting to MediaBox
2025-06-08 13:50:43,327 - pdfminer.pdfpage - WARNING - CropBox missing from /Page, defaulting to MediaBox
2025-06-08 13:50:43,327 - pdfminer.pdfpage - WARNING - CropBox missing from /Page, defaulting to MediaBox
2025-06-08 13:50:43,327 - pdfminer.pdfpage - WARNING - CropBox missing from /Page, defaulting to MediaBox
2025-06-08 13:50:43,328 - pdfminer.pdfpage - WARNING - CropBox missing from /Page, defaulting to MediaBox
2025-06-08 13:50:43,328 - pdfminer.pdfpage - WARNING - CropBox missing from /Page, defaulting to MediaBox
2025-06-08 13:50:43,328 - pdfminer.pdfpage - WARNING - CropBox missing from /Page, defaulting to MediaBox
2025-06-08 13:50:43,329 - pdfminer.pdfpage - WARNING - CropBox missing from /Page, defaulting to MediaBox
2025-06-08 13:50:43,329 - pdfminer.pdfpage - WARNING - CropBox missing from /Page, defaulting to MediaBox
2025-06-08 13:50:43,329 - pdfminer.pdfpage - WARNING - CropBox missing from /Page, defaulting to MediaBox
2025-06-08 13:50:43,330 - pdfminer.pdfpage - WARNING - CropBox missing from /Page, defaulting to MediaBox
2025-06-08 13:50:43,330 - pdfminer.pdfpage - WARNING - CropBox missing from /Page, defaulting to MediaBox
2025-06-08 13:50:43,330 - pdfminer.pdfpage - WARNING - CropBox missing from /Page, defaulting to MediaBox
2025-06-08 13:50:43,331 - pdfminer.pdfpage - WARNING - CropBox missing from /Page, defaulting to MediaBox
2025-06-08 13:50:43,331 - pdfminer.pdfpage - WARNING - CropBox missing from /Page, defaulting to MediaBox
2025-06-08 13:50:43,331 - pdfminer.pdfpage - WARNING - CropBox missing from /Page, defaulting to MediaBox
2025-06-08 13:50:43,331 - pdfminer.pdfpage - WARNING - CropBox missing from /Page, defaulting to MediaBox
2025-06-08 13:50:43,332 - pdfminer.pdfpage - WARNING - CropBox missing from /Page, defaulting to MediaBox
2025-06-08 13:50:43,332 - pdfminer.pdfpage - WARNING - CropBox missing from /Page, defaulting to MediaBox
2025-06-08 13:50:43,332 - pdfminer.pdfpage - WARNING - CropBox missing from /Page, defaulting to MediaBox
2025-06-08 13:50:43,333 - pdfminer.pdfpage - WARNING - CropBox missing from /Page, defaulting to MediaBox
2025-06-08 13:50:43,333 - pdfminer.pdfpage - WARNING - CropBox missing from /Page, defaulting to MediaBox
2025-06-08 13:50:43,333 - pdfminer.pdfpage - WARNING - CropBox missing from /Page, defaulting to MediaBox
2025-06-08 13:50:43,333 - pdfminer.pdfpage - WARNING - CropBox missing from /Page, defaulting to MediaBox
2025-06-08 13:50:43,334 - pdfminer.pdfpage - WARNING - CropBox missing from /Page, defaulting to MediaBox
2025-06-08 13:50:43,334 - pdfminer.pdfpage - WARNING - CropBox missing from /Page, defaulting to MediaBox
2025-06-08 13:50:43,335 - pdfminer.pdfpage - WARNING - CropBox missing from /Page, defaulting to MediaBox
2025-06-08 13:50:43,335 - pdfminer.pdfpage - WARNING - CropBox missing from /Page, defaulting to MediaBox
2025-06-08 13:50:43,335 - pdfminer.pdfpage - WARNING - CropBox missing from /Page, defaulting to MediaBox
2025-06-08 13:50:43,336 - pdfminer.pdfpage - WARNING - CropBox missing from /Page, defaulting to MediaBox
2025-06-08 13:50:43,336 - pdfminer.pdfpage - WARNING - CropBox missing from /Page, defaulting to MediaBox
2025-06-08 13:50:43,336 - pdfminer.pdfpage - WARNING - CropBox missing from /Page, defaulting to MediaBox
2025-06-08 13:50:43,336 - pdfminer.pdfpage - WARNING - CropBox missing from /Page, defaulting to MediaBox
2025-06-08 13:50:43,337 - pdfminer.pdfpage - WARNING - CropBox missing from /Page, defaulting to MediaBox
2025-06-08 13:50:43,337 - pdfminer.pdfpage - WARNING - CropBox missing from /Page, defaulting to MediaBox
2025-06-08 13:50:43,337 - pdfminer.pdfpage - WARNING - CropBox missing from /Page, defaulting to MediaBox
2025-06-08 13:50:43,338 - pdfminer.pdfpage - WARNING - CropBox missing from /Page, defaulting to MediaBox
2025-06-08 13:50:43,338 - pdfminer.pdfpage - WARNING - CropBox missing from /Page, defaulting to MediaBox
2025-06-08 13:50:43,338 - pdfminer.pdfpage - WARNING - CropBox missing from /Page, defaulting to MediaBox
2025-06-08 13:50:43,339 - pdfminer.pdfpage - WARNING - CropBox missing from /Page, defaulting to MediaBox
2025-06-08 13:50:43,339 - pdfminer.pdfpage - WARNING - CropBox missing from /Page, defaulting to MediaBox
2025-06-08 13:50:43,339 - pdfminer.pdfpage - WARNING - CropBox missing from /Page, defaulting to MediaBox
2025-06-08 13:50:43,340 - pdfminer.pdfpage - WARNING - CropBox missing from /Page, defaulting to MediaBox
2025-06-08 13:50:43,340 - pdfminer.pdfpage - WARNING - CropBox missing from /Page, defaulting to MediaBox
2025-06-08 13:50:43,340 - pdfminer.pdfpage - WARNING - CropBox missing from /Page, defaulting to MediaBox
2025-06-08 13:50:43,341 - pdfminer.pdfpage - WARNING - CropBox missing from /Page, defaulting to MediaBox
2025-06-08 13:50:43,341 - pdfminer.pdfpage - WARNING - CropBox missing from /Page, defaulting to MediaBox
2025-06-08 13:50:43,341 - pdfminer.pdfpage - WARNING - CropBox missing from /Page, defaulting to MediaBox
2025-06-08 13:50:43,342 - pdfminer.pdfpage - WARNING - CropBox missing from /Page, defaulting to MediaBox
2025-06-08 13:50:43,342 - pdfminer.pdfpage - WARNING - CropBox missing from /Page, defaulting to MediaBox
2025-06-08 13:50:43,342 - pdfminer.pdfpage - WARNING - CropBox missing from /Page, defaulting to MediaBox
2025-06-08 13:50:43,342 - pdfminer.pdfpage - WARNING - CropBox missing from /Page, defaulting to MediaBox
2025-06-08 13:50:43,343 - pdfminer.pdfpage - WARNING - CropBox missing from /Page, defaulting to MediaBox
2025-06-08 13:50:43,343 - pdfminer.pdfpage - WARNING - CropBox missing from /Page, defaulting to MediaBox
2025-06-08 13:50:43,343 - pdfminer.pdfpage - WARNING - CropBox missing from /Page, defaulting to MediaBox
2025-06-08 13:50:43,343 - pdfminer.pdfpage - WARNING - CropBox missing from /Page, defaulting to MediaBox
2025-06-08 13:50:43,344 - pdfminer.pdfpage - WARNING - CropBox missing from /Page, defaulting to MediaBox
2025-06-08 13:50:43,344 - pdfminer.pdfpage - WARNING - CropBox missing from /Page, defaulting to MediaBox
2025-06-08 13:50:43,344 - pdfminer.pdfpage - WARNING - CropBox missing from /Page, defaulting to MediaBox
2025-06-08 13:50:43,345 - pdfminer.pdfpage - WARNING - CropBox missing from /Page, defaulting to MediaBox
2025-06-08 13:50:43,345 - pdfminer.pdfpage - WARNING - CropBox missing from /Page, defaulting to MediaBox
2025-06-08 13:50:43,345 - pdfminer.pdfpage - WARNING - CropBox missing from /Page, defaulting to MediaBox
2025-06-08 13:50:43,345 - pdfminer.pdfpage - WARNING - CropBox missing from /Page, defaulting to MediaBox
2025-06-08 13:50:43,346 - pdfminer.pdfpage - WARNING - CropBox missing from /Page, defaulting to MediaBox
2025-06-08 13:50:43,346 - pdfminer.pdfpage - WARNING - CropBox missing from /Page, defaulting to MediaBox
2025-06-08 13:50:43,347 - pdfminer.pdfpage - WARNING - CropBox missing from /Page, defaulting to MediaBox
2025-06-08 13:50:43,348 - pdfminer.pdfpage - WARNING - CropBox missing from /Page, defaulting to MediaBox
2025-06-08 13:50:43,349 - pdfminer.pdfpage - WARNING - CropBox missing from /Page, defaulting to MediaBox
2025-06-08 13:50:43,349 - pdfminer.pdfpage - WARNING - CropBox missing from /Page, defaulting to MediaBox
2025-06-08 13:50:43,350 - pdfminer.pdfpage - WARNING - CropBox missing from /Page, defaulting to MediaBox
2025-06-08 13:50:43,350 - pdfminer.pdfpage - WARNING - CropBox missing from /Page, defaulting to MediaBox
2025-06-08 13:50:43,350 - pdfminer.pdfpage - WARNING - CropBox missing from /Page, defaulting to MediaBox
2025-06-08 13:50:43,351 - pdfminer.pdfpage - WARNING - CropBox missing from /Page, defaulting to MediaBox
2025-06-08 13:50:43,351 - pdfminer.pdfpage - WARNING - CropBox missing from /Page, defaulting to MediaBox
2025-06-08 13:50:43,351 - pdfminer.pdfpage - WARNING - CropBox missing from /Page, defaulting to MediaBox
2025-06-08 13:50:43,352 - pdfminer.pdfpage - WARNING - CropBox missing from /Page, defaulting to MediaBox
2025-06-08 13:50:43,352 - pdfminer.pdfpage - WARNING - CropBox missing from /Page, defaulting to MediaBox
2025-06-08 13:50:43,352 - pdfminer.pdfpage - WARNING - CropBox missing from /Page, defaulting to MediaBox
2025-06-08 13:50:43,352 - pdfminer.pdfpage - WARNING - CropBox missing from /Page, defaulting to MediaBox
2025-06-08 13:50:43,353 - pdfminer.pdfpage - WARNING - CropBox missing from /Page, defaulting to MediaBox
2025-06-08 13:50:43,353 - pdfminer.pdfpage - WARNING - CropBox missing from /Page, defaulting to MediaBox
2025-06-08 13:50:43,353 - pdfminer.pdfpage - WARNING - CropBox missing from /Page, defaulting to MediaBox
2025-06-08 13:50:43,353 - pdfminer.pdfpage - WARNING - CropBox missing from /Page, defaulting to MediaBox
2025-06-08 13:50:43,354 - pdfminer.pdfpage - WARNING - CropBox missing from /Page, defaulting to MediaBox
2025-06-08 13:50:43,354 - pdfminer.pdfpage - WARNING - CropBox missing from /Page, defaulting to MediaBox
2025-06-08 13:50:43,354 - pdfminer.pdfpage - WARNING - CropBox missing from /Page, defaulting to MediaBox
2025-06-08 13:50:43,355 - pdfminer.pdfpage - WARNING - CropBox missing from /Page, defaulting to MediaBox
2025-06-08 13:50:43,355 - pdfminer.pdfpage - WARNING - CropBox missing from /Page, defaulting to MediaBox
2025-06-08 13:50:43,355 - pdfminer.pdfpage - WARNING - CropBox missing from /Page, defaulting to MediaBox
2025-06-08 13:50:43,355 - pdfminer.pdfpage - WARNING - CropBox missing from /Page, defaulting to MediaBox
2025-06-08 13:50:43,356 - pdfminer.pdfpage - WARNING - CropBox missing from /Page, defaulting to MediaBox
2025-06-08 13:50:43,356 - pdfminer.pdfpage - WARNING - CropBox missing from /Page, defaulting to MediaBox
2025-06-08 13:50:43,356 - pdfminer.pdfpage - WARNING - CropBox missing from /Page, defaulting to MediaBox
2025-06-08 13:50:43,357 - pdfminer.pdfpage - WARNING - CropBox missing from /Page, defaulting to MediaBox
2025-06-08 13:50:43,357 - pdfminer.pdfpage - WARNING - CropBox missing from /Page, defaulting to MediaBox
2025-06-08 13:50:43,357 - pdfminer.pdfpage - WARNING - CropBox missing from /Page, defaulting to MediaBox
2025-06-08 13:50:43,357 - pdfminer.pdfpage - WARNING - CropBox missing from /Page, defaulting to MediaBox
2025-06-08 13:50:43,358 - pdfminer.pdfpage - WARNING - CropBox missing from /Page, defaulting to MediaBox
2025-06-08 13:50:43,358 - pdfminer.pdfpage - WARNING - CropBox missing from /Page, defaulting to MediaBox
2025-06-08 13:50:43,358 - pdfminer.pdfpage - WARNING - CropBox missing from /Page, defaulting to MediaBox
2025-06-08 13:50:43,359 - pdfminer.pdfpage - WARNING - CropBox missing from /Page, defaulting to MediaBox
2025-06-08 13:50:43,359 - pdfminer.pdfpage - WARNING - CropBox missing from /Page, defaulting to MediaBox
2025-06-08 13:50:43,359 - pdfminer.pdfpage - WARNING - CropBox missing from /Page, defaulting to MediaBox
2025-06-08 13:50:43,360 - pdfminer.pdfpage - WARNING - CropBox missing from /Page, defaulting to MediaBox
2025-06-08 13:50:43,360 - pdfminer.pdfpage - WARNING - CropBox missing from /Page, defaulting to MediaBox
2025-06-08 13:50:43,360 - pdfminer.pdfpage - WARNING - CropBox missing from /Page, defaulting to MediaBox
2025-06-08 13:50:43,361 - pdfminer.pdfpage - WARNING - CropBox missing from /Page, defaulting to MediaBox
2025-06-08 13:50:43,361 - pdfminer.pdfpage - WARNING - CropBox missing from /Page, defaulting to MediaBox
2025-06-08 13:50:43,361 - pdfminer.pdfpage - WARNING - CropBox missing from /Page, defaulting to MediaBox
2025-06-08 13:50:43,361 - pdfminer.pdfpage - WARNING - CropBox missing from /Page, defaulting to MediaBox
2025-06-08 13:50:43,362 - pdfminer.pdfpage - WARNING - CropBox missing from /Page, defaulting to MediaBox
2025-06-08 13:50:43,362 - pdfminer.pdfpage - WARNING - CropBox missing from /Page, defaulting to MediaBox
2025-06-08 13:50:43,362 - pdfminer.pdfpage - WARNING - CropBox missing from /Page, defaulting to MediaBox
2025-06-08 13:50:43,363 - pdfminer.pdfpage - WARNING - CropBox missing from /Page, defaulting to MediaBox
2025-06-08 13:50:43,363 - pdfminer.pdfpage - WARNING - CropBox missing from /Page, defaulting to MediaBox
2025-06-08 13:50:43,364 - pdfminer.pdfpage - WARNING - CropBox missing from /Page, defaulting to MediaBox
2025-06-08 13:50:43,364 - pdfminer.pdfpage - WARNING - CropBox missing from /Page, defaulting to MediaBox
2025-06-08 13:50:43,364 - pdfminer.pdfpage - WARNING - CropBox missing from /Page, defaulting to MediaBox
2025-06-08 13:50:43,364 - pdfminer.pdfpage - WARNING - CropBox missing from /Page, defaulting to MediaBox
2025-06-08 13:50:43,365 - pdfminer.pdfpage - WARNING - CropBox missing from /Page, defaulting to MediaBox
2025-06-08 13:50:43,365 - pdfminer.pdfpage - WARNING - CropBox missing from /Page, defaulting to MediaBox
2025-06-08 13:50:43,365 - pdfminer.pdfpage - WARNING - CropBox missing from /Page, defaulting to MediaBox
2025-06-08 13:50:43,365 - pdfminer.pdfpage - WARNING - CropBox missing from /Page, defaulting to MediaBox
2025-06-08 13:50:43,366 - pdfminer.pdfpage - WARNING - CropBox missing from /Page, defaulting to MediaBox
2025-06-08 13:50:43,366 - pdfminer.pdfpage - WARNING - CropBox missing from /Page, defaulting to MediaBox
2025-06-08 13:50:43,366 - pdfminer.pdfpage - WARNING - CropBox missing from /Page, defaulting to MediaBox
2025-06-08 13:50:43,367 - pdfminer.pdfpage - WARNING - CropBox missing from /Page, defaulting to MediaBox
2025-06-08 13:50:43,367 - pdfminer.pdfpage - WARNING - CropBox missing from /Page, defaulting to MediaBox
2025-06-08 13:50:43,367 - pdfminer.pdfpage - WARNING - CropBox missing from /Page, defaulting to MediaBox
2025-06-08 13:50:43,368 - pdfminer.pdfpage - WARNING - CropBox missing from /Page, defaulting to MediaBox
2025-06-08 13:50:43,368 - pdfminer.pdfpage - WARNING - CropBox missing from /Page, defaulting to MediaBox
2025-06-08 13:50:43,368 - pdfminer.pdfpage - WARNING - CropBox missing from /Page, defaulting to MediaBox
2025-06-08 13:50:43,369 - pdfminer.pdfpage - WARNING - CropBox missing from /Page, defaulting to MediaBox
2025-06-08 13:50:43,369 - pdfminer.pdfpage - WARNING - CropBox missing from /Page, defaulting to MediaBox
2025-06-08 13:50:43,369 - pdfminer.pdfpage - WARNING - CropBox missing from /Page, defaulting to MediaBox
2025-06-08 13:50:43,369 - pdfminer.pdfpage - WARNING - CropBox missing from /Page, defaulting to MediaBox
2025-06-08 13:50:43,370 - pdfminer.pdfpage - WARNING - CropBox missing from /Page, defaulting to MediaBox
2025-06-08 13:50:43,370 - pdfminer.pdfpage - WARNING - CropBox missing from /Page, defaulting to MediaBox
2025-06-08 13:50:43,370 - pdfminer.pdfpage - WARNING - CropBox missing from /Page, defaulting to MediaBox
2025-06-08 13:50:43,371 - pdfminer.pdfpage - WARNING - CropBox missing from /Page, defaulting to MediaBox
2025-06-08 13:50:43,371 - pdfminer.pdfpage - WARNING - CropBox missing from /Page, defaulting to MediaBox
2025-06-08 13:50:43,371 - pdfminer.pdfpage - WARNING - CropBox missing from /Page, defaulting to MediaBox
2025-06-08 13:50:43,372 - pdfminer.pdfpage - WARNING - CropBox missing from /Page, defaulting to MediaBox
2025-06-08 13:50:43,372 - pdfminer.pdfpage - WARNING - CropBox missing from /Page, defaulting to MediaBox
2025-06-08 13:50:43,372 - pdfminer.pdfpage - WARNING - CropBox missing from /Page, defaulting to MediaBox
2025-06-08 13:50:43,372 - pdfminer.pdfpage - WARNING - CropBox missing from /Page, defaulting to MediaBox
2025-06-08 13:50:43,373 - pdfminer.pdfpage - WARNING - CropBox missing from /Page, defaulting to MediaBox
2025-06-08 13:50:43,373 - pdfminer.pdfpage - WARNING - CropBox missing from /Page, defaulting to MediaBox
2025-06-08 13:50:43,373 - pdfminer.pdfpage - WARNING - CropBox missing from /Page, defaulting to MediaBox
2025-06-08 13:50:43,374 - pdfminer.pdfpage - WARNING - CropBox missing from /Page, defaulting to MediaBox
2025-06-08 13:50:43,374 - pdfminer.pdfpage - WARNING - CropBox missing from /Page, defaulting to MediaBox
2025-06-08 13:50:43,374 - pdfminer.pdfpage - WARNING - CropBox missing from /Page, defaulting to MediaBox
2025-06-08 13:50:43,375 - pdfminer.pdfpage - WARNING - CropBox missing from /Page, defaulting to MediaBox
2025-06-08 13:50:43,375 - pdfminer.pdfpage - WARNING - CropBox missing from /Page, defaulting to MediaBox
2025-06-08 13:50:43,375 - pdfminer.pdfpage - WARNING - CropBox missing from /Page, defaulting to MediaBox
2025-06-08 13:50:43,376 - pdfminer.pdfpage - WARNING - CropBox missing from /Page, defaulting to MediaBox
2025-06-08 13:50:43,376 - pdfminer.pdfpage - WARNING - CropBox missing from /Page, defaulting to MediaBox
2025-06-08 13:50:43,376 - pdfminer.pdfpage - WARNING - CropBox missing from /Page, defaulting to MediaBox
2025-06-08 13:50:43,377 - pdfminer.pdfpage - WARNING - CropBox missing from /Page, defaulting to MediaBox
2025-06-08 13:50:43,377 - pdfminer.pdfpage - WARNING - CropBox missing from /Page, defaulting to MediaBox
2025-06-08 13:50:43,377 - pdfminer.pdfpage - WARNING - CropBox missing from /Page, defaulting to MediaBox
2025-06-08 13:50:43,378 - pdfminer.pdfpage - WARNING - CropBox missing from /Page, defaulting to MediaBox
2025-06-08 13:50:43,378 - pdfminer.pdfpage - WARNING - CropBox missing from /Page, defaulting to MediaBox
2025-06-08 13:50:43,378 - pdfminer.pdfpage - WARNING - CropBox missing from /Page, defaulting to MediaBox
2025-06-08 13:50:43,379 - pdfminer.pdfpage - WARNING - CropBox missing from /Page, defaulting to MediaBox
2025-06-08 13:50:43,379 - pdfminer.pdfpage - WARNING - CropBox missing from /Page, defaulting to MediaBox
2025-06-08 13:50:43,380 - pdfminer.pdfpage - WARNING - CropBox missing from /Page, defaulting to MediaBox
2025-06-08 13:50:43,382 - pdfminer.pdfpage - WARNING - CropBox missing from /Page, defaulting to MediaBox
2025-06-08 13:50:43,383 - pdfminer.pdfpage - WARNING - CropBox missing from /Page, defaulting to MediaBox
2025-06-08 13:50:43,383 - pdfminer.pdfpage - WARNING - CropBox missing from /Page, defaulting to MediaBox
2025-06-08 13:50:43,383 - pdfminer.pdfpage - WARNING - CropBox missing from /Page, defaulting to MediaBox
2025-06-08 13:50:43,384 - pdfminer.pdfpage - WARNING - CropBox missing from /Page, defaulting to MediaBox
2025-06-08 13:50:43,384 - pdfminer.pdfpage - WARNING - CropBox missing from /Page, defaulting to MediaBox
2025-06-08 13:50:43,385 - pdfminer.pdfpage - WARNING - CropBox missing from /Page, defaulting to MediaBox
2025-06-08 13:50:43,410 - pdfminer.pdfpage - WARNING - CropBox missing from /Page, defaulting to MediaBox
2025-06-08 13:50:43,411 - pdfminer.pdfpage - WARNING - CropBox missing from /Page, defaulting to MediaBox
2025-06-08 13:50:43,411 - pdfminer.pdfpage - WARNING - CropBox missing from /Page, defaulting to MediaBox
2025-06-08 13:50:43,411 - pdfminer.pdfpage - WARNING - CropBox missing from /Page, defaulting to MediaBox
2025-06-08 13:50:43,412 - pdfminer.pdfpage - WARNING - CropBox missing from /Page, defaulting to MediaBox
2025-06-08 13:50:43,412 - pdfminer.pdfpage - WARNING - CropBox missing from /Page, defaulting to MediaBox
2025-06-08 13:50:43,412 - pdfminer.pdfpage - WARNING - CropBox missing from /Page, defaulting to MediaBox
2025-06-08 13:50:43,413 - pdfminer.pdfpage - WARNING - CropBox missing from /Page, defaulting to MediaBox
2025-06-08 13:50:43,413 - pdfminer.pdfpage - WARNING - CropBox missing from /Page, defaulting to MediaBox
2025-06-08 13:50:43,413 - pdfminer.pdfpage - WARNING - CropBox missing from /Page, defaulting to MediaBox
2025-06-08 13:50:43,414 - pdfminer.pdfpage - WARNING - CropBox missing from /Page, defaulting to MediaBox
2025-06-08 13:50:43,414 - pdfminer.pdfpage - WARNING - CropBox missing from /Page, defaulting to MediaBox
2025-06-08 13:50:43,414 - pdfminer.pdfpage - WARNING - CropBox missing from /Page, defaulting to MediaBox
2025-06-08 13:50:43,414 - pdfminer.pdfpage - WARNING - CropBox missing from /Page, defaulting to MediaBox
2025-06-08 13:50:43,415 - pdfminer.pdfpage - WARNING - CropBox missing from /Page, defaulting to MediaBox
2025-06-08 13:50:43,415 - pdfminer.pdfpage - WARNING - CropBox missing from /Page, defaulting to MediaBox
2025-06-08 13:50:43,415 - pdfminer.pdfpage - WARNING - CropBox missing from /Page, defaulting to MediaBox
2025-06-08 13:50:43,416 - pdfminer.pdfpage - WARNING - CropBox missing from /Page, defaulting to MediaBox
2025-06-08 13:50:43,416 - pdfminer.pdfpage - WARNING - CropBox missing from /Page, defaulting to MediaBox
2025-06-08 13:50:43,416 - pdfminer.pdfpage - WARNING - CropBox missing from /Page, defaulting to MediaBox
2025-06-08 13:50:43,416 - pdfminer.pdfpage - WARNING - CropBox missing from /Page, defaulting to MediaBox
2025-06-08 13:50:43,417 - pdfminer.pdfpage - WARNING - CropBox missing from /Page, defaulting to MediaBox
2025-06-08 13:50:43,417 - pdfminer.pdfpage - WARNING - CropBox missing from /Page, defaulting to MediaBox
2025-06-08 13:50:43,417 - pdfminer.pdfpage - WARNING - CropBox missing from /Page, defaulting to MediaBox
2025-06-08 13:50:43,418 - pdfminer.pdfpage - WARNING - CropBox missing from /Page, defaulting to MediaBox
2025-06-08 13:50:43,418 - pdfminer.pdfpage - WARNING - CropBox missing from /Page, defaulting to MediaBox
2025-06-08 13:50:43,418 - pdfminer.pdfpage - WARNING - CropBox missing from /Page, defaulting to MediaBox
2025-06-08 13:50:43,418 - pdfminer.pdfpage - WARNING - CropBox missing from /Page, defaulting to MediaBox
2025-06-08 13:50:43,419 - pdfminer.pdfpage - WARNING - CropBox missing from /Page, defaulting to MediaBox
2025-06-08 13:50:43,419 - pdfminer.pdfpage - WARNING - CropBox missing from /Page, defaulting to MediaBox
2025-06-08 13:50:43,419 - pdfminer.pdfpage - WARNING - CropBox missing from /Page, defaulting to MediaBox
2025-06-08 13:50:43,420 - pdfminer.pdfpage - WARNING - CropBox missing from /Page, defaulting to MediaBox
2025-06-08 13:50:43,420 - pdfminer.pdfpage - WARNING - CropBox missing from /Page, defaulting to MediaBox
2025-06-08 13:50:43,420 - pdfminer.pdfpage - WARNING - CropBox missing from /Page, defaulting to MediaBox
2025-06-08 13:50:43,421 - pdfminer.pdfpage - WARNING - CropBox missing from /Page, defaulting to MediaBox
2025-06-08 13:50:43,421 - pdfminer.pdfpage - WARNING - CropBox missing from /Page, defaulting to MediaBox
2025-06-08 13:50:43,421 - pdfminer.pdfpage - WARNING - CropBox missing from /Page, defaulting to MediaBox
2025-06-08 13:50:43,422 - pdfminer.pdfpage - WARNING - CropBox missing from /Page, defaulting to MediaBox
2025-06-08 13:50:43,422 - pdfminer.pdfpage - WARNING - CropBox missing from /Page, defaulting to MediaBox
2025-06-08 13:50:43,422 - pdfminer.pdfpage - WARNING - CropBox missing from /Page, defaulting to MediaBox
2025-06-08 13:50:43,423 - pdfminer.pdfpage - WARNING - CropBox missing from /Page, defaulting to MediaBox
2025-06-08 13:50:43,423 - pdfminer.pdfpage - WARNING - CropBox missing from /Page, defaulting to MediaBox
2025-06-08 13:50:43,423 - pdfminer.pdfpage - WARNING - CropBox missing from /Page, defaulting to MediaBox
2025-06-08 13:50:43,424 - pdfminer.pdfpage - WARNING - CropBox missing from /Page, defaulting to MediaBox
2025-06-08 13:50:43,424 - pdfminer.pdfpage - WARNING - CropBox missing from /Page, defaulting to MediaBox
2025-06-08 13:50:43,424 - pdfminer.pdfpage - WARNING - CropBox missing from /Page, defaulting to MediaBox
2025-06-08 13:50:43,424 - pdfminer.pdfpage - WARNING - CropBox missing from /Page, defaulting to MediaBox
2025-06-08 13:50:43,425 - pdfminer.pdfpage - WARNING - CropBox missing from /Page, defaulting to MediaBox
2025-06-08 13:50:43,425 - pdfminer.pdfpage - WARNING - CropBox missing from /Page, defaulting to MediaBox
2025-06-08 13:50:43,425 - pdfminer.pdfpage - WARNING - CropBox missing from /Page, defaulting to MediaBox
2025-06-08 13:50:43,426 - pdfminer.pdfpage - WARNING - CropBox missing from /Page, defaulting to MediaBox
2025-06-08 13:50:43,426 - pdfminer.pdfpage - WARNING - CropBox missing from /Page, defaulting to MediaBox
2025-06-08 13:50:43,426 - pdfminer.pdfpage - WARNING - CropBox missing from /Page, defaulting to MediaBox
2025-06-08 13:50:43,427 - pdfminer.pdfpage - WARNING - CropBox missing from /Page, defaulting to MediaBox
2025-06-08 13:50:43,427 - pdfminer.pdfpage - WARNING - CropBox missing from /Page, defaulting to MediaBox
2025-06-08 13:50:43,427 - pdfminer.pdfpage - WARNING - CropBox missing from /Page, defaulting to MediaBox
2025-06-08 13:50:43,428 - pdfminer.pdfpage - WARNING - CropBox missing from /Page, defaulting to MediaBox
2025-06-08 13:50:43,428 - pdfminer.pdfpage - WARNING - CropBox missing from /Page, defaulting to MediaBox
2025-06-08 13:50:43,428 - pdfminer.pdfpage - WARNING - CropBox missing from /Page, defaulting to MediaBox
2025-06-08 13:50:43,429 - pdfminer.pdfpage - WARNING - CropBox missing from /Page, defaulting to MediaBox
2025-06-08 13:50:43,429 - pdfminer.pdfpage - WARNING - CropBox missing from /Page, defaulting to MediaBox
2025-06-08 13:50:43,429 - pdfminer.pdfpage - WARNING - CropBox missing from /Page, defaulting to MediaBox
2025-06-08 13:50:43,430 - pdfminer.pdfpage - WARNING - CropBox missing from /Page, defaulting to MediaBox
2025-06-08 13:50:43,430 - pdfminer.pdfpage - WARNING - CropBox missing from /Page, defaulting to MediaBox
2025-06-08 13:50:43,430 - pdfminer.pdfpage - WARNING - CropBox missing from /Page, defaulting to MediaBox
2025-06-08 13:50:43,430 - pdfminer.pdfpage - WARNING - CropBox missing from /Page, defaulting to MediaBox
2025-06-08 13:50:43,431 - pdfminer.pdfpage - WARNING - CropBox missing from /Page, defaulting to MediaBox
2025-06-08 13:50:43,431 - pdfminer.pdfpage - WARNING - CropBox missing from /Page, defaulting to MediaBox
2025-06-08 13:50:43,431 - pdfminer.pdfpage - WARNING - CropBox missing from /Page, defaulting to MediaBox
2025-06-08 13:50:43,432 - pdfminer.pdfpage - WARNING - CropBox missing from /Page, defaulting to MediaBox
2025-06-08 13:50:43,432 - pdfminer.pdfpage - WARNING - CropBox missing from /Page, defaulting to MediaBox
2025-06-08 13:50:43,432 - pdfminer.pdfpage - WARNING - CropBox missing from /Page, defaulting to MediaBox
2025-06-08 13:50:43,432 - pdfminer.pdfpage - WARNING - CropBox missing from /Page, defaulting to MediaBox
2025-06-08 13:50:43,433 - pdfminer.pdfpage - WARNING - CropBox missing from /Page, defaulting to MediaBox
2025-06-08 13:50:43,433 - pdfminer.pdfpage - WARNING - CropBox missing from /Page, defaulting to MediaBox
2025-06-08 13:50:43,433 - pdfminer.pdfpage - WARNING - CropBox missing from /Page, defaulting to MediaBox
2025-06-08 13:50:43,434 - pdfminer.pdfpage - WARNING - CropBox missing from /Page, defaulting to MediaBox
2025-06-08 13:50:43,434 - pdfminer.pdfpage - WARNING - CropBox missing from /Page, defaulting to MediaBox
2025-06-08 13:50:43,434 - pdfminer.pdfpage - WARNING - CropBox missing from /Page, defaulting to MediaBox
2025-06-08 13:50:43,435 - pdfminer.pdfpage - WARNING - CropBox missing from /Page, defaulting to MediaBox
2025-06-08 13:50:43,435 - pdfminer.pdfpage - WARNING - CropBox missing from /Page, defaulting to MediaBox
2025-06-08 13:50:43,435 - pdfminer.pdfpage - WARNING - CropBox missing from /Page, defaulting to MediaBox
2025-06-08 13:50:43,435 - pdfminer.pdfpage - WARNING - CropBox missing from /Page, defaulting to MediaBox
2025-06-08 13:50:43,436 - pdfminer.pdfpage - WARNING - CropBox missing from /Page, defaulting to MediaBox
2025-06-08 13:50:43,436 - pdfminer.pdfpage - WARNING - CropBox missing from /Page, defaulting to MediaBox
2025-06-08 13:50:43,436 - pdfminer.pdfpage - WARNING - CropBox missing from /Page, defaulting to MediaBox
2025-06-08 13:50:43,437 - pdfminer.pdfpage - WARNING - CropBox missing from /Page, defaulting to MediaBox
2025-06-08 13:50:43,437 - pdfminer.pdfpage - WARNING - CropBox missing from /Page, defaulting to MediaBox
2025-06-08 13:50:43,437 - pdfminer.pdfpage - WARNING - CropBox missing from /Page, defaulting to MediaBox
2025-06-08 13:50:43,437 - pdfminer.pdfpage - WARNING - CropBox missing from /Page, defaulting to MediaBox
2025-06-08 13:50:43,438 - pdfminer.pdfpage - WARNING - CropBox missing from /Page, defaulting to MediaBox
2025-06-08 13:50:43,438 - pdfminer.pdfpage - WARNING - CropBox missing from /Page, defaulting to MediaBox
2025-06-08 13:50:43,439 - pdfminer.pdfpage - WARNING - CropBox missing from /Page, defaulting to MediaBox
2025-06-08 13:50:43,439 - pdfminer.pdfpage - WARNING - CropBox missing from /Page, defaulting to MediaBox
2025-06-08 13:50:43,439 - pdfminer.pdfpage - WARNING - CropBox missing from /Page, defaulting to MediaBox
2025-06-08 13:50:43,440 - pdfminer.pdfpage - WARNING - CropBox missing from /Page, defaulting to MediaBox
2025-06-08 13:50:43,440 - pdfminer.pdfpage - WARNING - CropBox missing from /Page, defaulting to MediaBox
2025-06-08 13:50:43,440 - pdfminer.pdfpage - WARNING - CropBox missing from /Page, defaulting to MediaBox
2025-06-08 13:50:43,440 - pdfminer.pdfpage - WARNING - CropBox missing from /Page, defaulting to MediaBox
2025-06-08 13:50:43,441 - pdfminer.pdfpage - WARNING - CropBox missing from /Page, defaulting to MediaBox
2025-06-08 13:50:43,441 - pdfminer.pdfpage - WARNING - CropBox missing from /Page, defaulting to MediaBox
2025-06-08 13:50:43,441 - pdfminer.pdfpage - WARNING - CropBox missing from /Page, defaulting to MediaBox
2025-06-08 13:50:43,441 - pdfminer.pdfpage - WARNING - CropBox missing from /Page, defaulting to MediaBox
2025-06-08 13:50:43,442 - pdfminer.pdfpage - WARNING - CropBox missing from /Page, defaulting to MediaBox
2025-06-08 13:50:43,442 - pdfminer.pdfpage - WARNING - CropBox missing from /Page, defaulting to MediaBox
2025-06-08 13:50:43,443 - pdfminer.pdfpage - WARNING - CropBox missing from /Page, defaulting to MediaBox
2025-06-08 13:50:43,443 - pdfminer.pdfpage - WARNING - CropBox missing from /Page, defaulting to MediaBox
2025-06-08 13:50:43,443 - pdfminer.pdfpage - WARNING - CropBox missing from /Page, defaulting to MediaBox
2025-06-08 13:50:43,444 - pdfminer.pdfpage - WARNING - CropBox missing from /Page, defaulting to MediaBox
2025-06-08 13:50:43,444 - pdfminer.pdfpage - WARNING - CropBox missing from /Page, defaulting to MediaBox
2025-06-08 13:50:43,444 - pdfminer.pdfpage - WARNING - CropBox missing from /Page, defaulting to MediaBox
2025-06-08 13:50:43,444 - pdfminer.pdfpage - WARNING - CropBox missing from /Page, defaulting to MediaBox
2025-06-08 13:50:43,445 - pdfminer.pdfpage - WARNING - CropBox missing from /Page, defaulting to MediaBox
2025-06-08 13:50:43,445 - pdfminer.pdfpage - WARNING - CropBox missing from /Page, defaulting to MediaBox
2025-06-08 13:50:43,445 - pdfminer.pdfpage - WARNING - CropBox missing from /Page, defaulting to MediaBox
2025-06-08 13:50:43,446 - pdfminer.pdfpage - WARNING - CropBox missing from /Page, defaulting to MediaBox
2025-06-08 13:50:43,447 - pdfminer.pdfpage - WARNING - CropBox missing from /Page, defaulting to MediaBox
2025-06-08 13:50:43,447 - pdfminer.pdfpage - WARNING - CropBox missing from /Page, defaulting to MediaBox
2025-06-08 13:50:43,447 - pdfminer.pdfpage - WARNING - CropBox missing from /Page, defaulting to MediaBox
2025-06-08 13:50:43,448 - pdfminer.pdfpage - WARNING - CropBox missing from /Page, defaulting to MediaBox
2025-06-08 13:50:43,448 - pdfminer.pdfpage - WARNING - CropBox missing from /Page, defaulting to MediaBox
2025-06-08 13:50:43,448 - pdfminer.pdfpage - WARNING - CropBox missing from /Page, defaulting to MediaBox
2025-06-08 13:50:43,449 - pdfminer.pdfpage - WARNING - CropBox missing from /Page, defaulting to MediaBox
2025-06-08 13:50:43,449 - pdfminer.pdfpage - WARNING - CropBox missing from /Page, defaulting to MediaBox
2025-06-08 13:50:43,449 - pdfminer.pdfpage - WARNING - CropBox missing from /Page, defaulting to MediaBox
2025-06-08 13:50:43,449 - pdfminer.pdfpage - WARNING - CropBox missing from /Page, defaulting to MediaBox
2025-06-08 13:50:43,450 - pdfminer.pdfpage - WARNING - CropBox missing from /Page, defaulting to MediaBox
2025-06-08 13:50:43,450 - pdfminer.pdfpage - WARNING - CropBox missing from /Page, defaulting to MediaBox
2025-06-08 13:50:43,450 - pdfminer.pdfpage - WARNING - CropBox missing from /Page, defaulting to MediaBox
2025-06-08 13:50:43,451 - pdfminer.pdfpage - WARNING - CropBox missing from /Page, defaulting to MediaBox
2025-06-08 13:50:43,451 - pdf_extractor - INFO - Processando 333 páginas do PDF
2025-06-08 13:50:43,495 - pdf_extractor - INFO - Competência encontrada na página 2 com padrão 4: 04/2025
2025-06-08 13:50:43,498 - pdf_extractor - INFO - Encontrado padrão específico 04/2025 no texto
2025-06-08 13:50:43,498 - pdf_extractor - INFO - Competência encontrada no texto: 04/2025
2025-06-08 13:50:43,499 - pdf_extractor - WARNING - Nenhum dado extraído do texto na página 2
2025-06-08 13:50:43,706 - pdf_extractor - INFO - Competência encontrada na página 3 com padrão 1: 01/2022
2025-06-08 13:50:43,803 - pdf_extractor - INFO - Extraídos 33 registros das tabelas na página 3
2025-06-08 13:50:44,018 - pdf_extractor - INFO - Competência encontrada na página 4 com padrão 1: 01/2022
2025-06-08 13:50:44,113 - pdf_extractor - INFO - Encontrado tomador '50 BATALHÃO DE INFANTARIA': 50 BATALHÃO DE INFANTARIA DE
2025-06-08 13:50:44,114 - pdf_extractor - INFO - Encontrado tomador '50 BATALHÃO DE INFANTARIA': 50 BATALHÃO DE INFANTARIA DE
2025-06-08 13:50:44,114 - pdf_extractor - INFO - Encontrado tomador '50 BATALHÃO DE INFANTARIA': 50 BATALHÃO DE INFANTARIA DE
2025-06-08 13:50:44,114 - pdf_extractor - INFO - Extraídos 34 registros das tabelas na página 4
2025-06-08 13:50:44,394 - pdf_extractor - INFO - Competência encontrada na página 5 com padrão 1: 01/2022
2025-06-08 13:50:44,489 - pdf_extractor - INFO - Extraídos 35 registros das tabelas na página 5
2025-06-08 13:50:44,708 - pdf_extractor - INFO - Competência encontrada na página 6 com padrão 1: 01/2022
2025-06-08 13:50:44,832 - pdf_extractor - INFO - Extraídos 34 registros das tabelas na página 6
2025-06-08 13:50:45,056 - pdf_extractor - INFO - Competência encontrada na página 7 com padrão 1: 01/2022
2025-06-08 13:50:45,183 - pdf_extractor - INFO - Extraídos 35 registros das tabelas na página 7
2025-06-08 13:50:45,449 - pdf_extractor - INFO - Competência encontrada na página 8 com padrão 1: 01/2022
2025-06-08 13:50:45,570 - pdf_extractor - INFO - Extraídos 34 registros das tabelas na página 8
2025-06-08 13:50:45,798 - pdf_extractor - INFO - Competência encontrada na página 9 com padrão 1: 01/2022
2025-06-08 13:50:45,901 - pdf_extractor - INFO - Extraídos 35 registros das tabelas na página 9
2025-06-08 13:50:46,111 - pdf_extractor - INFO - Competência encontrada na página 10 com padrão 1: 01/2022
2025-06-08 13:50:46,199 - pdf_extractor - INFO - Extraídos 34 registros das tabelas na página 10
2025-06-08 13:50:46,490 - pdf_extractor - INFO - Competência encontrada na página 11 com padrão 1: 01/2022
2025-06-08 13:50:46,585 - pdf_extractor - INFO - Extraídos 35 registros das tabelas na página 11
2025-06-08 13:50:46,797 - pdf_extractor - INFO - Competência encontrada na página 12 com padrão 1: 01/2022
2025-06-08 13:50:46,895 - pdf_extractor - INFO - Extraídos 34 registros das tabelas na página 12
2025-06-08 13:50:47,106 - pdf_extractor - INFO - Competência encontrada na página 13 com padrão 1: 01/2022
2025-06-08 13:50:47,214 - pdf_extractor - INFO - Extraídos 35 registros das tabelas na página 13
2025-06-08 13:50:47,301 - pdf_extractor - INFO - Competência encontrada na página 14 com padrão 1: 01/2022
2025-06-08 13:50:47,317 - pdf_extractor - INFO - Extraídos 10 registros das tabelas na página 14
2025-06-08 13:50:47,549 - pdf_extractor - INFO - Competência encontrada na página 15 com padrão 1: 02/2022
2025-06-08 13:50:47,684 - pdf_extractor - INFO - Extraídos 35 registros das tabelas na página 15
2025-06-08 13:50:47,926 - pdf_extractor - INFO - Competência encontrada na página 16 com padrão 1: 02/2022
2025-06-08 13:50:48,033 - pdf_extractor - INFO - Extraídos 33 registros das tabelas na página 16
2025-06-08 13:50:48,273 - pdf_extractor - INFO - Competência encontrada na página 17 com padrão 1: 02/2022
2025-06-08 13:50:48,368 - pdf_extractor - INFO - Extraídos 34 registros das tabelas na página 17
2025-06-08 13:50:48,585 - pdf_extractor - INFO - Competência encontrada na página 18 com padrão 1: 02/2022
2025-06-08 13:50:48,679 - pdf_extractor - INFO - Extraídos 35 registros das tabelas na página 18
2025-06-08 13:50:49,007 - pdf_extractor - INFO - Competência encontrada na página 19 com padrão 1: 02/2022
2025-06-08 13:50:49,098 - pdf_extractor - INFO - Extraídos 34 registros das tabelas na página 19
2025-06-08 13:50:49,317 - pdf_extractor - INFO - Competência encontrada na página 20 com padrão 1: 02/2022
2025-06-08 13:50:49,433 - pdf_extractor - INFO - Extraídos 35 registros das tabelas na página 20
2025-06-08 13:50:49,654 - pdf_extractor - INFO - Competência encontrada na página 21 com padrão 1: 02/2022
2025-06-08 13:50:49,769 - pdf_extractor - INFO - Extraídos 34 registros das tabelas na página 21
2025-06-08 13:50:49,913 - pdf_extractor - INFO - Competência encontrada na página 22 com padrão 1: 02/2022
2025-06-08 13:50:49,951 - pdf_extractor - INFO - Extraídos 16 registros das tabelas na página 22
2025-06-08 13:50:50,182 - pdf_extractor - INFO - Competência encontrada na página 23 com padrão 1: 03/2022
2025-06-08 13:50:50,308 - pdf_extractor - INFO - Extraídos 33 registros das tabelas na página 23
2025-06-08 13:50:50,566 - pdf_extractor - INFO - Competência encontrada na página 24 com padrão 1: 03/2022
2025-06-08 13:50:50,689 - pdf_extractor - INFO - Encontrado tomador '50 BATALHÃO DE INFANTARIA': 50 BATALHÃO DE INFANTARIA DE
2025-06-08 13:50:50,690 - pdf_extractor - INFO - Encontrado tomador '50 BATALHÃO DE INFANTARIA': 50 BATALHÃO DE INFANTARIA DE
2025-06-08 13:50:50,690 - pdf_extractor - INFO - Extraídos 34 registros das tabelas na página 24
2025-06-08 13:50:51,058 - pdf_extractor - INFO - Competência encontrada na página 25 com padrão 1: 03/2022
2025-06-08 13:50:51,161 - pdf_extractor - INFO - Extraídos 35 registros das tabelas na página 25
2025-06-08 13:50:51,383 - pdf_extractor - INFO - Competência encontrada na página 26 com padrão 1: 03/2022
2025-06-08 13:50:51,468 - pdf_extractor - INFO - Extraídos 34 registros das tabelas na página 26
2025-06-08 13:50:51,681 - pdf_extractor - INFO - Competência encontrada na página 27 com padrão 1: 03/2022
2025-06-08 13:50:51,776 - pdf_extractor - INFO - Extraídos 35 registros das tabelas na página 27
2025-06-08 13:50:52,034 - pdf_extractor - INFO - Competência encontrada na página 28 com padrão 1: 03/2022
2025-06-08 13:50:52,157 - pdf_extractor - INFO - Extraídos 34 registros das tabelas na página 28
2025-06-08 13:50:52,186 - pdf_extractor - INFO - Competência encontrada na página 29 com padrão 1: 03/2022
2025-06-08 13:50:52,190 - pdf_extractor - INFO - Extraídos 2 registros das tabelas na página 29
2025-06-08 13:50:52,422 - pdf_extractor - INFO - Competência encontrada na página 30 com padrão 1: 04/2022
2025-06-08 13:50:52,558 - pdf_extractor - INFO - Extraídos 34 registros das tabelas na página 30
2025-06-08 13:50:52,795 - pdf_extractor - INFO - Competência encontrada na página 31 com padrão 1: 04/2022
2025-06-08 13:50:52,929 - pdf_extractor - INFO - Extraídos 34 registros das tabelas na página 31
2025-06-08 13:50:53,195 - pdf_extractor - INFO - Competência encontrada na página 32 com padrão 1: 04/2022
2025-06-08 13:50:53,342 - pdf_extractor - INFO - Extraídos 34 registros das tabelas na página 32
2025-06-08 13:50:53,740 - pdf_extractor - INFO - Competência encontrada na página 33 com padrão 1: 04/2022
2025-06-08 13:50:53,845 - pdf_extractor - INFO - Extraídos 35 registros das tabelas na página 33
2025-06-08 13:50:53,962 - pdf_extractor - INFO - Competência encontrada na página 34 com padrão 1: 04/2022
2025-06-08 13:50:53,995 - pdf_extractor - INFO - Extraídos 18 registros das tabelas na página 34
2025-06-08 13:50:54,230 - pdf_extractor - INFO - Competência encontrada na página 35 com padrão 1: 05/2022
2025-06-08 13:50:54,341 - pdf_extractor - INFO - Extraídos 34 registros das tabelas na página 35
2025-06-08 13:50:54,558 - pdf_extractor - INFO - Competência encontrada na página 36 com padrão 1: 05/2022
2025-06-08 13:50:54,649 - pdf_extractor - INFO - Extraídos 35 registros das tabelas na página 36
2025-06-08 13:50:54,865 - pdf_extractor - INFO - Competência encontrada na página 37 com padrão 1: 05/2022
2025-06-08 13:50:54,950 - pdf_extractor - INFO - Encontrado tomador '50 BATALHÃO DE INFANTARIA': 50 BATALHÃO DE INFANTARIA DE
2025-06-08 13:50:54,951 - pdf_extractor - INFO - Encontrado tomador '50 BATALHÃO DE INFANTARIA': 50 BATALHÃO DE INFANTARIA DE
2025-06-08 13:50:54,951 - pdf_extractor - INFO - Extraídos 34 registros das tabelas na página 37
2025-06-08 13:50:55,158 - pdf_extractor - INFO - Competência encontrada na página 38 com padrão 1: 05/2022
2025-06-08 13:50:55,256 - pdf_extractor - INFO - Encontrado tomador '50 BATALHÃO DE INFANTARIA': 50 BATALHÃO DE INFANTARIA DE
2025-06-08 13:50:55,257 - pdf_extractor - INFO - Extraídos 34 registros das tabelas na página 38
2025-06-08 13:50:55,481 - pdf_extractor - INFO - Competência encontrada na página 39 com padrão 1: 05/2022
2025-06-08 13:50:55,591 - pdf_extractor - INFO - Extraídos 35 registros das tabelas na página 39
2025-06-08 13:50:55,990 - pdf_extractor - INFO - Competência encontrada na página 40 com padrão 1: 05/2022
2025-06-08 13:50:56,079 - pdf_extractor - INFO - Extraídos 32 registros das tabelas na página 40
2025-06-08 13:50:56,096 - pdf_extractor - INFO - Competência encontrada na página 41 com padrão 1: 05/2022
2025-06-08 13:50:56,098 - pdf_extractor - INFO - Competência encontrada no texto: 05/2022
2025-06-08 13:50:56,098 - pdf_extractor - WARNING - Nenhum dado extraído do texto na página 41
2025-06-08 13:50:56,319 - pdf_extractor - INFO - Competência encontrada na página 42 com padrão 1: 06/2022
2025-06-08 13:50:56,425 - pdf_extractor - INFO - Extraídos 34 registros das tabelas na página 42
2025-06-08 13:50:56,655 - pdf_extractor - INFO - Competência encontrada na página 43 com padrão 1: 06/2022
2025-06-08 13:50:56,744 - pdf_extractor - INFO - Extraídos 34 registros das tabelas na página 43
2025-06-08 13:50:56,957 - pdf_extractor - INFO - Competência encontrada na página 44 com padrão 1: 06/2022
2025-06-08 13:50:57,048 - pdf_extractor - INFO - Encontrado tomador '50 BATALHÃO DE INFANTARIA': 50 BATALHÃO DE INFANTARIA DE
2025-06-08 13:50:57,049 - pdf_extractor - INFO - Encontrado tomador '50 BATALHÃO DE INFANTARIA': 50 BATALHÃO DE INFANTARIA DE
2025-06-08 13:50:57,049 - pdf_extractor - INFO - Extraídos 35 registros das tabelas na página 44
2025-06-08 13:50:57,263 - pdf_extractor - INFO - Competência encontrada na página 45 com padrão 1: 06/2022
2025-06-08 13:50:57,357 - pdf_extractor - INFO - Extraídos 34 registros das tabelas na página 45
2025-06-08 13:50:57,572 - pdf_extractor - INFO - Competência encontrada na página 46 com padrão 1: 06/2022
2025-06-08 13:50:57,695 - pdf_extractor - INFO - Extraídos 35 registros das tabelas na página 46
2025-06-08 13:50:57,913 - pdf_extractor - INFO - Competência encontrada na página 47 com padrão 1: 06/2022
2025-06-08 13:50:58,015 - pdf_extractor - INFO - Extraídos 34 registros das tabelas na página 47
2025-06-08 13:50:58,375 - pdf_extractor - INFO - Competência encontrada na página 48 com padrão 1: 06/2022
2025-06-08 13:50:58,421 - pdf_extractor - INFO - Extraídos 22 registros das tabelas na página 48
2025-06-08 13:50:58,641 - pdf_extractor - INFO - Competência encontrada na página 49 com padrão 1: 07/2022
2025-06-08 13:50:58,739 - pdf_extractor - INFO - Extraídos 34 registros das tabelas na página 49
2025-06-08 13:50:58,959 - pdf_extractor - INFO - Competência encontrada na página 50 com padrão 1: 07/2022
2025-06-08 13:50:59,055 - pdf_extractor - INFO - Encontrado tomador '50 BATALHÃO DE INFANTARIA': 50 BATALHÃO DE INFANTARIA DE
2025-06-08 13:50:59,055 - pdf_extractor - INFO - Encontrado tomador '50 BATALHÃO DE INFANTARIA': 50 BATALHÃO DE INFANTARIA DE
2025-06-08 13:50:59,055 - pdf_extractor - INFO - Encontrado tomador '50 BATALHÃO DE INFANTARIA': 50 BATALHÃO DE INFANTARIA DE
2025-06-08 13:50:59,055 - pdf_extractor - INFO - Encontrado tomador '50 BATALHÃO DE INFANTARIA': 50 BATALHÃO DE INFANTARIA DE
2025-06-08 13:50:59,056 - pdf_extractor - INFO - Encontrado tomador '50 BATALHÃO DE INFANTARIA': 50 BATALHÃO DE INFANTARIA DE
2025-06-08 13:50:59,056 - pdf_extractor - INFO - Encontrado tomador '50 BATALHÃO DE INFANTARIA': 50 BATALHÃO DE INFANTARIA DE
2025-06-08 13:50:59,056 - pdf_extractor - INFO - Extraídos 34 registros das tabelas na página 50
2025-06-08 13:50:59,277 - pdf_extractor - INFO - Competência encontrada na página 51 com padrão 1: 07/2022
2025-06-08 13:50:59,365 - pdf_extractor - INFO - Extraídos 34 registros das tabelas na página 51
2025-06-08 13:50:59,582 - pdf_extractor - INFO - Competência encontrada na página 52 com padrão 1: 07/2022
2025-06-08 13:50:59,674 - pdf_extractor - INFO - Extraídos 35 registros das tabelas na página 52
2025-06-08 13:50:59,886 - pdf_extractor - INFO - Competência encontrada na página 53 com padrão 1: 07/2022
2025-06-08 13:50:59,984 - pdf_extractor - INFO - Extraídos 34 registros das tabelas na página 53
2025-06-08 13:51:00,205 - pdf_extractor - INFO - Competência encontrada na página 54 com padrão 1: 07/2022
2025-06-08 13:51:00,305 - pdf_extractor - INFO - Extraídos 35 registros das tabelas na página 54
2025-06-08 13:51:00,522 - pdf_extractor - INFO - Competência encontrada na página 55 com padrão 1: 07/2022
2025-06-08 13:51:00,613 - pdf_extractor - INFO - Extraídos 34 registros das tabelas na página 55
2025-06-08 13:51:00,756 - pdf_extractor - INFO - Competência encontrada na página 56 com padrão 1: 07/2022
2025-06-08 13:51:00,801 - pdf_extractor - INFO - Extraídos 21 registros das tabelas na página 56
2025-06-08 13:51:01,029 - pdf_extractor - INFO - Competência encontrada na página 57 com padrão 1: 08/2022
2025-06-08 13:51:01,134 - pdf_extractor - INFO - Extraídos 35 registros das tabelas na página 57
2025-06-08 13:51:01,617 - pdf_extractor - INFO - Competência encontrada na página 58 com padrão 1: 08/2022
2025-06-08 13:51:01,698 - pdf_extractor - INFO - Extraídos 33 registros das tabelas na página 58
2025-06-08 13:51:01,933 - pdf_extractor - INFO - Competência encontrada na página 59 com padrão 1: 08/2022
2025-06-08 13:51:02,059 - pdf_extractor - INFO - Encontrado tomador '50 BATALHÃO DE INFANTARIA': 50 BATALHÃO DE INFANTARIA DE
2025-06-08 13:51:02,059 - pdf_extractor - INFO - Extraídos 35 registros das tabelas na página 59
2025-06-08 13:51:02,280 - pdf_extractor - INFO - Competência encontrada na página 60 com padrão 1: 08/2022
2025-06-08 13:51:02,379 - pdf_extractor - INFO - Extraídos 34 registros das tabelas na página 60
2025-06-08 13:51:02,605 - pdf_extractor - INFO - Competência encontrada na página 61 com padrão 1: 08/2022
2025-06-08 13:51:02,703 - pdf_extractor - INFO - Extraídos 35 registros das tabelas na página 61
2025-06-08 13:51:02,927 - pdf_extractor - INFO - Competência encontrada na página 62 com padrão 1: 08/2022
2025-06-08 13:51:03,042 - pdf_extractor - INFO - Extraídos 34 registros das tabelas na página 62
2025-06-08 13:51:03,282 - pdf_extractor - INFO - Competência encontrada na página 63 com padrão 1: 08/2022
2025-06-08 13:51:03,392 - pdf_extractor - INFO - Extraídos 35 registros das tabelas na página 63
2025-06-08 13:51:03,619 - pdf_extractor - INFO - Competência encontrada na página 64 com padrão 1: 08/2022
2025-06-08 13:51:03,717 - pdf_extractor - INFO - Extraídos 34 registros das tabelas na página 64
2025-06-08 13:51:03,903 - pdf_extractor - INFO - Competência encontrada na página 65 com padrão 1: 08/2022
2025-06-08 13:51:03,963 - pdf_extractor - INFO - Extraídos 26 registros das tabelas na página 65
2025-06-08 13:51:04,170 - pdf_extractor - INFO - Competência encontrada na página 66 com padrão 1: 09/2022
2025-06-08 13:51:04,269 - pdf_extractor - INFO - Extraídos 34 registros das tabelas na página 66
2025-06-08 13:51:04,501 - pdf_extractor - INFO - Competência encontrada na página 67 com padrão 1: 09/2022
2025-06-08 13:51:04,590 - pdf_extractor - INFO - Extraídos 33 registros das tabelas na página 67
2025-06-08 13:51:05,096 - pdf_extractor - INFO - Competência encontrada na página 68 com padrão 1: 09/2022
2025-06-08 13:51:05,197 - pdf_extractor - INFO - Extraídos 34 registros das tabelas na página 68
2025-06-08 13:51:05,417 - pdf_extractor - INFO - Competência encontrada na página 69 com padrão 1: 09/2022
2025-06-08 13:51:05,553 - pdf_extractor - INFO - Extraídos 34 registros das tabelas na página 69
2025-06-08 13:51:05,792 - pdf_extractor - INFO - Competência encontrada na página 70 com padrão 1: 09/2022
2025-06-08 13:51:05,901 - pdf_extractor - INFO - Extraídos 34 registros das tabelas na página 70
2025-06-08 13:51:06,141 - pdf_extractor - INFO - Competência encontrada na página 71 com padrão 1: 09/2022
2025-06-08 13:51:06,260 - pdf_extractor - INFO - Extraídos 35 registros das tabelas na página 71
2025-06-08 13:51:06,494 - pdf_extractor - INFO - Competência encontrada na página 72 com padrão 1: 09/2022
2025-06-08 13:51:06,589 - pdf_extractor - INFO - Extraídos 34 registros das tabelas na página 72
2025-06-08 13:51:06,808 - pdf_extractor - INFO - Competência encontrada na página 73 com padrão 1: 09/2022
2025-06-08 13:51:06,903 - pdf_extractor - INFO - Extraídos 35 registros das tabelas na página 73
2025-06-08 13:51:07,000 - pdf_extractor - INFO - Competência encontrada na página 74 com padrão 1: 09/2022
2025-06-08 13:51:07,019 - pdf_extractor - INFO - Extraídos 13 registros das tabelas na página 74
2025-06-08 13:51:07,227 - pdf_extractor - INFO - Competência encontrada na página 75 com padrão 1: 10/2022
2025-06-08 13:51:07,309 - pdf_extractor - INFO - Extraídos 34 registros das tabelas na página 75
2025-06-08 13:51:07,521 - pdf_extractor - INFO - Competência encontrada na página 76 com padrão 1: 10/2022
2025-06-08 13:51:07,618 - pdf_extractor - INFO - Extraídos 34 registros das tabelas na página 76
2025-06-08 13:51:07,843 - pdf_extractor - INFO - Competência encontrada na página 77 com padrão 1: 10/2022
2025-06-08 13:51:07,941 - pdf_extractor - INFO - Extraídos 35 registros das tabelas na página 77
2025-06-08 13:51:08,179 - pdf_extractor - INFO - Competência encontrada na página 78 com padrão 1: 10/2022
2025-06-08 13:51:08,292 - pdf_extractor - INFO - Extraídos 34 registros das tabelas na página 78
2025-06-08 13:51:08,520 - pdf_extractor - INFO - Competência encontrada na página 79 com padrão 1: 10/2022
2025-06-08 13:51:08,624 - pdf_extractor - INFO - Extraídos 34 registros das tabelas na página 79
2025-06-08 13:51:08,885 - pdf_extractor - INFO - Competência encontrada na página 80 com padrão 1: 10/2022
2025-06-08 13:51:08,977 - pdf_extractor - INFO - Extraídos 35 registros das tabelas na página 80
2025-06-08 13:51:09,087 - pdf_extractor - INFO - Competência encontrada na página 81 com padrão 1: 10/2022
2025-06-08 13:51:09,112 - pdf_extractor - INFO - Extraídos 16 registros das tabelas na página 81
2025-06-08 13:51:09,648 - pdf_extractor - INFO - Competência encontrada na página 82 com padrão 1: 11/2022
2025-06-08 13:51:09,738 - pdf_extractor - INFO - Extraídos 33 registros das tabelas na página 82
2025-06-08 13:51:09,975 - pdf_extractor - INFO - Competência encontrada na página 83 com padrão 1: 11/2022
2025-06-08 13:51:10,095 - pdf_extractor - INFO - Extraídos 35 registros das tabelas na página 83
2025-06-08 13:51:10,343 - pdf_extractor - INFO - Competência encontrada na página 84 com padrão 1: 11/2022
2025-06-08 13:51:10,469 - pdf_extractor - INFO - Encontrado tomador '50 BATALHÃO DE INFANTARIA': 50 BATALHÃO DE INFANTARIA DE
2025-06-08 13:51:10,470 - pdf_extractor - INFO - Encontrado tomador '50 BATALHÃO DE INFANTARIA': 50 BATALHÃO DE INFANTARIA DE
2025-06-08 13:51:10,470 - pdf_extractor - INFO - Extraídos 34 registros das tabelas na página 84
2025-06-08 13:51:10,535 - pdf_extractor - INFO - Competência encontrada na página 85 com padrão 1: 11/2022
2025-06-08 13:51:10,546 - pdf_extractor - INFO - Extraídos 8 registros das tabelas na página 85
2025-06-08 13:51:10,783 - pdf_extractor - INFO - Competência encontrada na página 86 com padrão 1: 12/2022
2025-06-08 13:51:10,890 - pdf_extractor - INFO - Extraídos 34 registros das tabelas na página 86
2025-06-08 13:51:11,131 - pdf_extractor - INFO - Competência encontrada na página 87 com padrão 1: 12/2022
2025-06-08 13:51:11,248 - pdf_extractor - INFO - Extraídos 34 registros das tabelas na página 87
2025-06-08 13:51:11,475 - pdf_extractor - INFO - Competência encontrada na página 88 com padrão 1: 12/2022
2025-06-08 13:51:11,579 - pdf_extractor - INFO - Encontrado tomador '50 BATALHÃO DE INFANTARIA': 50 BATALHÃO DE INFANTARIA DE
2025-06-08 13:51:11,580 - pdf_extractor - INFO - Extraídos 34 registros das tabelas na página 88
2025-06-08 13:51:11,799 - pdf_extractor - INFO - Competência encontrada na página 89 com padrão 1: 12/2022
2025-06-08 13:51:11,891 - pdf_extractor - INFO - Encontrado tomador '50 BATALHÃO DE INFANTARIA': 50 BATALHÃO DE INFANTARIA DE
2025-06-08 13:51:11,892 - pdf_extractor - INFO - Encontrado tomador '50 BATALHÃO DE INFANTARIA': 50 BATALHÃO DE INFANTARIA DE
2025-06-08 13:51:11,892 - pdf_extractor - INFO - Extraídos 35 registros das tabelas na página 89
2025-06-08 13:51:12,108 - pdf_extractor - INFO - Competência encontrada na página 90 com padrão 1: 12/2022
2025-06-08 13:51:12,203 - pdf_extractor - INFO - Extraídos 34 registros das tabelas na página 90
2025-06-08 13:51:12,414 - pdf_extractor - INFO - Competência encontrada na página 91 com padrão 1: 12/2022
2025-06-08 13:51:12,516 - pdf_extractor - INFO - Extraídos 35 registros das tabelas na página 91
2025-06-08 13:51:12,744 - pdf_extractor - INFO - Competência encontrada na página 92 com padrão 1: 12/2022
2025-06-08 13:51:12,853 - pdf_extractor - INFO - Encontrado tomador '50 BATALHÃO DE INFANTARIA': 50 BATALHÃO DE INFANTARIA DE
2025-06-08 13:51:12,853 - pdf_extractor - INFO - Extraídos 34 registros das tabelas na página 92
2025-06-08 13:51:13,073 - pdf_extractor - INFO - Competência encontrada na página 93 com padrão 1: 12/2022
2025-06-08 13:51:13,168 - pdf_extractor - INFO - Extraídos 34 registros das tabelas na página 93
2025-06-08 13:51:13,392 - pdf_extractor - INFO - Competência encontrada na página 94 com padrão 1: 12/2022
2025-06-08 13:51:13,502 - pdf_extractor - INFO - Extraídos 34 registros das tabelas na página 94
2025-06-08 13:51:13,577 - pdf_extractor - INFO - Competência encontrada na página 95 com padrão 1: 12/2022
2025-06-08 13:51:13,590 - pdf_extractor - INFO - Extraídos 10 registros das tabelas na página 95
2025-06-08 13:51:13,625 - pdf_extractor - INFO - Competência encontrada na página 96 com padrão 4: 04/2025
2025-06-08 13:51:13,628 - pdf_extractor - INFO - Encontrado padrão específico 04/2025 no texto
2025-06-08 13:51:13,628 - pdf_extractor - INFO - Competência encontrada no texto: 04/2025
2025-06-08 13:51:13,628 - pdf_extractor - WARNING - Nenhum dado extraído do texto na página 96
2025-06-08 13:51:13,665 - pdf_extractor - INFO - Competência encontrada na página 97 com padrão 4: 04/2025
2025-06-08 13:51:13,668 - pdf_extractor - INFO - Encontrado padrão específico 04/2025 no texto
2025-06-08 13:51:13,669 - pdf_extractor - INFO - Competência encontrada no texto: 04/2025
2025-06-08 13:51:13,669 - pdf_extractor - WARNING - Nenhum dado extraído do texto na página 97
2025-06-08 13:51:13,704 - pdf_extractor - INFO - Competência encontrada na página 98 com padrão 4: 04/2025
2025-06-08 13:51:13,707 - pdf_extractor - INFO - Encontrado padrão específico 04/2025 no texto
2025-06-08 13:51:13,707 - pdf_extractor - INFO - Competência encontrada no texto: 04/2025
2025-06-08 13:51:13,707 - pdf_extractor - WARNING - Nenhum dado extraído do texto na página 98
2025-06-08 13:51:13,931 - pdf_extractor - INFO - Competência encontrada na página 99 com padrão 1: 01/2023
2025-06-08 13:51:14,022 - pdf_extractor - INFO - Extraídos 34 registros das tabelas na página 99
2025-06-08 13:51:14,658 - pdf_extractor - INFO - Competência encontrada na página 100 com padrão 1: 01/2023
2025-06-08 13:51:14,748 - pdf_extractor - INFO - Extraídos 35 registros das tabelas na página 100
2025-06-08 13:51:14,958 - pdf_extractor - INFO - Competência encontrada na página 101 com padrão 1: 01/2023
2025-06-08 13:51:15,058 - pdf_extractor - INFO - Extraídos 33 registros das tabelas na página 101
2025-06-08 13:51:15,275 - pdf_extractor - INFO - Competência encontrada na página 102 com padrão 1: 01/2023
2025-06-08 13:51:15,385 - pdf_extractor - INFO - Extraídos 35 registros das tabelas na página 102
2025-06-08 13:51:15,601 - pdf_extractor - INFO - Competência encontrada na página 103 com padrão 1: 01/2023
2025-06-08 13:51:15,696 - pdf_extractor - INFO - Encontrado tomador '50 BATALHÃO DE INFANTARIA': 50 BATALHÃO DE INFANTARIA DE
2025-06-08 13:51:15,696 - pdf_extractor - INFO - Encontrado tomador '50 BATALHÃO DE INFANTARIA': 50 BATALHÃO DE INFANTARIA DE
2025-06-08 13:51:15,696 - pdf_extractor - INFO - Encontrado tomador '50 BATALHÃO DE INFANTARIA': 50 BATALHÃO DE INFANTARIA DE
2025-06-08 13:51:15,697 - pdf_extractor - INFO - Encontrado tomador '50 BATALHÃO DE INFANTARIA': 50 BATALHÃO DE INFANTARIA DE
2025-06-08 13:51:15,697 - pdf_extractor - INFO - Extraídos 34 registros das tabelas na página 103
2025-06-08 13:51:15,921 - pdf_extractor - INFO - Competência encontrada na página 104 com padrão 1: 01/2023
2025-06-08 13:51:16,026 - pdf_extractor - INFO - Extraídos 35 registros das tabelas na página 104
2025-06-08 13:51:16,240 - pdf_extractor - INFO - Competência encontrada na página 105 com padrão 1: 01/2023
2025-06-08 13:51:16,331 - pdf_extractor - INFO - Extraídos 31 registros das tabelas na página 105
2025-06-08 13:51:16,546 - pdf_extractor - INFO - Competência encontrada na página 106 com padrão 1: 02/2023
2025-06-08 13:51:16,647 - pdf_extractor - INFO - Encontrado tomador '50 BATALHÃO DE INFANTARIA': 50 BATALHÃO DE INFANTARIA DE
2025-06-08 13:51:16,648 - pdf_extractor - INFO - Encontrado tomador '50 BATALHÃO DE INFANTARIA': 50 BATALHÃO DE INFANTARIA DE
2025-06-08 13:51:16,648 - pdf_extractor - INFO - Encontrado tomador '50 BATALHÃO DE INFANTARIA': 50 BATALHÃO DE INFANTARIA DE
2025-06-08 13:51:16,648 - pdf_extractor - INFO - Encontrado tomador '50 BATALHÃO DE INFANTARIA': 50 BATALHÃO DE INFANTARIA DE
2025-06-08 13:51:16,648 - pdf_extractor - INFO - Encontrado tomador '50 BATALHÃO DE INFANTARIA': 50 BATALHÃO DE INFANTARIA DE
2025-06-08 13:51:16,648 - pdf_extractor - INFO - Encontrado tomador '50 BATALHÃO DE INFANTARIA': 50 BATALHÃO DE INFANTARIA DE
2025-06-08 13:51:16,649 - pdf_extractor - INFO - Extraídos 34 registros das tabelas na página 106
2025-06-08 13:51:16,861 - pdf_extractor - INFO - Competência encontrada na página 107 com padrão 1: 02/2023
2025-06-08 13:51:16,958 - pdf_extractor - INFO - Extraídos 34 registros das tabelas na página 107
2025-06-08 13:51:17,169 - pdf_extractor - INFO - Competência encontrada na página 108 com padrão 1: 02/2023
2025-06-08 13:51:17,256 - pdf_extractor - INFO - Extraídos 34 registros das tabelas na página 108
2025-06-08 13:51:17,476 - pdf_extractor - INFO - Competência encontrada na página 109 com padrão 1: 02/2023
2025-06-08 13:51:17,577 - pdf_extractor - INFO - Encontrado tomador '50 BATALHÃO DE INFANTARIA': 50 BATALHÃO DE INFANTARIA DE
2025-06-08 13:51:17,578 - pdf_extractor - INFO - Extraídos 35 registros das tabelas na página 109
2025-06-08 13:51:17,800 - pdf_extractor - INFO - Competência encontrada na página 110 com padrão 1: 02/2023
2025-06-08 13:51:17,905 - pdf_extractor - INFO - Extraídos 34 registros das tabelas na página 110
2025-06-08 13:51:18,123 - pdf_extractor - INFO - Competência encontrada na página 111 com padrão 1: 02/2023
2025-06-08 13:51:18,227 - pdf_extractor - INFO - Extraídos 34 registros das tabelas na página 111
2025-06-08 13:51:18,385 - pdf_extractor - INFO - Competência encontrada na página 112 com padrão 1: 02/2023
2025-06-08 13:51:18,439 - pdf_extractor - INFO - Extraídos 23 registros das tabelas na página 112
2025-06-08 13:51:18,686 - pdf_extractor - INFO - Competência encontrada na página 113 com padrão 1: 03/2023
2025-06-08 13:51:18,797 - pdf_extractor - INFO - Extraídos 34 registros das tabelas na página 113
2025-06-08 13:51:19,008 - pdf_extractor - INFO - Competência encontrada na página 114 com padrão 1: 03/2023
2025-06-08 13:51:19,103 - pdf_extractor - INFO - Extraídos 34 registros das tabelas na página 114
2025-06-08 13:51:19,317 - pdf_extractor - INFO - Competência encontrada na página 115 com padrão 1: 03/2023
2025-06-08 13:51:19,416 - pdf_extractor - INFO - Extraídos 35 registros das tabelas na página 115
2025-06-08 13:51:19,623 - pdf_extractor - INFO - Competência encontrada na página 116 com padrão 1: 03/2023
2025-06-08 13:51:19,705 - pdf_extractor - INFO - Extraídos 34 registros das tabelas na página 116
2025-06-08 13:51:19,929 - pdf_extractor - INFO - Competência encontrada na página 117 com padrão 1: 03/2023
2025-06-08 13:51:20,032 - pdf_extractor - INFO - Extraídos 34 registros das tabelas na página 117
2025-06-08 13:51:20,752 - pdf_extractor - INFO - Competência encontrada na página 118 com padrão 1: 03/2023
2025-06-08 13:51:20,864 - pdf_extractor - INFO - Extraídos 34 registros das tabelas na página 118
2025-06-08 13:51:21,098 - pdf_extractor - INFO - Competência encontrada na página 119 com padrão 1: 03/2023
2025-06-08 13:51:21,213 - pdf_extractor - INFO - Extraídos 35 registros das tabelas na página 119
2025-06-08 13:51:21,439 - pdf_extractor - INFO - Competência encontrada na página 120 com padrão 1: 03/2023
2025-06-08 13:51:21,534 - pdf_extractor - INFO - Extraídos 34 registros das tabelas na página 120
2025-06-08 13:51:21,564 - pdf_extractor - INFO - Competência encontrada na página 121 com padrão 1: 03/2023
2025-06-08 13:51:21,568 - pdf_extractor - INFO - Extraídos 2 registros das tabelas na página 121
2025-06-08 13:51:21,783 - pdf_extractor - INFO - Competência encontrada na página 122 com padrão 1: 04/2023
2025-06-08 13:51:21,873 - pdf_extractor - INFO - Extraídos 34 registros das tabelas na página 122
2025-06-08 13:51:22,083 - pdf_extractor - INFO - Competência encontrada na página 123 com padrão 1: 04/2023
2025-06-08 13:51:22,182 - pdf_extractor - INFO - Encontrado tomador '50 BATALHÃO DE INFANTARIA': 50 BATALHÃO DE INFANTARIA DE
2025-06-08 13:51:22,182 - pdf_extractor - INFO - Encontrado tomador '50 BATALHÃO DE INFANTARIA': 50 BATALHÃO DE INFANTARIA DE
2025-06-08 13:51:22,183 - pdf_extractor - INFO - Encontrado tomador '50 BATALHÃO DE INFANTARIA': 50 BATALHÃO DE INFANTARIA DE
2025-06-08 13:51:22,183 - pdf_extractor - INFO - Encontrado tomador '50 BATALHÃO DE INFANTARIA': 50 BATALHÃO DE INFANTARIA DE
2025-06-08 13:51:22,183 - pdf_extractor - INFO - Extraídos 34 registros das tabelas na página 123
2025-06-08 13:51:22,404 - pdf_extractor - INFO - Competência encontrada na página 124 com padrão 1: 04/2023
2025-06-08 13:51:22,508 - pdf_extractor - INFO - Extraídos 35 registros das tabelas na página 124
2025-06-08 13:51:22,722 - pdf_extractor - INFO - Competência encontrada na página 125 com padrão 1: 04/2023
2025-06-08 13:51:22,830 - pdf_extractor - INFO - Extraídos 34 registros das tabelas na página 125
2025-06-08 13:51:23,057 - pdf_extractor - INFO - Competência encontrada na página 126 com padrão 1: 04/2023
2025-06-08 13:51:23,181 - pdf_extractor - INFO - Extraídos 35 registros das tabelas na página 126
2025-06-08 13:51:23,412 - pdf_extractor - INFO - Competência encontrada na página 127 com padrão 1: 04/2023
2025-06-08 13:51:23,527 - pdf_extractor - INFO - Extraídos 34 registros das tabelas na página 127
2025-06-08 13:51:23,752 - pdf_extractor - INFO - Competência encontrada na página 128 com padrão 1: 04/2023
2025-06-08 13:51:23,854 - pdf_extractor - INFO - Extraídos 35 registros das tabelas na página 128
2025-06-08 13:51:24,002 - pdf_extractor - INFO - Competência encontrada na página 129 com padrão 1: 04/2023
2025-06-08 13:51:24,052 - pdf_extractor - INFO - Extraídos 23 registros das tabelas na página 129
2025-06-08 13:51:24,273 - pdf_extractor - INFO - Competência encontrada na página 130 com padrão 1: 05/2023
2025-06-08 13:51:24,390 - pdf_extractor - INFO - Extraídos 34 registros das tabelas na página 130
2025-06-08 13:51:24,601 - pdf_extractor - INFO - Competência encontrada na página 131 com padrão 1: 05/2023
2025-06-08 13:51:24,700 - pdf_extractor - INFO - Extraídos 34 registros das tabelas na página 131
2025-06-08 13:51:24,939 - pdf_extractor - INFO - Competência encontrada na página 132 com padrão 1: 05/2023
2025-06-08 13:51:25,049 - pdf_extractor - INFO - Extraídos 35 registros das tabelas na página 132
2025-06-08 13:51:25,273 - pdf_extractor - INFO - Competência encontrada na página 133 com padrão 1: 05/2023
2025-06-08 13:51:25,380 - pdf_extractor - INFO - Extraídos 34 registros das tabelas na página 133
2025-06-08 13:51:25,604 - pdf_extractor - INFO - Competência encontrada na página 134 com padrão 1: 05/2023
2025-06-08 13:51:25,726 - pdf_extractor - INFO - Encontrado tomador '50 BATALHÃO DE INFANTARIA': 50 BATALHÃO DE INFANTARIA DE
2025-06-08 13:51:25,727 - pdf_extractor - INFO - Encontrado tomador '50 BATALHÃO DE INFANTARIA': 50 BATALHÃO DE INFANTARIA DE
2025-06-08 13:51:25,727 - pdf_extractor - INFO - Encontrado tomador '50 BATALHÃO DE INFANTARIA': 50 BATALHÃO DE INFANTARIA DE
2025-06-08 13:51:25,727 - pdf_extractor - INFO - Encontrado tomador '50 BATALHÃO DE INFANTARIA': 50 BATALHÃO DE INFANTARIA DE
2025-06-08 13:51:25,727 - pdf_extractor - INFO - Encontrado tomador '50 BATALHÃO DE INFANTARIA': 50 BATALHÃO DE INFANTARIA DE
2025-06-08 13:51:25,728 - pdf_extractor - INFO - Extraídos 35 registros das tabelas na página 134
2025-06-08 13:51:25,958 - pdf_extractor - INFO - Competência encontrada na página 135 com padrão 1: 05/2023
2025-06-08 13:51:26,094 - pdf_extractor - INFO - Extraídos 34 registros das tabelas na página 135
2025-06-08 13:51:26,311 - pdf_extractor - INFO - Competência encontrada na página 136 com padrão 1: 05/2023
2025-06-08 13:51:26,418 - pdf_extractor - INFO - Extraídos 35 registros das tabelas na página 136
2025-06-08 13:51:26,470 - pdf_extractor - INFO - Competência encontrada na página 137 com padrão 1: 05/2023
2025-06-08 13:51:26,479 - pdf_extractor - INFO - Extraídos 6 registros das tabelas na página 137
2025-06-08 13:51:26,693 - pdf_extractor - INFO - Competência encontrada na página 138 com padrão 1: 06/2023
2025-06-08 13:51:26,790 - pdf_extractor - INFO - Extraídos 35 registros das tabelas na página 138
2025-06-08 13:51:26,997 - pdf_extractor - INFO - Competência encontrada na página 139 com padrão 1: 06/2023
2025-06-08 13:51:27,092 - pdf_extractor - INFO - Extraídos 33 registros das tabelas na página 139
2025-06-08 13:51:27,920 - pdf_extractor - INFO - Competência encontrada na página 140 com padrão 1: 06/2023
2025-06-08 13:51:28,042 - pdf_extractor - INFO - Encontrado tomador '50 BATALHÃO DE INFANTARIA': 50 BATALHÃO DE INFANTARIA DE
2025-06-08 13:51:28,043 - pdf_extractor - INFO - Extraídos 35 registros das tabelas na página 140
2025-06-08 13:51:28,269 - pdf_extractor - INFO - Competência encontrada na página 141 com padrão 1: 06/2023
2025-06-08 13:51:28,377 - pdf_extractor - INFO - Extraídos 34 registros das tabelas na página 141
2025-06-08 13:51:28,606 - pdf_extractor - INFO - Competência encontrada na página 142 com padrão 1: 06/2023
2025-06-08 13:51:28,712 - pdf_extractor - INFO - Extraídos 35 registros das tabelas na página 142
2025-06-08 13:51:28,932 - pdf_extractor - INFO - Competência encontrada na página 143 com padrão 1: 06/2023
2025-06-08 13:51:29,038 - pdf_extractor - INFO - Extraídos 34 registros das tabelas na página 143
2025-06-08 13:51:29,252 - pdf_extractor - INFO - Competência encontrada na página 144 com padrão 1: 06/2023
2025-06-08 13:51:29,359 - pdf_extractor - INFO - Extraídos 34 registros das tabelas na página 144
2025-06-08 13:51:29,409 - pdf_extractor - INFO - Competência encontrada na página 145 com padrão 1: 06/2023
2025-06-08 13:51:29,418 - pdf_extractor - INFO - Extraídos 6 registros das tabelas na página 145
2025-06-08 13:51:29,627 - pdf_extractor - INFO - Competência encontrada na página 146 com padrão 1: 07/2023
2025-06-08 13:51:29,727 - pdf_extractor - INFO - Extraídos 33 registros das tabelas na página 146
2025-06-08 13:51:29,946 - pdf_extractor - INFO - Competência encontrada na página 147 com padrão 1: 07/2023
2025-06-08 13:51:30,052 - pdf_extractor - INFO - Extraídos 35 registros das tabelas na página 147
2025-06-08 13:51:30,274 - pdf_extractor - INFO - Competência encontrada na página 148 com padrão 1: 07/2023
2025-06-08 13:51:30,375 - pdf_extractor - INFO - Extraídos 34 registros das tabelas na página 148
2025-06-08 13:51:30,594 - pdf_extractor - INFO - Competência encontrada na página 149 com padrão 1: 07/2023
2025-06-08 13:51:30,711 - pdf_extractor - INFO - Extraídos 34 registros das tabelas na página 149
2025-06-08 13:51:30,928 - pdf_extractor - INFO - Competência encontrada na página 150 com padrão 1: 07/2023
2025-06-08 13:51:31,045 - pdf_extractor - INFO - Extraídos 34 registros das tabelas na página 150
2025-06-08 13:51:31,261 - pdf_extractor - INFO - Competência encontrada na página 151 com padrão 1: 07/2023
2025-06-08 13:51:31,348 - pdf_extractor - INFO - Encontrado tomador '50 BATALHÃO DE INFANTARIA': 50 BATALHÃO DE INFANTARIA DE
2025-06-08 13:51:31,349 - pdf_extractor - INFO - Encontrado tomador '50 BATALHÃO DE INFANTARIA': 50 BATALHÃO DE INFANTARIA DE
2025-06-08 13:51:31,349 - pdf_extractor - INFO - Encontrado tomador '50 BATALHÃO DE INFANTARIA': 50 BATALHÃO DE INFANTARIA DE
2025-06-08 13:51:31,349 - pdf_extractor - INFO - Extraídos 35 registros das tabelas na página 151
2025-06-08 13:51:31,537 - pdf_extractor - INFO - Competência encontrada na página 152 com padrão 1: 07/2023
2025-06-08 13:51:31,616 - pdf_extractor - INFO - Extraídos 29 registros das tabelas na página 152
2025-06-08 13:51:31,834 - pdf_extractor - INFO - Competência encontrada na página 153 com padrão 1: 08/2023
2025-06-08 13:51:31,941 - pdf_extractor - INFO - Extraídos 34 registros das tabelas na página 153
2025-06-08 13:51:32,155 - pdf_extractor - INFO - Competência encontrada na página 154 com padrão 1: 08/2023
2025-06-08 13:51:32,273 - pdf_extractor - INFO - Extraídos 34 registros das tabelas na página 154
2025-06-08 13:51:32,493 - pdf_extractor - INFO - Competência encontrada na página 155 com padrão 1: 08/2023
2025-06-08 13:51:32,594 - pdf_extractor - INFO - Extraídos 35 registros das tabelas na página 155
2025-06-08 13:51:32,831 - pdf_extractor - INFO - Competência encontrada na página 156 com padrão 1: 08/2023
2025-06-08 13:51:32,953 - pdf_extractor - INFO - Extraídos 34 registros das tabelas na página 156
2025-06-08 13:51:33,172 - pdf_extractor - INFO - Competência encontrada na página 157 com padrão 1: 08/2023
2025-06-08 13:51:33,274 - pdf_extractor - INFO - Extraídos 35 registros das tabelas na página 157
2025-06-08 13:51:33,498 - pdf_extractor - INFO - Competência encontrada na página 158 com padrão 1: 08/2023
2025-06-08 13:51:33,595 - pdf_extractor - INFO - Extraídos 34 registros das tabelas na página 158
2025-06-08 13:51:33,724 - pdf_extractor - INFO - Competência encontrada na página 159 com padrão 1: 08/2023
2025-06-08 13:51:33,758 - pdf_extractor - INFO - Extraídos 18 registros das tabelas na página 159
2025-06-08 13:51:33,969 - pdf_extractor - INFO - Competência encontrada na página 160 com padrão 1: 09/2023
2025-06-08 13:51:34,057 - pdf_extractor - INFO - Extraídos 34 registros das tabelas na página 160
2025-06-08 13:51:34,269 - pdf_extractor - INFO - Competência encontrada na página 161 com padrão 1: 09/2023
2025-06-08 13:51:34,359 - pdf_extractor - INFO - Extraídos 35 registros das tabelas na página 161
2025-06-08 13:51:34,576 - pdf_extractor - INFO - Competência encontrada na página 162 com padrão 1: 09/2023
2025-06-08 13:51:34,694 - pdf_extractor - INFO - Extraídos 34 registros das tabelas na página 162
2025-06-08 13:51:34,932 - pdf_extractor - INFO - Competência encontrada na página 163 com padrão 1: 09/2023
2025-06-08 13:51:35,055 - pdf_extractor - INFO - Extraídos 35 registros das tabelas na página 163
2025-06-08 13:51:35,280 - pdf_extractor - INFO - Competência encontrada na página 164 com padrão 1: 09/2023
2025-06-08 13:51:35,392 - pdf_extractor - INFO - Extraídos 34 registros das tabelas na página 164
2025-06-08 13:51:35,620 - pdf_extractor - INFO - Competência encontrada na página 165 com padrão 1: 09/2023
2025-06-08 13:51:35,730 - pdf_extractor - INFO - Extraídos 35 registros das tabelas na página 165
2025-06-08 13:51:36,623 - pdf_extractor - INFO - Competência encontrada na página 166 com padrão 1: 09/2023
2025-06-08 13:51:36,720 - pdf_extractor - INFO - Extraídos 34 registros das tabelas na página 166
2025-06-08 13:51:36,827 - pdf_extractor - INFO - Competência encontrada na página 167 com padrão 1: 09/2023
2025-06-08 13:51:36,852 - pdf_extractor - INFO - Extraídos 15 registros das tabelas na página 167
2025-06-08 13:51:37,080 - pdf_extractor - INFO - Competência encontrada na página 168 com padrão 1: 10/2023
2025-06-08 13:51:37,207 - pdf_extractor - INFO - Encontrado tomador '50 BATALHÃO DE INFANTARIA': 50 BATALHÃO DE INFANTARIA DE
2025-06-08 13:51:37,207 - pdf_extractor - INFO - Extraídos 35 registros das tabelas na página 168
2025-06-08 13:51:37,427 - pdf_extractor - INFO - Competência encontrada na página 169 com padrão 1: 10/2023
2025-06-08 13:51:37,536 - pdf_extractor - INFO - Encontrado tomador '50 BATALHÃO DE INFANTARIA': 50 BATALHÃO DE INFANTARIA DE
2025-06-08 13:51:37,537 - pdf_extractor - INFO - Extraídos 34 registros das tabelas na página 169
2025-06-08 13:51:37,757 - pdf_extractor - INFO - Competência encontrada na página 170 com padrão 1: 10/2023
2025-06-08 13:51:37,862 - pdf_extractor - INFO - Extraídos 34 registros das tabelas na página 170
2025-06-08 13:51:38,075 - pdf_extractor - INFO - Competência encontrada na página 171 com padrão 1: 10/2023
2025-06-08 13:51:38,171 - pdf_extractor - INFO - Extraídos 34 registros das tabelas na página 171
2025-06-08 13:51:38,393 - pdf_extractor - INFO - Competência encontrada na página 172 com padrão 1: 10/2023
2025-06-08 13:51:38,490 - pdf_extractor - INFO - Extraídos 35 registros das tabelas na página 172
2025-06-08 13:51:38,707 - pdf_extractor - INFO - Competência encontrada na página 173 com padrão 1: 10/2023
2025-06-08 13:51:38,802 - pdf_extractor - INFO - Encontrado tomador '50 BATALHÃO DE INFANTARIA': 50 BATALHÃO DE INFANTARIA DE
2025-06-08 13:51:38,802 - pdf_extractor - INFO - Encontrado tomador '50 BATALHÃO DE INFANTARIA': 50 BATALHÃO DE INFANTARIA DE
2025-06-08 13:51:38,803 - pdf_extractor - INFO - Extraídos 34 registros das tabelas na página 173
2025-06-08 13:51:39,011 - pdf_extractor - INFO - Competência encontrada na página 174 com padrão 1: 10/2023
2025-06-08 13:51:39,098 - pdf_extractor - INFO - Extraídos 34 registros das tabelas na página 174
2025-06-08 13:51:39,310 - pdf_extractor - INFO - Competência encontrada na página 175 com padrão 1: 10/2023
2025-06-08 13:51:39,397 - pdf_extractor - INFO - Extraídos 34 registros das tabelas na página 175
2025-06-08 13:51:39,613 - pdf_extractor - INFO - Competência encontrada na página 176 com padrão 1: 10/2023
2025-06-08 13:51:39,703 - pdf_extractor - INFO - Extraídos 35 registros das tabelas na página 176
2025-06-08 13:51:39,766 - pdf_extractor - INFO - Competência encontrada na página 177 com padrão 1: 10/2023
2025-06-08 13:51:39,777 - pdf_extractor - INFO - Extraídos 8 registros das tabelas na página 177
2025-06-08 13:51:40,006 - pdf_extractor - INFO - Competência encontrada na página 178 com padrão 1: 11/2023
2025-06-08 13:51:40,110 - pdf_extractor - INFO - Extraídos 35 registros das tabelas na página 178
2025-06-08 13:51:40,328 - pdf_extractor - INFO - Competência encontrada na página 179 com padrão 1: 11/2023
2025-06-08 13:51:40,436 - pdf_extractor - INFO - Extraídos 34 registros das tabelas na página 179
2025-06-08 13:51:40,664 - pdf_extractor - INFO - Competência encontrada na página 180 com padrão 1: 11/2023
2025-06-08 13:51:40,776 - pdf_extractor - INFO - Extraídos 34 registros das tabelas na página 180
2025-06-08 13:51:40,997 - pdf_extractor - INFO - Competência encontrada na página 181 com padrão 1: 11/2023
2025-06-08 13:51:41,099 - pdf_extractor - INFO - Extraídos 35 registros das tabelas na página 181
2025-06-08 13:51:41,325 - pdf_extractor - INFO - Competência encontrada na página 182 com padrão 1: 11/2023
2025-06-08 13:51:41,425 - pdf_extractor - INFO - Extraídos 34 registros das tabelas na página 182
2025-06-08 13:51:41,638 - pdf_extractor - INFO - Competência encontrada na página 183 com padrão 1: 11/2023
2025-06-08 13:51:41,733 - pdf_extractor - INFO - Extraídos 35 registros das tabelas na página 183
2025-06-08 13:51:41,956 - pdf_extractor - INFO - Competência encontrada na página 184 com padrão 1: 11/2023
2025-06-08 13:51:42,061 - pdf_extractor - INFO - Extraídos 34 registros das tabelas na página 184
2025-06-08 13:51:42,286 - pdf_extractor - INFO - Competência encontrada na página 185 com padrão 1: 11/2023
2025-06-08 13:51:42,386 - pdf_extractor - INFO - Extraídos 35 registros das tabelas na página 185
2025-06-08 13:51:42,600 - pdf_extractor - INFO - Competência encontrada na página 186 com padrão 1: 11/2023
2025-06-08 13:51:42,682 - pdf_extractor - INFO - Extraídos 30 registros das tabelas na página 186
2025-06-08 13:51:42,905 - pdf_extractor - INFO - Competência encontrada na página 187 com padrão 1: 12/2023
2025-06-08 13:51:43,008 - pdf_extractor - INFO - Extraídos 35 registros das tabelas na página 187
2025-06-08 13:51:43,241 - pdf_extractor - INFO - Competência encontrada na página 188 com padrão 1: 12/2023
2025-06-08 13:51:43,355 - pdf_extractor - INFO - Extraídos 34 registros das tabelas na página 188
2025-06-08 13:51:43,568 - pdf_extractor - INFO - Competência encontrada na página 189 com padrão 1: 12/2023
2025-06-08 13:51:43,657 - pdf_extractor - INFO - Extraídos 34 registros das tabelas na página 189
2025-06-08 13:51:43,876 - pdf_extractor - INFO - Competência encontrada na página 190 com padrão 1: 12/2023
2025-06-08 13:51:43,976 - pdf_extractor - INFO - Encontrado tomador '50 BATALHÃO DE INFANTARIA': 50 BATALHÃO DE INFANTARIA DE
2025-06-08 13:51:43,977 - pdf_extractor - INFO - Extraídos 35 registros das tabelas na página 190
2025-06-08 13:51:44,189 - pdf_extractor - INFO - Competência encontrada na página 191 com padrão 1: 12/2023
2025-06-08 13:51:44,278 - pdf_extractor - INFO - Extraídos 34 registros das tabelas na página 191
2025-06-08 13:51:44,517 - pdf_extractor - INFO - Competência encontrada na página 192 com padrão 1: 12/2023
2025-06-08 13:51:44,626 - pdf_extractor - INFO - Extraídos 35 registros das tabelas na página 192
2025-06-08 13:51:44,848 - pdf_extractor - INFO - Competência encontrada na página 193 com padrão 1: 12/2023
2025-06-08 13:51:44,960 - pdf_extractor - INFO - Extraídos 34 registros das tabelas na página 193
2025-06-08 13:51:45,181 - pdf_extractor - INFO - Competência encontrada na página 194 com padrão 1: 12/2023
2025-06-08 13:51:45,286 - pdf_extractor - INFO - Extraídos 34 registros das tabelas na página 194
2025-06-08 13:51:45,524 - pdf_extractor - INFO - Competência encontrada na página 195 com padrão 1: 12/2023
2025-06-08 13:51:45,632 - pdf_extractor - INFO - Extraídos 34 registros das tabelas na página 195
2025-06-08 13:51:46,486 - pdf_extractor - INFO - Competência encontrada na página 196 com padrão 1: 12/2023
2025-06-08 13:51:46,495 - pdf_extractor - INFO - Extraídos 6 registros das tabelas na página 196
2025-06-08 13:51:46,530 - pdf_extractor - INFO - Competência encontrada na página 197 com padrão 4: 04/2025
2025-06-08 13:51:46,533 - pdf_extractor - INFO - Encontrado padrão específico 04/2025 no texto
2025-06-08 13:51:46,533 - pdf_extractor - INFO - Competência encontrada no texto: 04/2025
2025-06-08 13:51:46,533 - pdf_extractor - WARNING - Nenhum dado extraído do texto na página 197
2025-06-08 13:51:46,568 - pdf_extractor - INFO - Competência encontrada na página 198 com padrão 4: 04/2025
2025-06-08 13:51:46,571 - pdf_extractor - INFO - Encontrado padrão específico 04/2025 no texto
2025-06-08 13:51:46,571 - pdf_extractor - INFO - Competência encontrada no texto: 04/2025
2025-06-08 13:51:46,571 - pdf_extractor - WARNING - Nenhum dado extraído do texto na página 198
2025-06-08 13:51:46,609 - pdf_extractor - INFO - Competência encontrada na página 199 com padrão 4: 04/2025
2025-06-08 13:51:46,612 - pdf_extractor - INFO - Encontrado padrão específico 04/2025 no texto
2025-06-08 13:51:46,612 - pdf_extractor - INFO - Competência encontrada no texto: 04/2025
2025-06-08 13:51:46,612 - pdf_extractor - WARNING - Nenhum dado extraído do texto na página 199
2025-06-08 13:51:46,876 - pdf_extractor - INFO - Competência encontrada na página 200 com padrão 1: 01/2024
2025-06-08 13:51:46,987 - pdf_extractor - INFO - Extraídos 35 registros das tabelas na página 200
2025-06-08 13:51:47,220 - pdf_extractor - INFO - Competência encontrada na página 201 com padrão 1: 01/2024
2025-06-08 13:51:47,338 - pdf_extractor - INFO - Extraídos 34 registros das tabelas na página 201
2025-06-08 13:51:47,578 - pdf_extractor - INFO - Competência encontrada na página 202 com padrão 1: 01/2024
2025-06-08 13:51:47,701 - pdf_extractor - INFO - Encontrado tomador '50 BATALHÃO DE INFANTARIA': 50 BATALHÃO DE INFANTARIA DE
2025-06-08 13:51:47,701 - pdf_extractor - INFO - Encontrado tomador '50 BATALHÃO DE INFANTARIA': 50 BATALHÃO DE INFANTARIA DE
2025-06-08 13:51:47,701 - pdf_extractor - INFO - Encontrado tomador '50 BATALHÃO DE INFANTARIA': 50 BATALHÃO DE INFANTARIA DE
2025-06-08 13:51:47,702 - pdf_extractor - INFO - Extraídos 35 registros das tabelas na página 202
2025-06-08 13:51:47,962 - pdf_extractor - INFO - Competência encontrada na página 203 com padrão 1: 01/2024
2025-06-08 13:51:48,081 - pdf_extractor - INFO - Extraídos 34 registros das tabelas na página 203
2025-06-08 13:51:48,313 - pdf_extractor - INFO - Competência encontrada na página 204 com padrão 1: 01/2024
2025-06-08 13:51:48,403 - pdf_extractor - INFO - Extraídos 34 registros das tabelas na página 204
2025-06-08 13:51:48,617 - pdf_extractor - INFO - Competência encontrada na página 205 com padrão 1: 01/2024
2025-06-08 13:51:48,708 - pdf_extractor - INFO - Extraídos 35 registros das tabelas na página 205
2025-06-08 13:51:48,916 - pdf_extractor - INFO - Competência encontrada na página 206 com padrão 1: 01/2024
2025-06-08 13:51:49,011 - pdf_extractor - INFO - Extraídos 34 registros das tabelas na página 206
2025-06-08 13:51:49,232 - pdf_extractor - INFO - Competência encontrada na página 207 com padrão 1: 01/2024
2025-06-08 13:51:49,347 - pdf_extractor - INFO - Extraídos 34 registros das tabelas na página 207
2025-06-08 13:51:49,523 - pdf_extractor - INFO - Competência encontrada na página 208 com padrão 1: 01/2024
2025-06-08 13:51:49,588 - pdf_extractor - INFO - Extraídos 27 registros das tabelas na página 208
2025-06-08 13:51:49,823 - pdf_extractor - INFO - Competência encontrada na página 209 com padrão 1: 02/2024
2025-06-08 13:51:49,931 - pdf_extractor - INFO - Extraídos 33 registros das tabelas na página 209
2025-06-08 13:51:50,157 - pdf_extractor - INFO - Competência encontrada na página 210 com padrão 1: 02/2024
2025-06-08 13:51:50,272 - pdf_extractor - INFO - Extraídos 32 registros das tabelas na página 210
2025-06-08 13:51:50,498 - pdf_extractor - INFO - Competência encontrada na página 211 com padrão 1: 02/2024
2025-06-08 13:51:50,607 - pdf_extractor - INFO - Extraídos 35 registros das tabelas na página 211
2025-06-08 13:51:50,830 - pdf_extractor - INFO - Competência encontrada na página 212 com padrão 1: 02/2024
2025-06-08 13:51:50,929 - pdf_extractor - INFO - Encontrado tomador '50 BATALHÃO DE INFANTARIA': 50 BATALHÃO DE INFANTARIA DE
2025-06-08 13:51:50,929 - pdf_extractor - INFO - Encontrado tomador '50 BATALHÃO DE INFANTARIA': 50 BATALHÃO DE INFANTARIA DE
2025-06-08 13:51:50,930 - pdf_extractor - INFO - Extraídos 34 registros das tabelas na página 212
2025-06-08 13:51:51,142 - pdf_extractor - INFO - Competência encontrada na página 213 com padrão 1: 02/2024
2025-06-08 13:51:51,236 - pdf_extractor - INFO - Extraídos 34 registros das tabelas na página 213
2025-06-08 13:51:51,451 - pdf_extractor - INFO - Competência encontrada na página 214 com padrão 1: 02/2024
2025-06-08 13:51:51,540 - pdf_extractor - WARNING - Não foi possível converter '%' para float.
2025-06-08 13:51:51,541 - pdf_extractor - INFO - Extraídos 34 registros das tabelas na página 214
2025-06-08 13:51:51,750 - pdf_extractor - INFO - Competência encontrada na página 215 com padrão 1: 02/2024
2025-06-08 13:51:51,848 - pdf_extractor - INFO - Extraídos 34 registros das tabelas na página 215
2025-06-08 13:51:52,072 - pdf_extractor - INFO - Competência encontrada na página 216 com padrão 1: 02/2024
2025-06-08 13:51:52,192 - pdf_extractor - INFO - Extraídos 34 registros das tabelas na página 216
2025-06-08 13:51:52,369 - pdf_extractor - INFO - Competência encontrada na página 217 com padrão 1: 02/2024
2025-06-08 13:51:52,435 - pdf_extractor - INFO - Extraídos 27 registros das tabelas na página 217
2025-06-08 13:51:52,667 - pdf_extractor - INFO - Competência encontrada na página 218 com padrão 1: 03/2024
2025-06-08 13:51:52,773 - pdf_extractor - INFO - Extraídos 35 registros das tabelas na página 218
2025-06-08 13:51:52,980 - pdf_extractor - INFO - Competência encontrada na página 219 com padrão 1: 03/2024
2025-06-08 13:51:53,075 - pdf_extractor - INFO - Extraídos 33 registros das tabelas na página 219
2025-06-08 13:51:53,282 - pdf_extractor - INFO - Competência encontrada na página 220 com padrão 1: 03/2024
2025-06-08 13:51:53,377 - pdf_extractor - INFO - Extraídos 34 registros das tabelas na página 220
2025-06-08 13:51:53,594 - pdf_extractor - INFO - Competência encontrada na página 221 com padrão 1: 03/2024
2025-06-08 13:51:53,690 - pdf_extractor - INFO - Extraídos 35 registros das tabelas na página 221
2025-06-08 13:51:53,913 - pdf_extractor - INFO - Competência encontrada na página 222 com padrão 1: 03/2024
2025-06-08 13:51:54,014 - pdf_extractor - INFO - Extraídos 34 registros das tabelas na página 222
2025-06-08 13:51:54,232 - pdf_extractor - INFO - Competência encontrada na página 223 com padrão 1: 03/2024
2025-06-08 13:51:54,326 - pdf_extractor - INFO - Extraídos 33 registros das tabelas na página 223
2025-06-08 13:51:54,552 - pdf_extractor - INFO - Competência encontrada na página 224 com padrão 1: 03/2024
2025-06-08 13:51:54,664 - pdf_extractor - INFO - Encontrado tomador '50 BATALHÃO DE INFANTARIA': 50 BATALHÃO DE INFANTARIA DE
2025-06-08 13:51:54,664 - pdf_extractor - INFO - Encontrado tomador '50 BATALHÃO DE INFANTARIA': 50 BATALHÃO DE INFANTARIA DE
2025-06-08 13:51:54,665 - pdf_extractor - INFO - Encontrado tomador '50 BATALHÃO DE INFANTARIA': 50 BATALHÃO DE INFANTARIA DE
2025-06-08 13:51:54,665 - pdf_extractor - WARNING - Não foi possível converter '%' para float.
2025-06-08 13:51:54,665 - pdf_extractor - INFO - Extraídos 34 registros das tabelas na página 224
2025-06-08 13:51:54,887 - pdf_extractor - INFO - Competência encontrada na página 225 com padrão 1: 03/2024
2025-06-08 13:51:54,995 - pdf_extractor - INFO - Extraídos 34 registros das tabelas na página 225
2025-06-08 13:51:55,224 - pdf_extractor - INFO - Competência encontrada na página 226 com padrão 1: 03/2024
2025-06-08 13:51:55,324 - pdf_extractor - INFO - Extraídos 34 registros das tabelas na página 226
2025-06-08 13:51:55,547 - pdf_extractor - INFO - Competência encontrada na página 227 com padrão 1: 03/2024
2025-06-08 13:51:55,651 - pdf_extractor - INFO - Extraídos 33 registros das tabelas na página 227
2025-06-08 13:51:55,721 - pdf_extractor - INFO - Competência encontrada na página 228 com padrão 1: 03/2024
2025-06-08 13:51:55,735 - pdf_extractor - INFO - Extraídos 9 registros das tabelas na página 228
2025-06-08 13:51:55,943 - pdf_extractor - INFO - Competência encontrada na página 229 com padrão 1: 04/2024
2025-06-08 13:51:56,031 - pdf_extractor - INFO - Extraídos 35 registros das tabelas na página 229
2025-06-08 13:51:56,257 - pdf_extractor - INFO - Competência encontrada na página 230 com padrão 1: 04/2024
2025-06-08 13:51:56,352 - pdf_extractor - INFO - Extraídos 34 registros das tabelas na página 230
2025-06-08 13:51:56,557 - pdf_extractor - INFO - Competência encontrada na página 231 com padrão 1: 04/2024
2025-06-08 13:51:56,657 - pdf_extractor - INFO - Extraídos 34 registros das tabelas na página 231
2025-06-08 13:51:56,887 - pdf_extractor - INFO - Competência encontrada na página 232 com padrão 1: 04/2024
2025-06-08 13:51:56,998 - pdf_extractor - INFO - Extraídos 35 registros das tabelas na página 232
2025-06-08 13:51:58,197 - pdf_extractor - INFO - Competência encontrada na página 233 com padrão 1: 04/2024
2025-06-08 13:51:58,285 - pdf_extractor - INFO - Encontrado tomador '50 BATALHÃO DE INFANTARIA': 50 BATALHÃO DE INFANTARIA DE
2025-06-08 13:51:58,285 - pdf_extractor - INFO - Encontrado tomador '50 BATALHÃO DE INFANTARIA': 50 BATALHÃO DE INFANTARIA DE
2025-06-08 13:51:58,286 - pdf_extractor - INFO - Extraídos 34 registros das tabelas na página 233
2025-06-08 13:51:58,502 - pdf_extractor - INFO - Competência encontrada na página 234 com padrão 1: 04/2024
2025-06-08 13:51:58,590 - pdf_extractor - INFO - Extraídos 35 registros das tabelas na página 234
2025-06-08 13:51:58,804 - pdf_extractor - INFO - Competência encontrada na página 235 com padrão 1: 04/2024
2025-06-08 13:51:58,893 - pdf_extractor - INFO - Extraídos 34 registros das tabelas na página 235
2025-06-08 13:51:59,117 - pdf_extractor - INFO - Competência encontrada na página 236 com padrão 1: 04/2024
2025-06-08 13:51:59,223 - pdf_extractor - INFO - Extraídos 34 registros das tabelas na página 236
2025-06-08 13:51:59,321 - pdf_extractor - INFO - Competência encontrada na página 237 com padrão 1: 04/2024
2025-06-08 13:51:59,344 - pdf_extractor - INFO - Extraídos 14 registros das tabelas na página 237
2025-06-08 13:51:59,578 - pdf_extractor - INFO - Competência encontrada na página 238 com padrão 1: 05/2024
2025-06-08 13:51:59,681 - pdf_extractor - INFO - Extraídos 34 registros das tabelas na página 238
2025-06-08 13:51:59,901 - pdf_extractor - INFO - Competência encontrada na página 239 com padrão 1: 05/2024
2025-06-08 13:52:00,003 - pdf_extractor - INFO - Extraídos 34 registros das tabelas na página 239
2025-06-08 13:52:00,227 - pdf_extractor - INFO - Competência encontrada na página 240 com padrão 1: 05/2024
2025-06-08 13:52:00,328 - pdf_extractor - INFO - Extraídos 35 registros das tabelas na página 240
2025-06-08 13:52:00,548 - pdf_extractor - INFO - Competência encontrada na página 241 com padrão 1: 05/2024
2025-06-08 13:52:00,636 - pdf_extractor - INFO - Extraídos 34 registros das tabelas na página 241
2025-06-08 13:52:00,860 - pdf_extractor - INFO - Competência encontrada na página 242 com padrão 1: 05/2024
2025-06-08 13:52:00,964 - pdf_extractor - INFO - Encontrado tomador '50 BATALHÃO DE INFANTARIA': 50 BATALHÃO DE INFANTARIA DE
2025-06-08 13:52:00,964 - pdf_extractor - INFO - Extraídos 35 registros das tabelas na página 242
2025-06-08 13:52:01,177 - pdf_extractor - INFO - Competência encontrada na página 243 com padrão 1: 05/2024
2025-06-08 13:52:01,264 - pdf_extractor - INFO - Extraídos 34 registros das tabelas na página 243
2025-06-08 13:52:01,483 - pdf_extractor - INFO - Competência encontrada na página 244 com padrão 1: 05/2024
2025-06-08 13:52:01,591 - pdf_extractor - INFO - Extraídos 35 registros das tabelas na página 244
2025-06-08 13:52:01,801 - pdf_extractor - INFO - Competência encontrada na página 245 com padrão 1: 05/2024
2025-06-08 13:52:01,901 - pdf_extractor - INFO - Extraídos 34 registros das tabelas na página 245
2025-06-08 13:52:02,117 - pdf_extractor - INFO - Competência encontrada na página 246 com padrão 1: 05/2024
2025-06-08 13:52:02,233 - pdf_extractor - INFO - Extraídos 35 registros das tabelas na página 246
2025-06-08 13:52:02,436 - pdf_extractor - INFO - Competência encontrada na página 247 com padrão 1: 05/2024
2025-06-08 13:52:02,513 - pdf_extractor - INFO - Extraídos 31 registros das tabelas na página 247
2025-06-08 13:52:02,732 - pdf_extractor - INFO - Competência encontrada na página 248 com padrão 1: 06/2024
2025-06-08 13:52:02,847 - pdf_extractor - INFO - Extraídos 34 registros das tabelas na página 248
2025-06-08 13:52:03,069 - pdf_extractor - INFO - Competência encontrada na página 249 com padrão 1: 06/2024
2025-06-08 13:52:03,156 - pdf_extractor - INFO - Extraídos 34 registros das tabelas na página 249
2025-06-08 13:52:03,383 - pdf_extractor - INFO - Competência encontrada na página 250 com padrão 1: 06/2024
2025-06-08 13:52:03,483 - pdf_extractor - INFO - Extraídos 34 registros das tabelas na página 250
2025-06-08 13:52:03,696 - pdf_extractor - INFO - Competência encontrada na página 251 com padrão 1: 06/2024
2025-06-08 13:52:03,790 - pdf_extractor - INFO - Encontrado tomador '50 BATALHÃO DE INFANTARIA': 50 BATALHÃO DE INFANTARIA DE
2025-06-08 13:52:03,790 - pdf_extractor - INFO - Encontrado tomador '50 BATALHÃO DE INFANTARIA': 50 BATALHÃO DE INFANTARIA DE
2025-06-08 13:52:03,791 - pdf_extractor - INFO - Extraídos 35 registros das tabelas na página 251
2025-06-08 13:52:04,017 - pdf_extractor - INFO - Competência encontrada na página 252 com padrão 1: 06/2024
2025-06-08 13:52:04,117 - pdf_extractor - INFO - Extraídos 34 registros das tabelas na página 252
2025-06-08 13:52:04,330 - pdf_extractor - INFO - Competência encontrada na página 253 com padrão 1: 06/2024
2025-06-08 13:52:04,435 - pdf_extractor - INFO - Extraídos 34 registros das tabelas na página 253
2025-06-08 13:52:04,653 - pdf_extractor - INFO - Competência encontrada na página 254 com padrão 1: 06/2024
2025-06-08 13:52:04,747 - pdf_extractor - INFO - Extraídos 34 registros das tabelas na página 254
2025-06-08 13:52:04,961 - pdf_extractor - INFO - Competência encontrada na página 255 com padrão 1: 06/2024
2025-06-08 13:52:05,052 - pdf_extractor - INFO - Extraídos 33 registros das tabelas na página 255
2025-06-08 13:52:05,068 - pdf_extractor - INFO - Competência encontrada na página 256 com padrão 1: 06/2024
2025-06-08 13:52:05,069 - pdf_extractor - INFO - Competência encontrada no texto: 06/2024
2025-06-08 13:52:05,069 - pdf_extractor - WARNING - Nenhum dado extraído do texto na página 256
2025-06-08 13:52:05,303 - pdf_extractor - INFO - Competência encontrada na página 257 com padrão 1: 07/2024
2025-06-08 13:52:05,390 - pdf_extractor - INFO - Extraídos 35 registros das tabelas na página 257
2025-06-08 13:52:05,604 - pdf_extractor - INFO - Competência encontrada na página 258 com padrão 1: 07/2024
2025-06-08 13:52:05,692 - pdf_extractor - INFO - Extraídos 34 registros das tabelas na página 258
2025-06-08 13:52:05,898 - pdf_extractor - INFO - Competência encontrada na página 259 com padrão 1: 07/2024
2025-06-08 13:52:05,978 - pdf_extractor - INFO - Extraídos 34 registros das tabelas na página 259
2025-06-08 13:52:06,200 - pdf_extractor - INFO - Competência encontrada na página 260 com padrão 1: 07/2024
2025-06-08 13:52:06,306 - pdf_extractor - INFO - Extraídos 35 registros das tabelas na página 260
2025-06-08 13:52:06,537 - pdf_extractor - INFO - Competência encontrada na página 261 com padrão 1: 07/2024
2025-06-08 13:52:06,656 - pdf_extractor - INFO - Encontrado tomador '50 BATALHÃO DE INFANTARIA': 50 BATALHÃO DE INFANTARIA DE
2025-06-08 13:52:06,657 - pdf_extractor - INFO - Encontrado tomador '50 BATALHÃO DE INFANTARIA': 50 BATALHÃO DE INFANTARIA DE
2025-06-08 13:52:06,657 - pdf_extractor - INFO - Extraídos 34 registros das tabelas na página 261
2025-06-08 13:52:06,881 - pdf_extractor - INFO - Competência encontrada na página 262 com padrão 1: 07/2024
2025-06-08 13:52:06,978 - pdf_extractor - INFO - Extraídos 35 registros das tabelas na página 262
2025-06-08 13:52:07,202 - pdf_extractor - INFO - Competência encontrada na página 263 com padrão 1: 07/2024
2025-06-08 13:52:07,321 - pdf_extractor - INFO - Extraídos 34 registros das tabelas na página 263
2025-06-08 13:52:07,546 - pdf_extractor - INFO - Competência encontrada na página 264 com padrão 1: 07/2024
2025-06-08 13:52:07,661 - pdf_extractor - INFO - Extraídos 35 registros das tabelas na página 264
2025-06-08 13:52:07,871 - pdf_extractor - INFO - Competência encontrada na página 265 com padrão 1: 07/2024
2025-06-08 13:52:07,954 - pdf_extractor - INFO - Extraídos 34 registros das tabelas na página 265
2025-06-08 13:52:08,162 - pdf_extractor - INFO - Competência encontrada na página 266 com padrão 1: 07/2024
2025-06-08 13:52:08,244 - pdf_extractor - INFO - Extraídos 33 registros das tabelas na página 266
2025-06-08 13:52:08,271 - pdf_extractor - INFO - Competência encontrada na página 267 com padrão 1: 07/2024
2025-06-08 13:52:08,275 - pdf_extractor - INFO - Extraídos 2 registros das tabelas na página 267
2025-06-08 13:52:08,488 - pdf_extractor - INFO - Competência encontrada na página 268 com padrão 1: 08/2024
2025-06-08 13:52:08,581 - pdf_extractor - INFO - Extraídos 34 registros das tabelas na página 268
2025-06-08 13:52:08,792 - pdf_extractor - INFO - Competência encontrada na página 269 com padrão 1: 08/2024
2025-06-08 13:52:08,896 - pdf_extractor - INFO - Extraídos 34 registros das tabelas na página 269
2025-06-08 13:52:09,120 - pdf_extractor - INFO - Competência encontrada na página 270 com padrão 1: 08/2024
2025-06-08 13:52:09,232 - pdf_extractor - INFO - Extraídos 35 registros das tabelas na página 270
2025-06-08 13:52:09,447 - pdf_extractor - INFO - Competência encontrada na página 271 com padrão 1: 08/2024
2025-06-08 13:52:09,544 - pdf_extractor - INFO - Extraídos 34 registros das tabelas na página 271
2025-06-08 13:52:09,763 - pdf_extractor - INFO - Competência encontrada na página 272 com padrão 1: 08/2024
2025-06-08 13:52:09,857 - pdf_extractor - INFO - Extraídos 35 registros das tabelas na página 272
2025-06-08 13:52:10,084 - pdf_extractor - INFO - Competência encontrada na página 273 com padrão 1: 08/2024
2025-06-08 13:52:10,169 - pdf_extractor - INFO - Encontrado tomador '50 BATALHÃO DE INFANTARIA': 50 BATALHÃO DE INFANTARIA DE
2025-06-08 13:52:10,169 - pdf_extractor - INFO - Encontrado tomador '50 BATALHÃO DE INFANTARIA': 50 BATALHÃO DE INFANTARIA DE
2025-06-08 13:52:10,169 - pdf_extractor - INFO - Encontrado tomador '50 BATALHÃO DE INFANTARIA': 50 BATALHÃO DE INFANTARIA DE
2025-06-08 13:52:10,170 - pdf_extractor - INFO - Encontrado tomador '50 BATALHÃO DE INFANTARIA': 50 BATALHÃO DE INFANTARIA DE
2025-06-08 13:52:10,170 - pdf_extractor - INFO - Encontrado tomador '50 BATALHÃO DE INFANTARIA': 50 BATALHÃO DE INFANTARIA DE
2025-06-08 13:52:10,170 - pdf_extractor - INFO - Extraídos 34 registros das tabelas na página 273
2025-06-08 13:52:10,382 - pdf_extractor - INFO - Competência encontrada na página 274 com padrão 1: 08/2024
2025-06-08 13:52:10,468 - pdf_extractor - INFO - Extraídos 34 registros das tabelas na página 274
2025-06-08 13:52:11,832 - pdf_extractor - INFO - Competência encontrada na página 275 com padrão 1: 08/2024
2025-06-08 13:52:11,952 - pdf_extractor - INFO - Extraídos 35 registros das tabelas na página 275
2025-06-08 13:52:12,193 - pdf_extractor - INFO - Competência encontrada na página 276 com padrão 1: 08/2024
2025-06-08 13:52:12,317 - pdf_extractor - INFO - Extraídos 34 registros das tabelas na página 276
2025-06-08 13:52:12,549 - pdf_extractor - INFO - Competência encontrada na página 277 com padrão 1: 08/2024
2025-06-08 13:52:12,645 - pdf_extractor - INFO - Extraídos 32 registros das tabelas na página 277
2025-06-08 13:52:12,661 - pdf_extractor - INFO - Competência encontrada na página 278 com padrão 1: 08/2024
2025-06-08 13:52:12,663 - pdf_extractor - INFO - Competência encontrada no texto: 08/2024
2025-06-08 13:52:12,663 - pdf_extractor - WARNING - Nenhum dado extraído do texto na página 278
2025-06-08 13:52:12,910 - pdf_extractor - INFO - Competência encontrada na página 279 com padrão 1: 09/2024
2025-06-08 13:52:12,999 - pdf_extractor - INFO - Extraídos 35 registros das tabelas na página 279
2025-06-08 13:52:13,214 - pdf_extractor - INFO - Competência encontrada na página 280 com padrão 1: 09/2024
2025-06-08 13:52:13,299 - pdf_extractor - INFO - Extraídos 34 registros das tabelas na página 280
2025-06-08 13:52:13,510 - pdf_extractor - INFO - Competência encontrada na página 281 com padrão 1: 09/2024
2025-06-08 13:52:13,598 - pdf_extractor - INFO - Extraídos 34 registros das tabelas na página 281
2025-06-08 13:52:13,815 - pdf_extractor - INFO - Competência encontrada na página 282 com padrão 1: 09/2024
2025-06-08 13:52:13,912 - pdf_extractor - INFO - Extraídos 34 registros das tabelas na página 282
2025-06-08 13:52:14,135 - pdf_extractor - INFO - Competência encontrada na página 283 com padrão 1: 09/2024
2025-06-08 13:52:14,241 - pdf_extractor - INFO - Extraídos 35 registros das tabelas na página 283
2025-06-08 13:52:14,487 - pdf_extractor - INFO - Competência encontrada na página 284 com padrão 1: 09/2024
2025-06-08 13:52:14,628 - pdf_extractor - INFO - Extraídos 34 registros das tabelas na página 284
2025-06-08 13:52:14,847 - pdf_extractor - INFO - Competência encontrada na página 285 com padrão 1: 09/2024
2025-06-08 13:52:14,949 - pdf_extractor - INFO - Encontrado tomador '50 BATALHÃO DE INFANTARIA': 50 BATALHÃO DE INFANTARIA DE
2025-06-08 13:52:14,949 - pdf_extractor - INFO - Encontrado tomador '50 BATALHÃO DE INFANTARIA': 50 BATALHÃO DE INFANTARIA DE
2025-06-08 13:52:14,949 - pdf_extractor - INFO - Extraídos 34 registros das tabelas na página 285
2025-06-08 13:52:15,175 - pdf_extractor - INFO - Competência encontrada na página 286 com padrão 1: 09/2024
2025-06-08 13:52:15,272 - pdf_extractor - INFO - Extraídos 35 registros das tabelas na página 286
2025-06-08 13:52:15,455 - pdf_extractor - INFO - Competência encontrada na página 287 com padrão 1: 09/2024
2025-06-08 13:52:15,520 - pdf_extractor - INFO - Extraídos 28 registros das tabelas na página 287
2025-06-08 13:52:15,735 - pdf_extractor - INFO - Competência encontrada na página 288 com padrão 1: 10/2024
2025-06-08 13:52:15,824 - pdf_extractor - WARNING - Não foi possível converter '%' para float.
2025-06-08 13:52:15,824 - pdf_extractor - INFO - Extraídos 35 registros das tabelas na página 288
2025-06-08 13:52:16,030 - pdf_extractor - INFO - Competência encontrada na página 289 com padrão 1: 10/2024
2025-06-08 13:52:16,127 - pdf_extractor - INFO - Extraídos 33 registros das tabelas na página 289
2025-06-08 13:52:16,338 - pdf_extractor - INFO - Competência encontrada na página 290 com padrão 1: 10/2024
2025-06-08 13:52:16,435 - pdf_extractor - INFO - Extraídos 35 registros das tabelas na página 290
2025-06-08 13:52:16,664 - pdf_extractor - INFO - Competência encontrada na página 291 com padrão 1: 10/2024
2025-06-08 13:52:16,771 - pdf_extractor - INFO - Extraídos 34 registros das tabelas na página 291
2025-06-08 13:52:16,993 - pdf_extractor - INFO - Competência encontrada na página 292 com padrão 1: 10/2024
2025-06-08 13:52:17,097 - pdf_extractor - INFO - Extraídos 34 registros das tabelas na página 292
2025-06-08 13:52:17,325 - pdf_extractor - INFO - Competência encontrada na página 293 com padrão 1: 10/2024
2025-06-08 13:52:17,450 - pdf_extractor - INFO - Extraídos 35 registros das tabelas na página 293
2025-06-08 13:52:17,664 - pdf_extractor - INFO - Competência encontrada na página 294 com padrão 1: 10/2024
2025-06-08 13:52:17,757 - pdf_extractor - INFO - Encontrado tomador '50 BATALHÃO DE INFANTARIA': 50 BATALHÃO DE INFANTARIA DE
2025-06-08 13:52:17,758 - pdf_extractor - INFO - Extraídos 34 registros das tabelas na página 294
2025-06-08 13:52:17,970 - pdf_extractor - INFO - Competência encontrada na página 295 com padrão 1: 10/2024
2025-06-08 13:52:18,054 - pdf_extractor - INFO - Extraídos 34 registros das tabelas na página 295
2025-06-08 13:52:18,268 - pdf_extractor - INFO - Competência encontrada na página 296 com padrão 1: 10/2024
2025-06-08 13:52:18,360 - pdf_extractor - INFO - Encontrado tomador '50 BATALHÃO DE INFANTARIA': 50 BATALHÃO DE INFANTARIA DE
2025-06-08 13:52:18,360 - pdf_extractor - INFO - Extraídos 35 registros das tabelas na página 296
2025-06-08 13:52:18,579 - pdf_extractor - INFO - Competência encontrada na página 297 com padrão 1: 10/2024
2025-06-08 13:52:18,688 - pdf_extractor - INFO - Extraídos 34 registros das tabelas na página 297
2025-06-08 13:52:18,764 - pdf_extractor - INFO - Competência encontrada na página 298 com padrão 1: 10/2024
2025-06-08 13:52:18,779 - pdf_extractor - INFO - Extraídos 10 registros das tabelas na página 298
2025-06-08 13:52:19,008 - pdf_extractor - INFO - Competência encontrada na página 299 com padrão 1: 11/2024
2025-06-08 13:52:19,117 - pdf_extractor - INFO - Extraídos 35 registros das tabelas na página 299
2025-06-08 13:52:19,336 - pdf_extractor - INFO - Competência encontrada na página 300 com padrão 1: 11/2024
2025-06-08 13:52:19,447 - pdf_extractor - INFO - Extraídos 34 registros das tabelas na página 300
2025-06-08 13:52:19,666 - pdf_extractor - INFO - Competência encontrada na página 301 com padrão 1: 11/2024
2025-06-08 13:52:19,769 - pdf_extractor - INFO - Extraídos 34 registros das tabelas na página 301
2025-06-08 13:52:19,986 - pdf_extractor - INFO - Competência encontrada na página 302 com padrão 1: 11/2024
2025-06-08 13:52:20,076 - pdf_extractor - INFO - Extraídos 34 registros das tabelas na página 302
2025-06-08 13:52:20,293 - pdf_extractor - INFO - Competência encontrada na página 303 com padrão 1: 11/2024
2025-06-08 13:52:20,382 - pdf_extractor - INFO - Extraídos 35 registros das tabelas na página 303
2025-06-08 13:52:20,588 - pdf_extractor - INFO - Competência encontrada na página 304 com padrão 1: 11/2024
2025-06-08 13:52:20,677 - pdf_extractor - INFO - Encontrado tomador '50 BATALHÃO DE INFANTARIA': 50 BATALHÃO DE INFANTARIA DE
2025-06-08 13:52:20,678 - pdf_extractor - INFO - Extraídos 34 registros das tabelas na página 304
2025-06-08 13:52:20,889 - pdf_extractor - INFO - Competência encontrada na página 305 com padrão 1: 11/2024
2025-06-08 13:52:20,993 - pdf_extractor - INFO - Extraídos 34 registros das tabelas na página 305
2025-06-08 13:52:21,220 - pdf_extractor - INFO - Competência encontrada na página 306 com padrão 1: 11/2024
2025-06-08 13:52:21,330 - pdf_extractor - INFO - Extraídos 34 registros das tabelas na página 306
2025-06-08 13:52:21,557 - pdf_extractor - INFO - Competência encontrada na página 307 com padrão 1: 11/2024
2025-06-08 13:52:21,661 - pdf_extractor - INFO - Extraídos 34 registros das tabelas na página 307
2025-06-08 13:52:21,811 - pdf_extractor - INFO - Competência encontrada na página 308 com padrão 1: 11/2024
2025-06-08 13:52:21,867 - pdf_extractor - INFO - Extraídos 22 registros das tabelas na página 308
2025-06-08 13:52:22,105 - pdf_extractor - INFO - Competência encontrada na página 309 com padrão 1: 12/2024
2025-06-08 13:52:22,235 - pdf_extractor - INFO - Extraídos 35 registros das tabelas na página 309
2025-06-08 13:52:22,452 - pdf_extractor - INFO - Competência encontrada na página 310 com padrão 1: 12/2024
2025-06-08 13:52:22,545 - pdf_extractor - INFO - Extraídos 34 registros das tabelas na página 310
2025-06-08 13:52:22,770 - pdf_extractor - INFO - Competência encontrada na página 311 com padrão 1: 12/2024
2025-06-08 13:52:22,872 - pdf_extractor - INFO - Extraídos 34 registros das tabelas na página 311
2025-06-08 13:52:23,084 - pdf_extractor - INFO - Competência encontrada na página 312 com padrão 1: 12/2024
2025-06-08 13:52:23,172 - pdf_extractor - INFO - Encontrado tomador '50 BATALHÃO DE INFANTARIA': 50 BATALHÃO DE INFANTARIA DE
2025-06-08 13:52:23,172 - pdf_extractor - INFO - Extraídos 34 registros das tabelas na página 312
2025-06-08 13:52:23,383 - pdf_extractor - INFO - Competência encontrada na página 313 com padrão 1: 12/2024
2025-06-08 13:52:23,477 - pdf_extractor - INFO - Extraídos 34 registros das tabelas na página 313
2025-06-08 13:52:23,697 - pdf_extractor - INFO - Competência encontrada na página 314 com padrão 1: 12/2024
2025-06-08 13:52:23,805 - pdf_extractor - INFO - Extraídos 35 registros das tabelas na página 314
2025-06-08 13:52:24,028 - pdf_extractor - INFO - Competência encontrada na página 315 com padrão 1: 12/2024
2025-06-08 13:52:24,126 - pdf_extractor - INFO - Extraídos 34 registros das tabelas na página 315
2025-06-08 13:52:24,388 - pdf_extractor - INFO - Competência encontrada na página 316 com padrão 1: 12/2024
2025-06-08 13:52:24,502 - pdf_extractor - INFO - Extraídos 35 registros das tabelas na página 316
2025-06-08 13:52:24,753 - pdf_extractor - INFO - Competência encontrada na página 317 com padrão 1: 12/2024
2025-06-08 13:52:24,860 - pdf_extractor - INFO - Encontrado tomador '50 BATALHÃO DE INFANTARIA': 50 BATALHÃO DE INFANTARIA DE
2025-06-08 13:52:24,861 - pdf_extractor - INFO - Extraídos 34 registros das tabelas na página 317
2025-06-08 13:52:25,075 - pdf_extractor - INFO - Competência encontrada na página 318 com padrão 1: 12/2024
2025-06-08 13:52:25,168 - pdf_extractor - INFO - Extraídos 34 registros das tabelas na página 318
2025-06-08 13:52:25,324 - pdf_extractor - INFO - Competência encontrada na página 319 com padrão 1: 12/2024
2025-06-08 13:52:25,370 - pdf_extractor - INFO - Extraídos 23 registros das tabelas na página 319
2025-06-08 13:52:25,405 - pdf_extractor - INFO - Competência encontrada na página 320 com padrão 4: 04/2025
2025-06-08 13:52:25,408 - pdf_extractor - INFO - Encontrado padrão específico 04/2025 no texto
2025-06-08 13:52:25,408 - pdf_extractor - INFO - Competência encontrada no texto: 04/2025
2025-06-08 13:52:25,409 - pdf_extractor - WARNING - Nenhum dado extraído do texto na página 320
2025-06-08 13:52:25,448 - pdf_extractor - INFO - Competência encontrada na página 321 com padrão 4: 04/2025
2025-06-08 13:52:25,453 - pdf_extractor - INFO - Encontrado padrão específico 04/2025 no texto
2025-06-08 13:52:25,453 - pdf_extractor - INFO - Competência encontrada no texto: 04/2025
2025-06-08 13:52:25,454 - pdf_extractor - WARNING - Nenhum dado extraído do texto na página 321
2025-06-08 13:52:25,488 - pdf_extractor - INFO - Competência encontrada na página 322 com padrão 4: 04/2025
2025-06-08 13:52:25,492 - pdf_extractor - INFO - Encontrado padrão específico 04/2025 no texto
2025-06-08 13:52:25,492 - pdf_extractor - INFO - Competência encontrada no texto: 04/2025
2025-06-08 13:52:25,492 - pdf_extractor - WARNING - Nenhum dado extraído do texto na página 322
2025-06-08 13:52:25,711 - pdf_extractor - INFO - Competência encontrada na página 323 com padrão 1: 01/2025
2025-06-08 13:52:25,809 - pdf_extractor - INFO - Extraídos 34 registros das tabelas na página 323
2025-06-08 13:52:26,029 - pdf_extractor - INFO - Competência encontrada na página 324 com padrão 1: 01/2025
2025-06-08 13:52:26,129 - pdf_extractor - INFO - Extraídos 34 registros das tabelas na página 324
2025-06-08 13:52:26,349 - pdf_extractor - INFO - Competência encontrada na página 325 com padrão 1: 01/2025
2025-06-08 13:52:26,445 - pdf_extractor - INFO - Encontrado tomador '50 BATALHÃO DE INFANTARIA': 50 BATALHÃO DE INFANTARIA DE
2025-06-08 13:52:26,445 - pdf_extractor - INFO - Encontrado tomador '50 BATALHÃO DE INFANTARIA': 50 BATALHÃO DE INFANTARIA DE
2025-06-08 13:52:26,446 - pdf_extractor - INFO - Extraídos 34 registros das tabelas na página 325
2025-06-08 13:52:26,659 - pdf_extractor - INFO - Competência encontrada na página 326 com padrão 1: 01/2025
2025-06-08 13:52:26,757 - pdf_extractor - INFO - Extraídos 33 registros das tabelas na página 326
2025-06-08 13:52:26,827 - pdf_extractor - INFO - Competência encontrada na página 327 com padrão 1: 01/2025
2025-06-08 13:52:26,839 - pdf_extractor - INFO - Extraídos 8 registros das tabelas na página 327
2025-06-08 13:52:28,370 - pdf_extractor - INFO - Competência encontrada na página 328 com padrão 1: 02/2025
2025-06-08 13:52:28,481 - pdf_extractor - INFO - Extraídos 33 registros das tabelas na página 328
2025-06-08 13:52:28,714 - pdf_extractor - INFO - Competência encontrada na página 329 com padrão 1: 02/2025
2025-06-08 13:52:28,846 - pdf_extractor - INFO - Encontrado tomador '50 BATALHÃO DE INFANTARIA': 50 BATALHÃO DE INFANTARIA DE
2025-06-08 13:52:28,846 - pdf_extractor - INFO - Encontrado tomador '50 BATALHÃO DE INFANTARIA': 50 BATALHÃO DE INFANTARIA DE
2025-06-08 13:52:28,846 - pdf_extractor - INFO - Encontrado tomador '50 BATALHÃO DE INFANTARIA': 50 BATALHÃO DE INFANTARIA DE
2025-06-08 13:52:28,846 - pdf_extractor - INFO - Extraídos 34 registros das tabelas na página 329
2025-06-08 13:52:28,994 - pdf_extractor - INFO - Competência encontrada na página 330 com padrão 1: 02/2025
2025-06-08 13:52:29,033 - pdf_extractor - INFO - Encontrado tomador '50 BATALHÃO DE INFANTARIA': 50 BATALHÃO DE INFANTARIA DE
2025-06-08 13:52:29,033 - pdf_extractor - INFO - Extraídos 19 registros das tabelas na página 330
2025-06-08 13:52:29,261 - pdf_extractor - INFO - Competência encontrada na página 331 com padrão 1: 03/2025
2025-06-08 13:52:29,360 - pdf_extractor - INFO - Extraídos 32 registros das tabelas na página 331
2025-06-08 13:52:29,461 - pdf_extractor - INFO - Competência encontrada na página 332 com padrão 1: 03/2025
2025-06-08 13:52:29,484 - pdf_extractor - INFO - Encontrado tomador '50 BATALHÃO DE INFANTARIA': 50 BATALHÃO DE INFANTARIA DE
2025-06-08 13:52:29,484 - pdf_extractor - INFO - Encontrado tomador '50 BATALHÃO DE INFANTARIA': 50 BATALHÃO DE INFANTARIA DE
2025-06-08 13:52:29,485 - pdf_extractor - INFO - Encontrado tomador '50 BATALHÃO DE INFANTARIA': 50 BATALHÃO DE INFANTARIA DE
2025-06-08 13:52:29,485 - pdf_extractor - INFO - Encontrado tomador '50 BATALHÃO DE INFANTARIA': 50 BATALHÃO DE INFANTARIA DE
2025-06-08 13:52:29,485 - pdf_extractor - INFO - Encontrado tomador '50 BATALHÃO DE INFANTARIA': 50 BATALHÃO DE INFANTARIA DE
2025-06-08 13:52:29,485 - pdf_extractor - INFO - Extraídos 11 registros das tabelas na página 332
2025-06-08 13:52:29,600 - pdf_extractor - INFO - Competência encontrada na página 333 com padrão 1: 04/2025
2025-06-08 13:52:29,627 - pdf_extractor - INFO - Extraídos 14 registros das tabelas na página 333
2025-06-08 13:52:29,662 - pdf_extractor - INFO - Competência encontrada na página 334 com padrão 4: 04/2025
2025-06-08 13:52:29,667 - pdf_extractor - INFO - Encontrado padrão específico 04/2025 no texto
2025-06-08 13:52:29,667 - pdf_extractor - INFO - Competência encontrada no texto: 04/2025
2025-06-08 13:52:29,668 - pdf_extractor - WARNING - Nenhum dado extraído do texto na página 334
2025-06-08 13:52:29,668 - pdfminer.pdfpage - WARNING - CropBox missing from /Page, defaulting to MediaBox
2025-06-08 13:52:29,668 - pdfminer.pdfpage - WARNING - CropBox missing from /Page, defaulting to MediaBox
2025-06-08 13:52:29,668 - pdfminer.pdfpage - WARNING - CropBox missing from /Page, defaulting to MediaBox
2025-06-08 13:52:29,669 - pdfminer.pdfpage - WARNING - CropBox missing from /Page, defaulting to MediaBox
2025-06-08 13:52:29,669 - pdfminer.pdfpage - WARNING - CropBox missing from /Page, defaulting to MediaBox
2025-06-08 13:52:29,669 - pdfminer.pdfpage - WARNING - CropBox missing from /Page, defaulting to MediaBox
2025-06-08 13:52:29,669 - pdfminer.pdfpage - WARNING - CropBox missing from /Page, defaulting to MediaBox
2025-06-08 13:52:29,669 - pdfminer.pdfpage - WARNING - CropBox missing from /Page, defaulting to MediaBox
2025-06-08 13:52:29,670 - pdfminer.pdfpage - WARNING - CropBox missing from /Page, defaulting to MediaBox
2025-06-08 13:52:29,670 - pdfminer.pdfpage - WARNING - CropBox missing from /Page, defaulting to MediaBox
2025-06-08 13:52:29,670 - pdfminer.pdfpage - WARNING - CropBox missing from /Page, defaulting to MediaBox
2025-06-08 13:52:29,670 - pdfminer.pdfpage - WARNING - CropBox missing from /Page, defaulting to MediaBox
2025-06-08 13:52:29,671 - pdfminer.pdfpage - WARNING - CropBox missing from /Page, defaulting to MediaBox
2025-06-08 13:52:29,671 - pdfminer.pdfpage - WARNING - CropBox missing from /Page, defaulting to MediaBox
2025-06-08 13:52:29,671 - pdfminer.pdfpage - WARNING - CropBox missing from /Page, defaulting to MediaBox
2025-06-08 13:52:29,671 - pdfminer.pdfpage - WARNING - CropBox missing from /Page, defaulting to MediaBox
2025-06-08 13:52:29,671 - pdfminer.pdfpage - WARNING - CropBox missing from /Page, defaulting to MediaBox
2025-06-08 13:52:29,671 - pdfminer.pdfpage - WARNING - CropBox missing from /Page, defaulting to MediaBox
2025-06-08 13:52:29,671 - pdfminer.pdfpage - WARNING - CropBox missing from /Page, defaulting to MediaBox
2025-06-08 13:52:29,671 - pdfminer.pdfpage - WARNING - CropBox missing from /Page, defaulting to MediaBox
2025-06-08 13:52:29,672 - pdfminer.pdfpage - WARNING - CropBox missing from /Page, defaulting to MediaBox
2025-06-08 13:52:29,672 - pdfminer.pdfpage - WARNING - CropBox missing from /Page, defaulting to MediaBox
2025-06-08 13:52:29,672 - pdfminer.pdfpage - WARNING - CropBox missing from /Page, defaulting to MediaBox
2025-06-08 13:52:29,672 - pdfminer.pdfpage - WARNING - CropBox missing from /Page, defaulting to MediaBox
2025-06-08 13:52:29,672 - pdfminer.pdfpage - WARNING - CropBox missing from /Page, defaulting to MediaBox
2025-06-08 13:52:29,672 - pdfminer.pdfpage - WARNING - CropBox missing from /Page, defaulting to MediaBox
2025-06-08 13:52:29,672 - pdfminer.pdfpage - WARNING - CropBox missing from /Page, defaulting to MediaBox
2025-06-08 13:52:29,673 - pdfminer.pdfpage - WARNING - CropBox missing from /Page, defaulting to MediaBox
2025-06-08 13:52:29,673 - pdfminer.pdfpage - WARNING - CropBox missing from /Page, defaulting to MediaBox
2025-06-08 13:52:29,673 - pdfminer.pdfpage - WARNING - CropBox missing from /Page, defaulting to MediaBox
2025-06-08 13:52:29,673 - pdfminer.pdfpage - WARNING - CropBox missing from /Page, defaulting to MediaBox
2025-06-08 13:52:29,674 - pdfminer.pdfpage - WARNING - CropBox missing from /Page, defaulting to MediaBox
2025-06-08 13:52:29,674 - pdfminer.pdfpage - WARNING - CropBox missing from /Page, defaulting to MediaBox
2025-06-08 13:52:29,674 - pdfminer.pdfpage - WARNING - CropBox missing from /Page, defaulting to MediaBox
2025-06-08 13:52:29,674 - pdfminer.pdfpage - WARNING - CropBox missing from /Page, defaulting to MediaBox
2025-06-08 13:52:29,674 - pdfminer.pdfpage - WARNING - CropBox missing from /Page, defaulting to MediaBox
2025-06-08 13:52:29,675 - pdfminer.pdfpage - WARNING - CropBox missing from /Page, defaulting to MediaBox
2025-06-08 13:52:29,675 - pdfminer.pdfpage - WARNING - CropBox missing from /Page, defaulting to MediaBox
2025-06-08 13:52:29,675 - pdfminer.pdfpage - WARNING - CropBox missing from /Page, defaulting to MediaBox
2025-06-08 13:52:29,675 - pdfminer.pdfpage - WARNING - CropBox missing from /Page, defaulting to MediaBox
2025-06-08 13:52:29,675 - pdfminer.pdfpage - WARNING - CropBox missing from /Page, defaulting to MediaBox
2025-06-08 13:52:29,675 - pdfminer.pdfpage - WARNING - CropBox missing from /Page, defaulting to MediaBox
2025-06-08 13:52:29,675 - pdfminer.pdfpage - WARNING - CropBox missing from /Page, defaulting to MediaBox
2025-06-08 13:52:29,675 - pdfminer.pdfpage - WARNING - CropBox missing from /Page, defaulting to MediaBox
2025-06-08 13:52:29,676 - pdfminer.pdfpage - WARNING - CropBox missing from /Page, defaulting to MediaBox
2025-06-08 13:52:29,676 - pdfminer.pdfpage - WARNING - CropBox missing from /Page, defaulting to MediaBox
2025-06-08 13:52:29,676 - pdfminer.pdfpage - WARNING - CropBox missing from /Page, defaulting to MediaBox
2025-06-08 13:52:29,676 - pdfminer.pdfpage - WARNING - CropBox missing from /Page, defaulting to MediaBox
2025-06-08 13:52:29,676 - pdfminer.pdfpage - WARNING - CropBox missing from /Page, defaulting to MediaBox
2025-06-08 13:52:29,676 - pdfminer.pdfpage - WARNING - CropBox missing from /Page, defaulting to MediaBox
2025-06-08 13:52:29,676 - pdfminer.pdfpage - WARNING - CropBox missing from /Page, defaulting to MediaBox
2025-06-08 13:52:29,677 - pdfminer.pdfpage - WARNING - CropBox missing from /Page, defaulting to MediaBox
2025-06-08 13:52:29,677 - pdfminer.pdfpage - WARNING - CropBox missing from /Page, defaulting to MediaBox
2025-06-08 13:52:29,677 - pdfminer.pdfpage - WARNING - CropBox missing from /Page, defaulting to MediaBox
2025-06-08 13:52:29,677 - pdfminer.pdfpage - WARNING - CropBox missing from /Page, defaulting to MediaBox
2025-06-08 13:52:29,677 - pdfminer.pdfpage - WARNING - CropBox missing from /Page, defaulting to MediaBox
2025-06-08 13:52:29,678 - pdfminer.pdfpage - WARNING - CropBox missing from /Page, defaulting to MediaBox
2025-06-08 13:52:29,678 - pdfminer.pdfpage - WARNING - CropBox missing from /Page, defaulting to MediaBox
2025-06-08 13:52:29,678 - pdfminer.pdfpage - WARNING - CropBox missing from /Page, defaulting to MediaBox
2025-06-08 13:52:29,678 - pdfminer.pdfpage - WARNING - CropBox missing from /Page, defaulting to MediaBox
2025-06-08 13:52:29,678 - pdfminer.pdfpage - WARNING - CropBox missing from /Page, defaulting to MediaBox
2025-06-08 13:52:29,679 - pdfminer.pdfpage - WARNING - CropBox missing from /Page, defaulting to MediaBox
2025-06-08 13:52:29,679 - pdfminer.pdfpage - WARNING - CropBox missing from /Page, defaulting to MediaBox
2025-06-08 13:52:29,679 - pdfminer.pdfpage - WARNING - CropBox missing from /Page, defaulting to MediaBox
2025-06-08 13:52:29,679 - pdfminer.pdfpage - WARNING - CropBox missing from /Page, defaulting to MediaBox
2025-06-08 13:52:29,679 - pdfminer.pdfpage - WARNING - CropBox missing from /Page, defaulting to MediaBox
2025-06-08 13:52:29,680 - pdfminer.pdfpage - WARNING - CropBox missing from /Page, defaulting to MediaBox
2025-06-08 13:52:29,680 - pdfminer.pdfpage - WARNING - CropBox missing from /Page, defaulting to MediaBox
2025-06-08 13:52:29,680 - pdfminer.pdfpage - WARNING - CropBox missing from /Page, defaulting to MediaBox
2025-06-08 13:52:29,680 - pdfminer.pdfpage - WARNING - CropBox missing from /Page, defaulting to MediaBox
2025-06-08 13:52:29,680 - pdfminer.pdfpage - WARNING - CropBox missing from /Page, defaulting to MediaBox
2025-06-08 13:52:29,680 - pdfminer.pdfpage - WARNING - CropBox missing from /Page, defaulting to MediaBox
2025-06-08 13:52:29,681 - pdfminer.pdfpage - WARNING - CropBox missing from /Page, defaulting to MediaBox
2025-06-08 13:52:29,681 - pdfminer.pdfpage - WARNING - CropBox missing from /Page, defaulting to MediaBox
2025-06-08 13:52:29,681 - pdfminer.pdfpage - WARNING - CropBox missing from /Page, defaulting to MediaBox
2025-06-08 13:52:29,681 - pdfminer.pdfpage - WARNING - CropBox missing from /Page, defaulting to MediaBox
2025-06-08 13:52:29,681 - pdfminer.pdfpage - WARNING - CropBox missing from /Page, defaulting to MediaBox
2025-06-08 13:52:29,682 - pdfminer.pdfpage - WARNING - CropBox missing from /Page, defaulting to MediaBox
2025-06-08 13:52:29,682 - pdfminer.pdfpage - WARNING - CropBox missing from /Page, defaulting to MediaBox
2025-06-08 13:52:29,682 - pdfminer.pdfpage - WARNING - CropBox missing from /Page, defaulting to MediaBox
2025-06-08 13:52:29,682 - pdfminer.pdfpage - WARNING - CropBox missing from /Page, defaulting to MediaBox
2025-06-08 13:52:29,682 - pdfminer.pdfpage - WARNING - CropBox missing from /Page, defaulting to MediaBox
2025-06-08 13:52:29,683 - pdfminer.pdfpage - WARNING - CropBox missing from /Page, defaulting to MediaBox
2025-06-08 13:52:29,683 - pdfminer.pdfpage - WARNING - CropBox missing from /Page, defaulting to MediaBox
2025-06-08 13:52:29,683 - pdfminer.pdfpage - WARNING - CropBox missing from /Page, defaulting to MediaBox
2025-06-08 13:52:29,683 - pdfminer.pdfpage - WARNING - CropBox missing from /Page, defaulting to MediaBox
2025-06-08 13:52:29,683 - pdfminer.pdfpage - WARNING - CropBox missing from /Page, defaulting to MediaBox
2025-06-08 13:52:29,684 - pdfminer.pdfpage - WARNING - CropBox missing from /Page, defaulting to MediaBox
2025-06-08 13:52:29,684 - pdfminer.pdfpage - WARNING - CropBox missing from /Page, defaulting to MediaBox
2025-06-08 13:52:29,684 - pdfminer.pdfpage - WARNING - CropBox missing from /Page, defaulting to MediaBox
2025-06-08 13:52:29,684 - pdfminer.pdfpage - WARNING - CropBox missing from /Page, defaulting to MediaBox
2025-06-08 13:52:29,684 - pdfminer.pdfpage - WARNING - CropBox missing from /Page, defaulting to MediaBox
2025-06-08 13:52:29,685 - pdfminer.pdfpage - WARNING - CropBox missing from /Page, defaulting to MediaBox
2025-06-08 13:52:29,685 - pdfminer.pdfpage - WARNING - CropBox missing from /Page, defaulting to MediaBox
2025-06-08 13:52:29,685 - pdfminer.pdfpage - WARNING - CropBox missing from /Page, defaulting to MediaBox
2025-06-08 13:52:29,685 - pdfminer.pdfpage - WARNING - CropBox missing from /Page, defaulting to MediaBox
2025-06-08 13:52:29,685 - pdfminer.pdfpage - WARNING - CropBox missing from /Page, defaulting to MediaBox
2025-06-08 13:52:29,685 - pdfminer.pdfpage - WARNING - CropBox missing from /Page, defaulting to MediaBox
2025-06-08 13:52:29,685 - pdfminer.pdfpage - WARNING - CropBox missing from /Page, defaulting to MediaBox
2025-06-08 13:52:29,686 - pdfminer.pdfpage - WARNING - CropBox missing from /Page, defaulting to MediaBox
2025-06-08 13:52:29,686 - pdfminer.pdfpage - WARNING - CropBox missing from /Page, defaulting to MediaBox
2025-06-08 13:52:29,686 - pdfminer.pdfpage - WARNING - CropBox missing from /Page, defaulting to MediaBox
2025-06-08 13:52:29,686 - pdfminer.pdfpage - WARNING - CropBox missing from /Page, defaulting to MediaBox
2025-06-08 13:52:29,687 - pdfminer.pdfpage - WARNING - CropBox missing from /Page, defaulting to MediaBox
2025-06-08 13:52:29,687 - pdfminer.pdfpage - WARNING - CropBox missing from /Page, defaulting to MediaBox
2025-06-08 13:52:29,687 - pdfminer.pdfpage - WARNING - CropBox missing from /Page, defaulting to MediaBox
2025-06-08 13:52:29,687 - pdfminer.pdfpage - WARNING - CropBox missing from /Page, defaulting to MediaBox
2025-06-08 13:52:29,687 - pdfminer.pdfpage - WARNING - CropBox missing from /Page, defaulting to MediaBox
2025-06-08 13:52:29,688 - pdfminer.pdfpage - WARNING - CropBox missing from /Page, defaulting to MediaBox
2025-06-08 13:52:29,688 - pdfminer.pdfpage - WARNING - CropBox missing from /Page, defaulting to MediaBox
2025-06-08 13:52:29,688 - pdfminer.pdfpage - WARNING - CropBox missing from /Page, defaulting to MediaBox
2025-06-08 13:52:29,688 - pdfminer.pdfpage - WARNING - CropBox missing from /Page, defaulting to MediaBox
2025-06-08 13:52:29,688 - pdfminer.pdfpage - WARNING - CropBox missing from /Page, defaulting to MediaBox
2025-06-08 13:52:29,688 - pdfminer.pdfpage - WARNING - CropBox missing from /Page, defaulting to MediaBox
2025-06-08 13:52:29,689 - pdfminer.pdfpage - WARNING - CropBox missing from /Page, defaulting to MediaBox
2025-06-08 13:52:29,689 - pdfminer.pdfpage - WARNING - CropBox missing from /Page, defaulting to MediaBox
2025-06-08 13:52:29,689 - pdfminer.pdfpage - WARNING - CropBox missing from /Page, defaulting to MediaBox
2025-06-08 13:52:29,689 - pdfminer.pdfpage - WARNING - CropBox missing from /Page, defaulting to MediaBox
2025-06-08 13:52:29,689 - pdfminer.pdfpage - WARNING - CropBox missing from /Page, defaulting to MediaBox
2025-06-08 13:52:29,689 - pdfminer.pdfpage - WARNING - CropBox missing from /Page, defaulting to MediaBox
2025-06-08 13:52:29,689 - pdfminer.pdfpage - WARNING - CropBox missing from /Page, defaulting to MediaBox
2025-06-08 13:52:29,690 - pdfminer.pdfpage - WARNING - CropBox missing from /Page, defaulting to MediaBox
2025-06-08 13:52:29,690 - pdfminer.pdfpage - WARNING - CropBox missing from /Page, defaulting to MediaBox
2025-06-08 13:52:29,690 - pdfminer.pdfpage - WARNING - CropBox missing from /Page, defaulting to MediaBox
2025-06-08 13:52:29,690 - pdfminer.pdfpage - WARNING - CropBox missing from /Page, defaulting to MediaBox
2025-06-08 13:52:29,690 - pdfminer.pdfpage - WARNING - CropBox missing from /Page, defaulting to MediaBox
2025-06-08 13:52:29,691 - pdfminer.pdfpage - WARNING - CropBox missing from /Page, defaulting to MediaBox
2025-06-08 13:52:29,691 - pdfminer.pdfpage - WARNING - CropBox missing from /Page, defaulting to MediaBox
2025-06-08 13:52:29,691 - pdfminer.pdfpage - WARNING - CropBox missing from /Page, defaulting to MediaBox
2025-06-08 13:52:29,691 - pdfminer.pdfpage - WARNING - CropBox missing from /Page, defaulting to MediaBox
2025-06-08 13:52:29,691 - pdfminer.pdfpage - WARNING - CropBox missing from /Page, defaulting to MediaBox
2025-06-08 13:52:29,692 - pdfminer.pdfpage - WARNING - CropBox missing from /Page, defaulting to MediaBox
2025-06-08 13:52:29,692 - pdfminer.pdfpage - WARNING - CropBox missing from /Page, defaulting to MediaBox
2025-06-08 13:52:29,692 - pdfminer.pdfpage - WARNING - CropBox missing from /Page, defaulting to MediaBox
2025-06-08 13:52:29,692 - pdfminer.pdfpage - WARNING - CropBox missing from /Page, defaulting to MediaBox
2025-06-08 13:52:29,692 - pdfminer.pdfpage - WARNING - CropBox missing from /Page, defaulting to MediaBox
2025-06-08 13:52:29,692 - pdfminer.pdfpage - WARNING - CropBox missing from /Page, defaulting to MediaBox
2025-06-08 13:52:29,693 - pdfminer.pdfpage - WARNING - CropBox missing from /Page, defaulting to MediaBox
2025-06-08 13:52:29,693 - pdfminer.pdfpage - WARNING - CropBox missing from /Page, defaulting to MediaBox
2025-06-08 13:52:29,693 - pdfminer.pdfpage - WARNING - CropBox missing from /Page, defaulting to MediaBox
2025-06-08 13:52:29,693 - pdfminer.pdfpage - WARNING - CropBox missing from /Page, defaulting to MediaBox
2025-06-08 13:52:29,693 - pdfminer.pdfpage - WARNING - CropBox missing from /Page, defaulting to MediaBox
2025-06-08 13:52:29,693 - pdfminer.pdfpage - WARNING - CropBox missing from /Page, defaulting to MediaBox
2025-06-08 13:52:29,694 - pdfminer.pdfpage - WARNING - CropBox missing from /Page, defaulting to MediaBox
2025-06-08 13:52:29,694 - pdfminer.pdfpage - WARNING - CropBox missing from /Page, defaulting to MediaBox
2025-06-08 13:52:29,694 - pdfminer.pdfpage - WARNING - CropBox missing from /Page, defaulting to MediaBox
2025-06-08 13:52:29,694 - pdfminer.pdfpage - WARNING - CropBox missing from /Page, defaulting to MediaBox
2025-06-08 13:52:29,694 - pdfminer.pdfpage - WARNING - CropBox missing from /Page, defaulting to MediaBox
2025-06-08 13:52:29,695 - pdfminer.pdfpage - WARNING - CropBox missing from /Page, defaulting to MediaBox
2025-06-08 13:52:29,695 - pdfminer.pdfpage - WARNING - CropBox missing from /Page, defaulting to MediaBox
2025-06-08 13:52:29,695 - pdfminer.pdfpage - WARNING - CropBox missing from /Page, defaulting to MediaBox
2025-06-08 13:52:29,695 - pdfminer.pdfpage - WARNING - CropBox missing from /Page, defaulting to MediaBox
2025-06-08 13:52:29,695 - pdfminer.pdfpage - WARNING - CropBox missing from /Page, defaulting to MediaBox
2025-06-08 13:52:29,696 - pdfminer.pdfpage - WARNING - CropBox missing from /Page, defaulting to MediaBox
2025-06-08 13:52:29,696 - pdfminer.pdfpage - WARNING - CropBox missing from /Page, defaulting to MediaBox
2025-06-08 13:52:29,696 - pdfminer.pdfpage - WARNING - CropBox missing from /Page, defaulting to MediaBox
2025-06-08 13:52:29,696 - pdfminer.pdfpage - WARNING - CropBox missing from /Page, defaulting to MediaBox
2025-06-08 13:52:29,696 - pdfminer.pdfpage - WARNING - CropBox missing from /Page, defaulting to MediaBox
2025-06-08 13:52:29,696 - pdfminer.pdfpage - WARNING - CropBox missing from /Page, defaulting to MediaBox
2025-06-08 13:52:29,696 - pdfminer.pdfpage - WARNING - CropBox missing from /Page, defaulting to MediaBox
2025-06-08 13:52:29,697 - pdfminer.pdfpage - WARNING - CropBox missing from /Page, defaulting to MediaBox
2025-06-08 13:52:29,697 - pdfminer.pdfpage - WARNING - CropBox missing from /Page, defaulting to MediaBox
2025-06-08 13:52:29,697 - pdfminer.pdfpage - WARNING - CropBox missing from /Page, defaulting to MediaBox
2025-06-08 13:52:29,697 - pdfminer.pdfpage - WARNING - CropBox missing from /Page, defaulting to MediaBox
2025-06-08 13:52:29,697 - pdfminer.pdfpage - WARNING - CropBox missing from /Page, defaulting to MediaBox
2025-06-08 13:52:29,697 - pdfminer.pdfpage - WARNING - CropBox missing from /Page, defaulting to MediaBox
2025-06-08 13:52:29,698 - pdfminer.pdfpage - WARNING - CropBox missing from /Page, defaulting to MediaBox
2025-06-08 13:52:29,698 - pdfminer.pdfpage - WARNING - CropBox missing from /Page, defaulting to MediaBox
2025-06-08 13:52:29,698 - pdfminer.pdfpage - WARNING - CropBox missing from /Page, defaulting to MediaBox
2025-06-08 13:52:29,698 - pdfminer.pdfpage - WARNING - CropBox missing from /Page, defaulting to MediaBox
2025-06-08 13:52:29,698 - pdfminer.pdfpage - WARNING - CropBox missing from /Page, defaulting to MediaBox
2025-06-08 13:52:29,699 - pdfminer.pdfpage - WARNING - CropBox missing from /Page, defaulting to MediaBox
2025-06-08 13:52:29,699 - pdfminer.pdfpage - WARNING - CropBox missing from /Page, defaulting to MediaBox
2025-06-08 13:52:29,699 - pdfminer.pdfpage - WARNING - CropBox missing from /Page, defaulting to MediaBox
2025-06-08 13:52:29,699 - pdfminer.pdfpage - WARNING - CropBox missing from /Page, defaulting to MediaBox
2025-06-08 13:52:29,699 - pdfminer.pdfpage - WARNING - CropBox missing from /Page, defaulting to MediaBox
2025-06-08 13:52:29,700 - pdfminer.pdfpage - WARNING - CropBox missing from /Page, defaulting to MediaBox
2025-06-08 13:52:29,700 - pdfminer.pdfpage - WARNING - CropBox missing from /Page, defaulting to MediaBox
2025-06-08 13:52:29,700 - pdfminer.pdfpage - WARNING - CropBox missing from /Page, defaulting to MediaBox
2025-06-08 13:52:29,700 - pdfminer.pdfpage - WARNING - CropBox missing from /Page, defaulting to MediaBox
2025-06-08 13:52:29,700 - pdfminer.pdfpage - WARNING - CropBox missing from /Page, defaulting to MediaBox
2025-06-08 13:52:29,700 - pdfminer.pdfpage - WARNING - CropBox missing from /Page, defaulting to MediaBox
2025-06-08 13:52:29,701 - pdfminer.pdfpage - WARNING - CropBox missing from /Page, defaulting to MediaBox
2025-06-08 13:52:29,701 - pdfminer.pdfpage - WARNING - CropBox missing from /Page, defaulting to MediaBox
2025-06-08 13:52:29,701 - pdfminer.pdfpage - WARNING - CropBox missing from /Page, defaulting to MediaBox
2025-06-08 13:52:29,701 - pdfminer.pdfpage - WARNING - CropBox missing from /Page, defaulting to MediaBox
2025-06-08 13:52:29,701 - pdfminer.pdfpage - WARNING - CropBox missing from /Page, defaulting to MediaBox
2025-06-08 13:52:29,701 - pdfminer.pdfpage - WARNING - CropBox missing from /Page, defaulting to MediaBox
2025-06-08 13:52:29,702 - pdfminer.pdfpage - WARNING - CropBox missing from /Page, defaulting to MediaBox
2025-06-08 13:52:29,702 - pdfminer.pdfpage - WARNING - CropBox missing from /Page, defaulting to MediaBox
2025-06-08 13:52:29,702 - pdfminer.pdfpage - WARNING - CropBox missing from /Page, defaulting to MediaBox
2025-06-08 13:52:29,702 - pdfminer.pdfpage - WARNING - CropBox missing from /Page, defaulting to MediaBox
2025-06-08 13:52:29,702 - pdfminer.pdfpage - WARNING - CropBox missing from /Page, defaulting to MediaBox
2025-06-08 13:52:29,702 - pdfminer.pdfpage - WARNING - CropBox missing from /Page, defaulting to MediaBox
2025-06-08 13:52:29,703 - pdfminer.pdfpage - WARNING - CropBox missing from /Page, defaulting to MediaBox
2025-06-08 13:52:29,703 - pdfminer.pdfpage - WARNING - CropBox missing from /Page, defaulting to MediaBox
2025-06-08 13:52:29,703 - pdfminer.pdfpage - WARNING - CropBox missing from /Page, defaulting to MediaBox
2025-06-08 13:52:29,703 - pdfminer.pdfpage - WARNING - CropBox missing from /Page, defaulting to MediaBox
2025-06-08 13:52:29,704 - pdfminer.pdfpage - WARNING - CropBox missing from /Page, defaulting to MediaBox
2025-06-08 13:52:29,704 - pdfminer.pdfpage - WARNING - CropBox missing from /Page, defaulting to MediaBox
2025-06-08 13:52:29,704 - pdfminer.pdfpage - WARNING - CropBox missing from /Page, defaulting to MediaBox
2025-06-08 13:52:29,704 - pdfminer.pdfpage - WARNING - CropBox missing from /Page, defaulting to MediaBox
2025-06-08 13:52:29,704 - pdfminer.pdfpage - WARNING - CropBox missing from /Page, defaulting to MediaBox
2025-06-08 13:52:29,704 - pdfminer.pdfpage - WARNING - CropBox missing from /Page, defaulting to MediaBox
2025-06-08 13:52:29,704 - pdfminer.pdfpage - WARNING - CropBox missing from /Page, defaulting to MediaBox
2025-06-08 13:52:29,705 - pdfminer.pdfpage - WARNING - CropBox missing from /Page, defaulting to MediaBox
2025-06-08 13:52:29,705 - pdfminer.pdfpage - WARNING - CropBox missing from /Page, defaulting to MediaBox
2025-06-08 13:52:29,705 - pdfminer.pdfpage - WARNING - CropBox missing from /Page, defaulting to MediaBox
2025-06-08 13:52:29,705 - pdfminer.pdfpage - WARNING - CropBox missing from /Page, defaulting to MediaBox
2025-06-08 13:52:29,705 - pdfminer.pdfpage - WARNING - CropBox missing from /Page, defaulting to MediaBox
2025-06-08 13:52:29,705 - pdfminer.pdfpage - WARNING - CropBox missing from /Page, defaulting to MediaBox
2025-06-08 13:52:29,705 - pdfminer.pdfpage - WARNING - CropBox missing from /Page, defaulting to MediaBox
2025-06-08 13:52:29,706 - pdfminer.pdfpage - WARNING - CropBox missing from /Page, defaulting to MediaBox
2025-06-08 13:52:29,706 - pdfminer.pdfpage - WARNING - CropBox missing from /Page, defaulting to MediaBox
2025-06-08 13:52:29,706 - pdfminer.pdfpage - WARNING - CropBox missing from /Page, defaulting to MediaBox
2025-06-08 13:52:29,706 - pdfminer.pdfpage - WARNING - CropBox missing from /Page, defaulting to MediaBox
2025-06-08 13:52:29,706 - pdfminer.pdfpage - WARNING - CropBox missing from /Page, defaulting to MediaBox
2025-06-08 13:52:29,706 - pdfminer.pdfpage - WARNING - CropBox missing from /Page, defaulting to MediaBox
2025-06-08 13:52:29,707 - pdfminer.pdfpage - WARNING - CropBox missing from /Page, defaulting to MediaBox
2025-06-08 13:52:29,707 - pdfminer.pdfpage - WARNING - CropBox missing from /Page, defaulting to MediaBox
2025-06-08 13:52:29,707 - pdfminer.pdfpage - WARNING - CropBox missing from /Page, defaulting to MediaBox
2025-06-08 13:52:29,707 - pdfminer.pdfpage - WARNING - CropBox missing from /Page, defaulting to MediaBox
2025-06-08 13:52:29,707 - pdfminer.pdfpage - WARNING - CropBox missing from /Page, defaulting to MediaBox
2025-06-08 13:52:29,707 - pdfminer.pdfpage - WARNING - CropBox missing from /Page, defaulting to MediaBox
2025-06-08 13:52:29,708 - pdfminer.pdfpage - WARNING - CropBox missing from /Page, defaulting to MediaBox
2025-06-08 13:52:29,708 - pdfminer.pdfpage - WARNING - CropBox missing from /Page, defaulting to MediaBox
2025-06-08 13:52:29,708 - pdfminer.pdfpage - WARNING - CropBox missing from /Page, defaulting to MediaBox
2025-06-08 13:52:29,708 - pdfminer.pdfpage - WARNING - CropBox missing from /Page, defaulting to MediaBox
2025-06-08 13:52:29,709 - pdfminer.pdfpage - WARNING - CropBox missing from /Page, defaulting to MediaBox
2025-06-08 13:52:29,709 - pdfminer.pdfpage - WARNING - CropBox missing from /Page, defaulting to MediaBox
2025-06-08 13:52:29,709 - pdfminer.pdfpage - WARNING - CropBox missing from /Page, defaulting to MediaBox
2025-06-08 13:52:29,709 - pdfminer.pdfpage - WARNING - CropBox missing from /Page, defaulting to MediaBox
2025-06-08 13:52:29,709 - pdfminer.pdfpage - WARNING - CropBox missing from /Page, defaulting to MediaBox
2025-06-08 13:52:29,709 - pdfminer.pdfpage - WARNING - CropBox missing from /Page, defaulting to MediaBox
2025-06-08 13:52:29,709 - pdfminer.pdfpage - WARNING - CropBox missing from /Page, defaulting to MediaBox
2025-06-08 13:52:29,710 - pdfminer.pdfpage - WARNING - CropBox missing from /Page, defaulting to MediaBox
2025-06-08 13:52:29,710 - pdfminer.pdfpage - WARNING - CropBox missing from /Page, defaulting to MediaBox
2025-06-08 13:52:29,710 - pdfminer.pdfpage - WARNING - CropBox missing from /Page, defaulting to MediaBox
2025-06-08 13:52:29,710 - pdfminer.pdfpage - WARNING - CropBox missing from /Page, defaulting to MediaBox
2025-06-08 13:52:29,710 - pdfminer.pdfpage - WARNING - CropBox missing from /Page, defaulting to MediaBox
2025-06-08 13:52:29,710 - pdfminer.pdfpage - WARNING - CropBox missing from /Page, defaulting to MediaBox
2025-06-08 13:52:29,711 - pdfminer.pdfpage - WARNING - CropBox missing from /Page, defaulting to MediaBox
2025-06-08 13:52:29,711 - pdfminer.pdfpage - WARNING - CropBox missing from /Page, defaulting to MediaBox
2025-06-08 13:52:29,711 - pdfminer.pdfpage - WARNING - CropBox missing from /Page, defaulting to MediaBox
2025-06-08 13:52:29,711 - pdfminer.pdfpage - WARNING - CropBox missing from /Page, defaulting to MediaBox
2025-06-08 13:52:29,711 - pdfminer.pdfpage - WARNING - CropBox missing from /Page, defaulting to MediaBox
2025-06-08 13:52:29,711 - pdfminer.pdfpage - WARNING - CropBox missing from /Page, defaulting to MediaBox
2025-06-08 13:52:29,712 - pdfminer.pdfpage - WARNING - CropBox missing from /Page, defaulting to MediaBox
2025-06-08 13:52:29,712 - pdfminer.pdfpage - WARNING - CropBox missing from /Page, defaulting to MediaBox
2025-06-08 13:52:29,712 - pdfminer.pdfpage - WARNING - CropBox missing from /Page, defaulting to MediaBox
2025-06-08 13:52:29,712 - pdfminer.pdfpage - WARNING - CropBox missing from /Page, defaulting to MediaBox
2025-06-08 13:52:29,712 - pdfminer.pdfpage - WARNING - CropBox missing from /Page, defaulting to MediaBox
2025-06-08 13:52:29,713 - pdfminer.pdfpage - WARNING - CropBox missing from /Page, defaulting to MediaBox
2025-06-08 13:52:29,713 - pdfminer.pdfpage - WARNING - CropBox missing from /Page, defaulting to MediaBox
2025-06-08 13:52:29,713 - pdfminer.pdfpage - WARNING - CropBox missing from /Page, defaulting to MediaBox
2025-06-08 13:52:29,713 - pdfminer.pdfpage - WARNING - CropBox missing from /Page, defaulting to MediaBox
2025-06-08 13:52:29,713 - pdfminer.pdfpage - WARNING - CropBox missing from /Page, defaulting to MediaBox
2025-06-08 13:52:29,713 - pdfminer.pdfpage - WARNING - CropBox missing from /Page, defaulting to MediaBox
2025-06-08 13:52:29,714 - pdfminer.pdfpage - WARNING - CropBox missing from /Page, defaulting to MediaBox
2025-06-08 13:52:29,714 - pdfminer.pdfpage - WARNING - CropBox missing from /Page, defaulting to MediaBox
2025-06-08 13:52:29,714 - pdfminer.pdfpage - WARNING - CropBox missing from /Page, defaulting to MediaBox
2025-06-08 13:52:29,714 - pdfminer.pdfpage - WARNING - CropBox missing from /Page, defaulting to MediaBox
2025-06-08 13:52:29,714 - pdfminer.pdfpage - WARNING - CropBox missing from /Page, defaulting to MediaBox
2025-06-08 13:52:29,714 - pdfminer.pdfpage - WARNING - CropBox missing from /Page, defaulting to MediaBox
2025-06-08 13:52:29,715 - pdfminer.pdfpage - WARNING - CropBox missing from /Page, defaulting to MediaBox
2025-06-08 13:52:29,715 - pdfminer.pdfpage - WARNING - CropBox missing from /Page, defaulting to MediaBox
2025-06-08 13:52:29,715 - pdfminer.pdfpage - WARNING - CropBox missing from /Page, defaulting to MediaBox
2025-06-08 13:52:29,715 - pdfminer.pdfpage - WARNING - CropBox missing from /Page, defaulting to MediaBox
2025-06-08 13:52:29,715 - pdfminer.pdfpage - WARNING - CropBox missing from /Page, defaulting to MediaBox
2025-06-08 13:52:29,716 - pdfminer.pdfpage - WARNING - CropBox missing from /Page, defaulting to MediaBox
2025-06-08 13:52:29,716 - pdfminer.pdfpage - WARNING - CropBox missing from /Page, defaulting to MediaBox
2025-06-08 13:52:29,716 - pdfminer.pdfpage - WARNING - CropBox missing from /Page, defaulting to MediaBox
2025-06-08 13:52:29,716 - pdfminer.pdfpage - WARNING - CropBox missing from /Page, defaulting to MediaBox
2025-06-08 13:52:29,716 - pdfminer.pdfpage - WARNING - CropBox missing from /Page, defaulting to MediaBox
2025-06-08 13:52:29,717 - pdfminer.pdfpage - WARNING - CropBox missing from /Page, defaulting to MediaBox
2025-06-08 13:52:29,717 - pdfminer.pdfpage - WARNING - CropBox missing from /Page, defaulting to MediaBox
2025-06-08 13:52:29,717 - pdfminer.pdfpage - WARNING - CropBox missing from /Page, defaulting to MediaBox
2025-06-08 13:52:29,717 - pdfminer.pdfpage - WARNING - CropBox missing from /Page, defaulting to MediaBox
2025-06-08 13:52:29,717 - pdfminer.pdfpage - WARNING - CropBox missing from /Page, defaulting to MediaBox
2025-06-08 13:52:29,717 - pdfminer.pdfpage - WARNING - CropBox missing from /Page, defaulting to MediaBox
2025-06-08 13:52:29,717 - pdfminer.pdfpage - WARNING - CropBox missing from /Page, defaulting to MediaBox
2025-06-08 13:52:29,718 - pdfminer.pdfpage - WARNING - CropBox missing from /Page, defaulting to MediaBox
2025-06-08 13:52:29,718 - pdfminer.pdfpage - WARNING - CropBox missing from /Page, defaulting to MediaBox
2025-06-08 13:52:29,718 - pdfminer.pdfpage - WARNING - CropBox missing from /Page, defaulting to MediaBox
2025-06-08 13:52:29,718 - pdfminer.pdfpage - WARNING - CropBox missing from /Page, defaulting to MediaBox
2025-06-08 13:52:29,718 - pdfminer.pdfpage - WARNING - CropBox missing from /Page, defaulting to MediaBox
2025-06-08 13:52:29,718 - pdfminer.pdfpage - WARNING - CropBox missing from /Page, defaulting to MediaBox
2025-06-08 13:52:29,719 - pdfminer.pdfpage - WARNING - CropBox missing from /Page, defaulting to MediaBox
2025-06-08 13:52:29,719 - pdfminer.pdfpage - WARNING - CropBox missing from /Page, defaulting to MediaBox
2025-06-08 13:52:29,719 - pdfminer.pdfpage - WARNING - CropBox missing from /Page, defaulting to MediaBox
2025-06-08 13:52:29,719 - pdfminer.pdfpage - WARNING - CropBox missing from /Page, defaulting to MediaBox
2025-06-08 13:52:29,719 - pdfminer.pdfpage - WARNING - CropBox missing from /Page, defaulting to MediaBox
2025-06-08 13:52:29,719 - pdfminer.pdfpage - WARNING - CropBox missing from /Page, defaulting to MediaBox
2025-06-08 13:52:29,720 - pdfminer.pdfpage - WARNING - CropBox missing from /Page, defaulting to MediaBox
2025-06-08 13:52:29,720 - pdfminer.pdfpage - WARNING - CropBox missing from /Page, defaulting to MediaBox
2025-06-08 13:52:29,720 - pdfminer.pdfpage - WARNING - CropBox missing from /Page, defaulting to MediaBox
2025-06-08 13:52:29,720 - pdfminer.pdfpage - WARNING - CropBox missing from /Page, defaulting to MediaBox
2025-06-08 13:52:29,720 - pdfminer.pdfpage - WARNING - CropBox missing from /Page, defaulting to MediaBox
2025-06-08 13:52:29,720 - pdfminer.pdfpage - WARNING - CropBox missing from /Page, defaulting to MediaBox
2025-06-08 13:52:29,721 - pdfminer.pdfpage - WARNING - CropBox missing from /Page, defaulting to MediaBox
2025-06-08 13:52:29,721 - pdfminer.pdfpage - WARNING - CropBox missing from /Page, defaulting to MediaBox
2025-06-08 13:52:29,721 - pdfminer.pdfpage - WARNING - CropBox missing from /Page, defaulting to MediaBox
2025-06-08 13:52:29,721 - pdfminer.pdfpage - WARNING - CropBox missing from /Page, defaulting to MediaBox
2025-06-08 13:52:29,721 - pdfminer.pdfpage - WARNING - CropBox missing from /Page, defaulting to MediaBox
2025-06-08 13:52:29,722 - pdfminer.pdfpage - WARNING - CropBox missing from /Page, defaulting to MediaBox
2025-06-08 13:52:29,722 - pdfminer.pdfpage - WARNING - CropBox missing from /Page, defaulting to MediaBox
2025-06-08 13:52:29,722 - pdfminer.pdfpage - WARNING - CropBox missing from /Page, defaulting to MediaBox
2025-06-08 13:52:29,722 - pdfminer.pdfpage - WARNING - CropBox missing from /Page, defaulting to MediaBox
2025-06-08 13:52:29,722 - pdfminer.pdfpage - WARNING - CropBox missing from /Page, defaulting to MediaBox
2025-06-08 13:52:29,722 - pdfminer.pdfpage - WARNING - CropBox missing from /Page, defaulting to MediaBox
2025-06-08 13:52:29,723 - pdfminer.pdfpage - WARNING - CropBox missing from /Page, defaulting to MediaBox
2025-06-08 13:52:29,723 - pdfminer.pdfpage - WARNING - CropBox missing from /Page, defaulting to MediaBox
2025-06-08 13:52:29,723 - pdfminer.pdfpage - WARNING - CropBox missing from /Page, defaulting to MediaBox
2025-06-08 13:52:29,723 - pdfminer.pdfpage - WARNING - CropBox missing from /Page, defaulting to MediaBox
2025-06-08 13:52:29,723 - pdfminer.pdfpage - WARNING - CropBox missing from /Page, defaulting to MediaBox
2025-06-08 13:52:29,723 - pdfminer.pdfpage - WARNING - CropBox missing from /Page, defaulting to MediaBox
2025-06-08 13:52:29,724 - pdfminer.pdfpage - WARNING - CropBox missing from /Page, defaulting to MediaBox
2025-06-08 13:52:29,724 - pdfminer.pdfpage - WARNING - CropBox missing from /Page, defaulting to MediaBox
2025-06-08 13:52:29,724 - pdfminer.pdfpage - WARNING - CropBox missing from /Page, defaulting to MediaBox
2025-06-08 13:52:29,724 - pdfminer.pdfpage - WARNING - CropBox missing from /Page, defaulting to MediaBox
2025-06-08 13:52:29,724 - pdfminer.pdfpage - WARNING - CropBox missing from /Page, defaulting to MediaBox
2025-06-08 13:52:29,725 - pdfminer.pdfpage - WARNING - CropBox missing from /Page, defaulting to MediaBox
2025-06-08 13:52:29,725 - pdfminer.pdfpage - WARNING - CropBox missing from /Page, defaulting to MediaBox
2025-06-08 13:52:29,725 - pdfminer.pdfpage - WARNING - CropBox missing from /Page, defaulting to MediaBox
2025-06-08 13:52:29,725 - pdfminer.pdfpage - WARNING - CropBox missing from /Page, defaulting to MediaBox
2025-06-08 13:52:29,725 - pdfminer.pdfpage - WARNING - CropBox missing from /Page, defaulting to MediaBox
2025-06-08 13:52:29,726 - pdfminer.pdfpage - WARNING - CropBox missing from /Page, defaulting to MediaBox
2025-06-08 13:52:29,726 - pdfminer.pdfpage - WARNING - CropBox missing from /Page, defaulting to MediaBox
2025-06-08 13:52:29,726 - pdfminer.pdfpage - WARNING - CropBox missing from /Page, defaulting to MediaBox
2025-06-08 13:52:29,726 - pdfminer.pdfpage - WARNING - CropBox missing from /Page, defaulting to MediaBox
2025-06-08 13:52:29,726 - pdfminer.pdfpage - WARNING - CropBox missing from /Page, defaulting to MediaBox
2025-06-08 13:52:29,726 - pdfminer.pdfpage - WARNING - CropBox missing from /Page, defaulting to MediaBox
2025-06-08 13:52:29,726 - pdfminer.pdfpage - WARNING - CropBox missing from /Page, defaulting to MediaBox
2025-06-08 13:52:29,727 - pdfminer.pdfpage - WARNING - CropBox missing from /Page, defaulting to MediaBox
2025-06-08 13:52:29,727 - pdf_extractor - INFO - Extração concluída. 10259 notas fiscais encontradas.
2025-06-08 13:52:29,760 - data_processor - INFO - Iniciando processamento dos dados...
2025-06-08 13:52:29,762 - data_processor - INFO - Limpando nomes de tomador...
2025-06-08 13:52:29,765 - data_processor - INFO - Encontrados 90 registros com '50 BATALHÃO' no nome do tomador
2025-06-08 13:52:29,769 - data_processor - INFO - Corrigindo alíquota para 90 linhas com BATALHÃO DE INFANTARIA
2025-06-08 13:52:29,808 - data_processor - INFO - Após limpeza: 0 registros com '50 BATALHÃO' no nome do tomador
2025-06-08 13:52:29,816 - data_processor - INFO - Competências únicas encontradas: ['01/2022' '02/2022' '03/2022' '04/2022' '05/2022' '06/2022' '07/2022'
 '08/2022' '09/2022' '10/2022' '11/2022' '12/2022' '01/2023' '02/2023'
 '03/2023' '04/2023' '05/2023' '06/2023' '07/2023' '08/2023' '09/2023'
 '10/2023' '11/2023' '12/2023' '01/2024' '02/2024' '03/2024' '04/2024'
 '05/2024' '06/2024' '07/2024' '08/2024' '09/2024' '10/2024' '11/2024'
 '12/2024' '01/2025' '02/2025' '03/2025' '04/2025']
2025-06-08 13:52:29,817 - data_processor - INFO - Competência '01/2022' reconhecida com padrão '\b(\d{2})/(\d{4})\b': mês=1, ano=2022
2025-06-08 13:52:29,818 - data_processor - INFO - Atribuídos valores Mês=1, Ano=2022 para 388 linhas com competência '01/2022'
2025-06-08 13:52:29,819 - data_processor - INFO - Competência '02/2022' reconhecida com padrão '\b(\d{2})/(\d{4})\b': mês=2, ano=2022
2025-06-08 13:52:29,820 - data_processor - INFO - Atribuídos valores Mês=2, Ano=2022 para 256 linhas com competência '02/2022'
2025-06-08 13:52:29,820 - data_processor - INFO - Competência '03/2022' reconhecida com padrão '\b(\d{2})/(\d{4})\b': mês=3, ano=2022
2025-06-08 13:52:29,821 - data_processor - INFO - Atribuídos valores Mês=3, Ano=2022 para 207 linhas com competência '03/2022'
2025-06-08 13:52:29,821 - data_processor - INFO - Competência '04/2022' reconhecida com padrão '\b(\d{2})/(\d{4})\b': mês=4, ano=2022
2025-06-08 13:52:29,823 - data_processor - INFO - Atribuídos valores Mês=4, Ano=2022 para 155 linhas com competência '04/2022'
2025-06-08 13:52:29,823 - data_processor - INFO - Competência '05/2022' reconhecida com padrão '\b(\d{2})/(\d{4})\b': mês=5, ano=2022
2025-06-08 13:52:29,824 - data_processor - INFO - Atribuídos valores Mês=5, Ano=2022 para 204 linhas com competência '05/2022'
2025-06-08 13:52:29,825 - data_processor - INFO - Competência '06/2022' reconhecida com padrão '\b(\d{2})/(\d{4})\b': mês=6, ano=2022
2025-06-08 13:52:29,826 - data_processor - INFO - Atribuídos valores Mês=6, Ano=2022 para 228 linhas com competência '06/2022'
2025-06-08 13:52:29,826 - data_processor - INFO - Competência '07/2022' reconhecida com padrão '\b(\d{2})/(\d{4})\b': mês=7, ano=2022
2025-06-08 13:52:29,827 - data_processor - INFO - Atribuídos valores Mês=7, Ano=2022 para 261 linhas com competência '07/2022'
2025-06-08 13:52:29,828 - data_processor - INFO - Competência '08/2022' reconhecida com padrão '\b(\d{2})/(\d{4})\b': mês=8, ano=2022
2025-06-08 13:52:29,829 - data_processor - INFO - Atribuídos valores Mês=8, Ano=2022 para 301 linhas com competência '08/2022'
2025-06-08 13:52:29,829 - data_processor - INFO - Competência '09/2022' reconhecida com padrão '\b(\d{2})/(\d{4})\b': mês=9, ano=2022
2025-06-08 13:52:29,831 - data_processor - INFO - Atribuídos valores Mês=9, Ano=2022 para 286 linhas com competência '09/2022'
2025-06-08 13:52:29,831 - data_processor - INFO - Competência '10/2022' reconhecida com padrão '\b(\d{2})/(\d{4})\b': mês=10, ano=2022
2025-06-08 13:52:29,832 - data_processor - INFO - Atribuídos valores Mês=10, Ano=2022 para 222 linhas com competência '10/2022'
2025-06-08 13:52:29,832 - data_processor - INFO - Competência '11/2022' reconhecida com padrão '\b(\d{2})/(\d{4})\b': mês=11, ano=2022
2025-06-08 13:52:29,834 - data_processor - INFO - Atribuídos valores Mês=11, Ano=2022 para 110 linhas com competência '11/2022'
2025-06-08 13:52:29,834 - data_processor - INFO - Competência '12/2022' reconhecida com padrão '\b(\d{2})/(\d{4})\b': mês=12, ano=2022
2025-06-08 13:52:29,835 - data_processor - INFO - Atribuídos valores Mês=12, Ano=2022 para 318 linhas com competência '12/2022'
2025-06-08 13:52:29,835 - data_processor - INFO - Competência '01/2023' reconhecida com padrão '\b(\d{2})/(\d{4})\b': mês=1, ano=2023
2025-06-08 13:52:29,837 - data_processor - INFO - Atribuídos valores Mês=1, Ano=2023 para 237 linhas com competência '01/2023'
2025-06-08 13:52:29,837 - data_processor - INFO - Competência '02/2023' reconhecida com padrão '\b(\d{2})/(\d{4})\b': mês=2, ano=2023
2025-06-08 13:52:29,838 - data_processor - INFO - Atribuídos valores Mês=2, Ano=2023 para 228 linhas com competência '02/2023'
2025-06-08 13:52:29,838 - data_processor - INFO - Competência '03/2023' reconhecida com padrão '\b(\d{2})/(\d{4})\b': mês=3, ano=2023
2025-06-08 13:52:29,840 - data_processor - INFO - Atribuídos valores Mês=3, Ano=2023 para 276 linhas com competência '03/2023'
2025-06-08 13:52:29,840 - data_processor - INFO - Competência '04/2023' reconhecida com padrão '\b(\d{2})/(\d{4})\b': mês=4, ano=2023
2025-06-08 13:52:29,841 - data_processor - INFO - Atribuídos valores Mês=4, Ano=2023 para 264 linhas com competência '04/2023'
2025-06-08 13:52:29,842 - data_processor - INFO - Competência '05/2023' reconhecida com padrão '\b(\d{2})/(\d{4})\b': mês=5, ano=2023
2025-06-08 13:52:29,843 - data_processor - INFO - Atribuídos valores Mês=5, Ano=2023 para 247 linhas com competência '05/2023'
2025-06-08 13:52:29,843 - data_processor - INFO - Competência '06/2023' reconhecida com padrão '\b(\d{2})/(\d{4})\b': mês=6, ano=2023
2025-06-08 13:52:29,845 - data_processor - INFO - Atribuídos valores Mês=6, Ano=2023 para 246 linhas com competência '06/2023'
2025-06-08 13:52:29,845 - data_processor - INFO - Competência '07/2023' reconhecida com padrão '\b(\d{2})/(\d{4})\b': mês=7, ano=2023
2025-06-08 13:52:29,847 - data_processor - INFO - Atribuídos valores Mês=7, Ano=2023 para 234 linhas com competência '07/2023'
2025-06-08 13:52:29,847 - data_processor - INFO - Competência '08/2023' reconhecida com padrão '\b(\d{2})/(\d{4})\b': mês=8, ano=2023
2025-06-08 13:52:29,848 - data_processor - INFO - Atribuídos valores Mês=8, Ano=2023 para 224 linhas com competência '08/2023'
2025-06-08 13:52:29,849 - data_processor - INFO - Competência '09/2023' reconhecida com padrão '\b(\d{2})/(\d{4})\b': mês=9, ano=2023
2025-06-08 13:52:29,850 - data_processor - INFO - Atribuídos valores Mês=9, Ano=2023 para 256 linhas com competência '09/2023'
2025-06-08 13:52:29,850 - data_processor - INFO - Competência '10/2023' reconhecida com padrão '\b(\d{2})/(\d{4})\b': mês=10, ano=2023
2025-06-08 13:52:29,851 - data_processor - INFO - Atribuídos valores Mês=10, Ano=2023 para 317 linhas com competência '10/2023'
2025-06-08 13:52:29,851 - data_processor - INFO - Competência '11/2023' reconhecida com padrão '\b(\d{2})/(\d{4})\b': mês=11, ano=2023
2025-06-08 13:52:29,853 - data_processor - INFO - Atribuídos valores Mês=11, Ano=2023 para 306 linhas com competência '11/2023'
2025-06-08 13:52:29,853 - data_processor - INFO - Competência '12/2023' reconhecida com padrão '\b(\d{2})/(\d{4})\b': mês=12, ano=2023
2025-06-08 13:52:29,855 - data_processor - INFO - Atribuídos valores Mês=12, Ano=2023 para 315 linhas com competência '12/2023'
2025-06-08 13:52:29,855 - data_processor - INFO - Competência '01/2024' reconhecida com padrão '\b(\d{2})/(\d{4})\b': mês=1, ano=2024
2025-06-08 13:52:29,856 - data_processor - INFO - Atribuídos valores Mês=1, Ano=2024 para 302 linhas com competência '01/2024'
2025-06-08 13:52:29,857 - data_processor - INFO - Competência '02/2024' reconhecida com padrão '\b(\d{2})/(\d{4})\b': mês=2, ano=2024
2025-06-08 13:52:29,858 - data_processor - INFO - Atribuídos valores Mês=2, Ano=2024 para 297 linhas com competência '02/2024'
2025-06-08 13:52:29,858 - data_processor - INFO - Competência '03/2024' reconhecida com padrão '\b(\d{2})/(\d{4})\b': mês=3, ano=2024
2025-06-08 13:52:29,859 - data_processor - INFO - Atribuídos valores Mês=3, Ano=2024 para 348 linhas com competência '03/2024'
2025-06-08 13:52:29,860 - data_processor - INFO - Competência '04/2024' reconhecida com padrão '\b(\d{2})/(\d{4})\b': mês=4, ano=2024
2025-06-08 13:52:29,861 - data_processor - INFO - Atribuídos valores Mês=4, Ano=2024 para 289 linhas com competência '04/2024'
2025-06-08 13:52:29,861 - data_processor - INFO - Competência '05/2024' reconhecida com padrão '\b(\d{2})/(\d{4})\b': mês=5, ano=2024
2025-06-08 13:52:29,863 - data_processor - INFO - Atribuídos valores Mês=5, Ano=2024 para 341 linhas com competência '05/2024'
2025-06-08 13:52:29,863 - data_processor - INFO - Competência '06/2024' reconhecida com padrão '\b(\d{2})/(\d{4})\b': mês=6, ano=2024
2025-06-08 13:52:29,864 - data_processor - INFO - Atribuídos valores Mês=6, Ano=2024 para 272 linhas com competência '06/2024'
2025-06-08 13:52:29,865 - data_processor - INFO - Competência '07/2024' reconhecida com padrão '\b(\d{2})/(\d{4})\b': mês=7, ano=2024
2025-06-08 13:52:29,866 - data_processor - INFO - Atribuídos valores Mês=7, Ano=2024 para 345 linhas com competência '07/2024'
2025-06-08 13:52:29,866 - data_processor - INFO - Competência '08/2024' reconhecida com padrão '\b(\d{2})/(\d{4})\b': mês=8, ano=2024
2025-06-08 13:52:29,867 - data_processor - INFO - Atribuídos valores Mês=8, Ano=2024 para 341 linhas com competência '08/2024'
2025-06-08 13:52:29,867 - data_processor - INFO - Competência '09/2024' reconhecida com padrão '\b(\d{2})/(\d{4})\b': mês=9, ano=2024
2025-06-08 13:52:29,869 - data_processor - INFO - Atribuídos valores Mês=9, Ano=2024 para 303 linhas com competência '09/2024'
2025-06-08 13:52:29,869 - data_processor - INFO - Competência '10/2024' reconhecida com padrão '\b(\d{2})/(\d{4})\b': mês=10, ano=2024
2025-06-08 13:52:29,870 - data_processor - INFO - Atribuídos valores Mês=10, Ano=2024 para 353 linhas com competência '10/2024'
2025-06-08 13:52:29,870 - data_processor - INFO - Competência '11/2024' reconhecida com padrão '\b(\d{2})/(\d{4})\b': mês=11, ano=2024
2025-06-08 13:52:29,872 - data_processor - INFO - Atribuídos valores Mês=11, Ano=2024 para 330 linhas com competência '11/2024'
2025-06-08 13:52:29,872 - data_processor - INFO - Competência '12/2024' reconhecida com padrão '\b(\d{2})/(\d{4})\b': mês=12, ano=2024
2025-06-08 13:52:29,874 - data_processor - INFO - Atribuídos valores Mês=12, Ano=2024 para 366 linhas com competência '12/2024'
2025-06-08 13:52:29,874 - data_processor - INFO - Competência '01/2025' reconhecida com padrão '\b(\d{2})/(\d{4})\b': mês=1, ano=2025
2025-06-08 13:52:29,875 - data_processor - INFO - Atribuídos valores Mês=1, Ano=2025 para 143 linhas com competência '01/2025'
2025-06-08 13:52:29,876 - data_processor - INFO - Competência '02/2025' reconhecida com padrão '\b(\d{2})/(\d{4})\b': mês=2, ano=2025
2025-06-08 13:52:29,877 - data_processor - INFO - Atribuídos valores Mês=2, Ano=2025 para 86 linhas com competência '02/2025'
2025-06-08 13:52:29,877 - data_processor - INFO - Competência '03/2025' reconhecida com padrão '\b(\d{2})/(\d{4})\b': mês=3, ano=2025
2025-06-08 13:52:29,879 - data_processor - INFO - Atribuídos valores Mês=3, Ano=2025 para 43 linhas com competência '03/2025'
2025-06-08 13:52:29,879 - data_processor - INFO - Competência '04/2025' reconhecida com padrão '\b(\d{2})/(\d{4})\b': mês=4, ano=2025
2025-06-08 13:52:29,881 - data_processor - INFO - Atribuídos valores Mês=4, Ano=2025 para 14 linhas com competência '04/2025'
2025-06-08 13:52:29,882 - data_processor - INFO - Valores únicos de mês extraídos: [1.0 2.0 3.0 4.0 5.0 6.0 7.0 8.0 9.0 10.0 11.0 12.0]
2025-06-08 13:52:29,883 - data_processor - INFO - Valores únicos de ano extraídos: [2022.0 2023.0 2024.0 2025.0]
2025-06-08 13:52:29,883 - data_processor - INFO - Total de linhas com mês/ano atribuídos: 10259 de 10259
2025-06-08 13:52:29,897 - data_processor - INFO - Processamento de dados concluído.
2025-06-08 13:52:29,899 - excel_exporter - INFO - Iniciando exportação para Excel: C:/Users/Murilo/Desktop/PROJETOS/EasyPDF/output\2022_032025_20250608_135229.xlsx
2025-06-08 13:52:30,718 - excel_exporter - INFO - Criando dashboard de resumo: Resumo_NFSe
2025-06-08 13:52:34,130 - excel_exporter - INFO - Exportação para Excel concluída: C:/Users/Murilo/Desktop/PROJETOS/EasyPDF/output\2022_032025_20250608_135229.xlsx
2025-06-08 13:52:34,131 - main - INFO - Arquivo Excel gerado com sucesso: C:/Users/Murilo/Desktop/PROJETOS/EasyPDF/output\2022_032025_20250608_135229.xlsx
2025-06-08 14:03:44,778 - main - INFO - Processando arquivo PDF: C:/Users/Murilo/Desktop/EasyPDFexe/input\2022_032025.pdf
2025-06-08 14:03:44,778 - pdf_extractor - INFO - Iniciando extração de dados do arquivo: C:/Users/Murilo/Desktop/EasyPDFexe/input\2022_032025.pdf
2025-06-08 14:03:44,820 - pdfminer.pdfpage - WARNING - CropBox missing from /Page, defaulting to MediaBox
2025-06-08 14:03:44,821 - pdfminer.pdfpage - WARNING - CropBox missing from /Page, defaulting to MediaBox
2025-06-08 14:03:44,821 - pdfminer.pdfpage - WARNING - CropBox missing from /Page, defaulting to MediaBox
2025-06-08 14:03:44,822 - pdfminer.pdfpage - WARNING - CropBox missing from /Page, defaulting to MediaBox
2025-06-08 14:03:44,822 - pdfminer.pdfpage - WARNING - CropBox missing from /Page, defaulting to MediaBox
2025-06-08 14:03:44,822 - pdfminer.pdfpage - WARNING - CropBox missing from /Page, defaulting to MediaBox
2025-06-08 14:03:44,822 - pdfminer.pdfpage - WARNING - CropBox missing from /Page, defaulting to MediaBox
2025-06-08 14:03:44,822 - pdfminer.pdfpage - WARNING - CropBox missing from /Page, defaulting to MediaBox
2025-06-08 14:03:44,823 - pdfminer.pdfpage - WARNING - CropBox missing from /Page, defaulting to MediaBox
2025-06-08 14:03:44,823 - pdfminer.pdfpage - WARNING - CropBox missing from /Page, defaulting to MediaBox
2025-06-08 14:03:44,823 - pdfminer.pdfpage - WARNING - CropBox missing from /Page, defaulting to MediaBox
2025-06-08 14:03:44,823 - pdfminer.pdfpage - WARNING - CropBox missing from /Page, defaulting to MediaBox
2025-06-08 14:03:44,823 - pdfminer.pdfpage - WARNING - CropBox missing from /Page, defaulting to MediaBox
2025-06-08 14:03:44,823 - pdfminer.pdfpage - WARNING - CropBox missing from /Page, defaulting to MediaBox
2025-06-08 14:03:44,824 - pdfminer.pdfpage - WARNING - CropBox missing from /Page, defaulting to MediaBox
2025-06-08 14:03:44,824 - pdfminer.pdfpage - WARNING - CropBox missing from /Page, defaulting to MediaBox
2025-06-08 14:03:44,824 - pdfminer.pdfpage - WARNING - CropBox missing from /Page, defaulting to MediaBox
2025-06-08 14:03:44,824 - pdfminer.pdfpage - WARNING - CropBox missing from /Page, defaulting to MediaBox
2025-06-08 14:03:44,824 - pdfminer.pdfpage - WARNING - CropBox missing from /Page, defaulting to MediaBox
2025-06-08 14:03:44,824 - pdfminer.pdfpage - WARNING - CropBox missing from /Page, defaulting to MediaBox
2025-06-08 14:03:44,825 - pdfminer.pdfpage - WARNING - CropBox missing from /Page, defaulting to MediaBox
2025-06-08 14:03:44,825 - pdfminer.pdfpage - WARNING - CropBox missing from /Page, defaulting to MediaBox
2025-06-08 14:03:44,825 - pdfminer.pdfpage - WARNING - CropBox missing from /Page, defaulting to MediaBox
2025-06-08 14:03:44,825 - pdfminer.pdfpage - WARNING - CropBox missing from /Page, defaulting to MediaBox
2025-06-08 14:03:44,825 - pdfminer.pdfpage - WARNING - CropBox missing from /Page, defaulting to MediaBox
2025-06-08 14:03:44,825 - pdfminer.pdfpage - WARNING - CropBox missing from /Page, defaulting to MediaBox
2025-06-08 14:03:44,826 - pdfminer.pdfpage - WARNING - CropBox missing from /Page, defaulting to MediaBox
2025-06-08 14:03:44,826 - pdfminer.pdfpage - WARNING - CropBox missing from /Page, defaulting to MediaBox
2025-06-08 14:03:44,826 - pdfminer.pdfpage - WARNING - CropBox missing from /Page, defaulting to MediaBox
2025-06-08 14:03:44,826 - pdfminer.pdfpage - WARNING - CropBox missing from /Page, defaulting to MediaBox
2025-06-08 14:03:44,827 - pdfminer.pdfpage - WARNING - CropBox missing from /Page, defaulting to MediaBox
2025-06-08 14:03:44,827 - pdfminer.pdfpage - WARNING - CropBox missing from /Page, defaulting to MediaBox
2025-06-08 14:03:44,827 - pdfminer.pdfpage - WARNING - CropBox missing from /Page, defaulting to MediaBox
2025-06-08 14:03:44,827 - pdfminer.pdfpage - WARNING - CropBox missing from /Page, defaulting to MediaBox
2025-06-08 14:03:44,827 - pdfminer.pdfpage - WARNING - CropBox missing from /Page, defaulting to MediaBox
2025-06-08 14:03:44,828 - pdfminer.pdfpage - WARNING - CropBox missing from /Page, defaulting to MediaBox
2025-06-08 14:03:44,828 - pdfminer.pdfpage - WARNING - CropBox missing from /Page, defaulting to MediaBox
2025-06-08 14:03:44,828 - pdfminer.pdfpage - WARNING - CropBox missing from /Page, defaulting to MediaBox
2025-06-08 14:03:44,828 - pdfminer.pdfpage - WARNING - CropBox missing from /Page, defaulting to MediaBox
2025-06-08 14:03:44,829 - pdfminer.pdfpage - WARNING - CropBox missing from /Page, defaulting to MediaBox
2025-06-08 14:03:44,829 - pdfminer.pdfpage - WARNING - CropBox missing from /Page, defaulting to MediaBox
2025-06-08 14:03:44,829 - pdfminer.pdfpage - WARNING - CropBox missing from /Page, defaulting to MediaBox
2025-06-08 14:03:44,829 - pdfminer.pdfpage - WARNING - CropBox missing from /Page, defaulting to MediaBox
2025-06-08 14:03:44,829 - pdfminer.pdfpage - WARNING - CropBox missing from /Page, defaulting to MediaBox
2025-06-08 14:03:44,829 - pdfminer.pdfpage - WARNING - CropBox missing from /Page, defaulting to MediaBox
2025-06-08 14:03:44,830 - pdfminer.pdfpage - WARNING - CropBox missing from /Page, defaulting to MediaBox
2025-06-08 14:03:44,830 - pdfminer.pdfpage - WARNING - CropBox missing from /Page, defaulting to MediaBox
2025-06-08 14:03:44,830 - pdfminer.pdfpage - WARNING - CropBox missing from /Page, defaulting to MediaBox
2025-06-08 14:03:44,830 - pdfminer.pdfpage - WARNING - CropBox missing from /Page, defaulting to MediaBox
2025-06-08 14:03:44,830 - pdfminer.pdfpage - WARNING - CropBox missing from /Page, defaulting to MediaBox
2025-06-08 14:03:44,830 - pdfminer.pdfpage - WARNING - CropBox missing from /Page, defaulting to MediaBox
2025-06-08 14:03:44,831 - pdfminer.pdfpage - WARNING - CropBox missing from /Page, defaulting to MediaBox
2025-06-08 14:03:44,831 - pdfminer.pdfpage - WARNING - CropBox missing from /Page, defaulting to MediaBox
2025-06-08 14:03:44,831 - pdfminer.pdfpage - WARNING - CropBox missing from /Page, defaulting to MediaBox
2025-06-08 14:03:44,831 - pdfminer.pdfpage - WARNING - CropBox missing from /Page, defaulting to MediaBox
2025-06-08 14:03:44,831 - pdfminer.pdfpage - WARNING - CropBox missing from /Page, defaulting to MediaBox
2025-06-08 14:03:44,832 - pdfminer.pdfpage - WARNING - CropBox missing from /Page, defaulting to MediaBox
2025-06-08 14:03:44,832 - pdfminer.pdfpage - WARNING - CropBox missing from /Page, defaulting to MediaBox
2025-06-08 14:03:44,832 - pdfminer.pdfpage - WARNING - CropBox missing from /Page, defaulting to MediaBox
2025-06-08 14:03:44,832 - pdfminer.pdfpage - WARNING - CropBox missing from /Page, defaulting to MediaBox
2025-06-08 14:03:44,832 - pdfminer.pdfpage - WARNING - CropBox missing from /Page, defaulting to MediaBox
2025-06-08 14:03:44,833 - pdfminer.pdfpage - WARNING - CropBox missing from /Page, defaulting to MediaBox
2025-06-08 14:03:44,833 - pdfminer.pdfpage - WARNING - CropBox missing from /Page, defaulting to MediaBox
2025-06-08 14:03:44,833 - pdfminer.pdfpage - WARNING - CropBox missing from /Page, defaulting to MediaBox
2025-06-08 14:03:44,833 - pdfminer.pdfpage - WARNING - CropBox missing from /Page, defaulting to MediaBox
2025-06-08 14:03:44,833 - pdfminer.pdfpage - WARNING - CropBox missing from /Page, defaulting to MediaBox
2025-06-08 14:03:44,833 - pdfminer.pdfpage - WARNING - CropBox missing from /Page, defaulting to MediaBox
2025-06-08 14:03:44,834 - pdfminer.pdfpage - WARNING - CropBox missing from /Page, defaulting to MediaBox
2025-06-08 14:03:44,834 - pdfminer.pdfpage - WARNING - CropBox missing from /Page, defaulting to MediaBox
2025-06-08 14:03:44,834 - pdfminer.pdfpage - WARNING - CropBox missing from /Page, defaulting to MediaBox
2025-06-08 14:03:44,834 - pdfminer.pdfpage - WARNING - CropBox missing from /Page, defaulting to MediaBox
2025-06-08 14:03:44,834 - pdfminer.pdfpage - WARNING - CropBox missing from /Page, defaulting to MediaBox
2025-06-08 14:03:44,834 - pdfminer.pdfpage - WARNING - CropBox missing from /Page, defaulting to MediaBox
2025-06-08 14:03:44,835 - pdfminer.pdfpage - WARNING - CropBox missing from /Page, defaulting to MediaBox
2025-06-08 14:03:44,835 - pdfminer.pdfpage - WARNING - CropBox missing from /Page, defaulting to MediaBox
2025-06-08 14:03:44,835 - pdfminer.pdfpage - WARNING - CropBox missing from /Page, defaulting to MediaBox
2025-06-08 14:03:44,835 - pdfminer.pdfpage - WARNING - CropBox missing from /Page, defaulting to MediaBox
2025-06-08 14:03:44,835 - pdfminer.pdfpage - WARNING - CropBox missing from /Page, defaulting to MediaBox
2025-06-08 14:03:44,836 - pdfminer.pdfpage - WARNING - CropBox missing from /Page, defaulting to MediaBox
2025-06-08 14:03:44,836 - pdfminer.pdfpage - WARNING - CropBox missing from /Page, defaulting to MediaBox
2025-06-08 14:03:44,836 - pdfminer.pdfpage - WARNING - CropBox missing from /Page, defaulting to MediaBox
2025-06-08 14:03:44,836 - pdfminer.pdfpage - WARNING - CropBox missing from /Page, defaulting to MediaBox
2025-06-08 14:03:44,836 - pdfminer.pdfpage - WARNING - CropBox missing from /Page, defaulting to MediaBox
2025-06-08 14:03:44,836 - pdfminer.pdfpage - WARNING - CropBox missing from /Page, defaulting to MediaBox
2025-06-08 14:03:44,837 - pdfminer.pdfpage - WARNING - CropBox missing from /Page, defaulting to MediaBox
2025-06-08 14:03:44,837 - pdfminer.pdfpage - WARNING - CropBox missing from /Page, defaulting to MediaBox
2025-06-08 14:03:44,837 - pdfminer.pdfpage - WARNING - CropBox missing from /Page, defaulting to MediaBox
2025-06-08 14:03:44,837 - pdfminer.pdfpage - WARNING - CropBox missing from /Page, defaulting to MediaBox
2025-06-08 14:03:44,837 - pdfminer.pdfpage - WARNING - CropBox missing from /Page, defaulting to MediaBox
2025-06-08 14:03:44,837 - pdfminer.pdfpage - WARNING - CropBox missing from /Page, defaulting to MediaBox
2025-06-08 14:03:44,838 - pdfminer.pdfpage - WARNING - CropBox missing from /Page, defaulting to MediaBox
2025-06-08 14:03:44,838 - pdfminer.pdfpage - WARNING - CropBox missing from /Page, defaulting to MediaBox
2025-06-08 14:03:44,838 - pdfminer.pdfpage - WARNING - CropBox missing from /Page, defaulting to MediaBox
2025-06-08 14:03:44,838 - pdfminer.pdfpage - WARNING - CropBox missing from /Page, defaulting to MediaBox
2025-06-08 14:03:44,838 - pdfminer.pdfpage - WARNING - CropBox missing from /Page, defaulting to MediaBox
2025-06-08 14:03:44,839 - pdfminer.pdfpage - WARNING - CropBox missing from /Page, defaulting to MediaBox
2025-06-08 14:03:44,840 - pdfminer.pdfpage - WARNING - CropBox missing from /Page, defaulting to MediaBox
2025-06-08 14:03:44,840 - pdfminer.pdfpage - WARNING - CropBox missing from /Page, defaulting to MediaBox
2025-06-08 14:03:44,840 - pdfminer.pdfpage - WARNING - CropBox missing from /Page, defaulting to MediaBox
2025-06-08 14:03:44,841 - pdfminer.pdfpage - WARNING - CropBox missing from /Page, defaulting to MediaBox
2025-06-08 14:03:44,841 - pdfminer.pdfpage - WARNING - CropBox missing from /Page, defaulting to MediaBox
2025-06-08 14:03:44,841 - pdfminer.pdfpage - WARNING - CropBox missing from /Page, defaulting to MediaBox
2025-06-08 14:03:44,841 - pdfminer.pdfpage - WARNING - CropBox missing from /Page, defaulting to MediaBox
2025-06-08 14:03:44,841 - pdfminer.pdfpage - WARNING - CropBox missing from /Page, defaulting to MediaBox
2025-06-08 14:03:44,842 - pdfminer.pdfpage - WARNING - CropBox missing from /Page, defaulting to MediaBox
2025-06-08 14:03:44,842 - pdfminer.pdfpage - WARNING - CropBox missing from /Page, defaulting to MediaBox
2025-06-08 14:03:44,842 - pdfminer.pdfpage - WARNING - CropBox missing from /Page, defaulting to MediaBox
2025-06-08 14:03:44,842 - pdfminer.pdfpage - WARNING - CropBox missing from /Page, defaulting to MediaBox
2025-06-08 14:03:44,842 - pdfminer.pdfpage - WARNING - CropBox missing from /Page, defaulting to MediaBox
2025-06-08 14:03:44,842 - pdfminer.pdfpage - WARNING - CropBox missing from /Page, defaulting to MediaBox
2025-06-08 14:03:44,843 - pdfminer.pdfpage - WARNING - CropBox missing from /Page, defaulting to MediaBox
2025-06-08 14:03:44,843 - pdfminer.pdfpage - WARNING - CropBox missing from /Page, defaulting to MediaBox
2025-06-08 14:03:44,843 - pdfminer.pdfpage - WARNING - CropBox missing from /Page, defaulting to MediaBox
2025-06-08 14:03:44,843 - pdfminer.pdfpage - WARNING - CropBox missing from /Page, defaulting to MediaBox
2025-06-08 14:03:44,843 - pdfminer.pdfpage - WARNING - CropBox missing from /Page, defaulting to MediaBox
2025-06-08 14:03:44,843 - pdfminer.pdfpage - WARNING - CropBox missing from /Page, defaulting to MediaBox
2025-06-08 14:03:44,844 - pdfminer.pdfpage - WARNING - CropBox missing from /Page, defaulting to MediaBox
2025-06-08 14:03:44,844 - pdfminer.pdfpage - WARNING - CropBox missing from /Page, defaulting to MediaBox
2025-06-08 14:03:44,844 - pdfminer.pdfpage - WARNING - CropBox missing from /Page, defaulting to MediaBox
2025-06-08 14:03:44,844 - pdfminer.pdfpage - WARNING - CropBox missing from /Page, defaulting to MediaBox
2025-06-08 14:03:44,844 - pdfminer.pdfpage - WARNING - CropBox missing from /Page, defaulting to MediaBox
2025-06-08 14:03:44,844 - pdfminer.pdfpage - WARNING - CropBox missing from /Page, defaulting to MediaBox
2025-06-08 14:03:44,845 - pdfminer.pdfpage - WARNING - CropBox missing from /Page, defaulting to MediaBox
2025-06-08 14:03:44,845 - pdfminer.pdfpage - WARNING - CropBox missing from /Page, defaulting to MediaBox
2025-06-08 14:03:44,845 - pdfminer.pdfpage - WARNING - CropBox missing from /Page, defaulting to MediaBox
2025-06-08 14:03:44,845 - pdfminer.pdfpage - WARNING - CropBox missing from /Page, defaulting to MediaBox
2025-06-08 14:03:44,845 - pdfminer.pdfpage - WARNING - CropBox missing from /Page, defaulting to MediaBox
2025-06-08 14:03:44,845 - pdfminer.pdfpage - WARNING - CropBox missing from /Page, defaulting to MediaBox
2025-06-08 14:03:44,846 - pdfminer.pdfpage - WARNING - CropBox missing from /Page, defaulting to MediaBox
2025-06-08 14:03:44,846 - pdfminer.pdfpage - WARNING - CropBox missing from /Page, defaulting to MediaBox
2025-06-08 14:03:44,846 - pdfminer.pdfpage - WARNING - CropBox missing from /Page, defaulting to MediaBox
2025-06-08 14:03:44,846 - pdfminer.pdfpage - WARNING - CropBox missing from /Page, defaulting to MediaBox
2025-06-08 14:03:44,846 - pdfminer.pdfpage - WARNING - CropBox missing from /Page, defaulting to MediaBox
2025-06-08 14:03:44,846 - pdfminer.pdfpage - WARNING - CropBox missing from /Page, defaulting to MediaBox
2025-06-08 14:03:44,847 - pdfminer.pdfpage - WARNING - CropBox missing from /Page, defaulting to MediaBox
2025-06-08 14:03:44,847 - pdfminer.pdfpage - WARNING - CropBox missing from /Page, defaulting to MediaBox
2025-06-08 14:03:44,847 - pdfminer.pdfpage - WARNING - CropBox missing from /Page, defaulting to MediaBox
2025-06-08 14:03:44,847 - pdfminer.pdfpage - WARNING - CropBox missing from /Page, defaulting to MediaBox
2025-06-08 14:03:44,847 - pdfminer.pdfpage - WARNING - CropBox missing from /Page, defaulting to MediaBox
2025-06-08 14:03:44,847 - pdfminer.pdfpage - WARNING - CropBox missing from /Page, defaulting to MediaBox
2025-06-08 14:03:44,848 - pdfminer.pdfpage - WARNING - CropBox missing from /Page, defaulting to MediaBox
2025-06-08 14:03:44,848 - pdfminer.pdfpage - WARNING - CropBox missing from /Page, defaulting to MediaBox
2025-06-08 14:03:44,848 - pdfminer.pdfpage - WARNING - CropBox missing from /Page, defaulting to MediaBox
2025-06-08 14:03:44,848 - pdfminer.pdfpage - WARNING - CropBox missing from /Page, defaulting to MediaBox
2025-06-08 14:03:44,848 - pdfminer.pdfpage - WARNING - CropBox missing from /Page, defaulting to MediaBox
2025-06-08 14:03:44,848 - pdfminer.pdfpage - WARNING - CropBox missing from /Page, defaulting to MediaBox
2025-06-08 14:03:44,849 - pdfminer.pdfpage - WARNING - CropBox missing from /Page, defaulting to MediaBox
2025-06-08 14:03:44,849 - pdfminer.pdfpage - WARNING - CropBox missing from /Page, defaulting to MediaBox
2025-06-08 14:03:44,849 - pdfminer.pdfpage - WARNING - CropBox missing from /Page, defaulting to MediaBox
2025-06-08 14:03:44,849 - pdfminer.pdfpage - WARNING - CropBox missing from /Page, defaulting to MediaBox
2025-06-08 14:03:44,849 - pdfminer.pdfpage - WARNING - CropBox missing from /Page, defaulting to MediaBox
2025-06-08 14:03:44,849 - pdfminer.pdfpage - WARNING - CropBox missing from /Page, defaulting to MediaBox
2025-06-08 14:03:44,850 - pdfminer.pdfpage - WARNING - CropBox missing from /Page, defaulting to MediaBox
2025-06-08 14:03:44,850 - pdfminer.pdfpage - WARNING - CropBox missing from /Page, defaulting to MediaBox
2025-06-08 14:03:44,850 - pdfminer.pdfpage - WARNING - CropBox missing from /Page, defaulting to MediaBox
2025-06-08 14:03:44,850 - pdfminer.pdfpage - WARNING - CropBox missing from /Page, defaulting to MediaBox
2025-06-08 14:03:44,850 - pdfminer.pdfpage - WARNING - CropBox missing from /Page, defaulting to MediaBox
2025-06-08 14:03:44,851 - pdfminer.pdfpage - WARNING - CropBox missing from /Page, defaulting to MediaBox
2025-06-08 14:03:44,851 - pdfminer.pdfpage - WARNING - CropBox missing from /Page, defaulting to MediaBox
2025-06-08 14:03:44,851 - pdfminer.pdfpage - WARNING - CropBox missing from /Page, defaulting to MediaBox
2025-06-08 14:03:44,851 - pdfminer.pdfpage - WARNING - CropBox missing from /Page, defaulting to MediaBox
2025-06-08 14:03:44,851 - pdfminer.pdfpage - WARNING - CropBox missing from /Page, defaulting to MediaBox
2025-06-08 14:03:44,851 - pdfminer.pdfpage - WARNING - CropBox missing from /Page, defaulting to MediaBox
2025-06-08 14:03:44,852 - pdfminer.pdfpage - WARNING - CropBox missing from /Page, defaulting to MediaBox
2025-06-08 14:03:44,852 - pdfminer.pdfpage - WARNING - CropBox missing from /Page, defaulting to MediaBox
2025-06-08 14:03:44,852 - pdfminer.pdfpage - WARNING - CropBox missing from /Page, defaulting to MediaBox
2025-06-08 14:03:44,852 - pdfminer.pdfpage - WARNING - CropBox missing from /Page, defaulting to MediaBox
2025-06-08 14:03:44,852 - pdfminer.pdfpage - WARNING - CropBox missing from /Page, defaulting to MediaBox
2025-06-08 14:03:44,852 - pdfminer.pdfpage - WARNING - CropBox missing from /Page, defaulting to MediaBox
2025-06-08 14:03:44,852 - pdfminer.pdfpage - WARNING - CropBox missing from /Page, defaulting to MediaBox
2025-06-08 14:03:44,853 - pdfminer.pdfpage - WARNING - CropBox missing from /Page, defaulting to MediaBox
2025-06-08 14:03:44,853 - pdfminer.pdfpage - WARNING - CropBox missing from /Page, defaulting to MediaBox
2025-06-08 14:03:44,853 - pdfminer.pdfpage - WARNING - CropBox missing from /Page, defaulting to MediaBox
2025-06-08 14:03:44,853 - pdfminer.pdfpage - WARNING - CropBox missing from /Page, defaulting to MediaBox
2025-06-08 14:03:44,853 - pdfminer.pdfpage - WARNING - CropBox missing from /Page, defaulting to MediaBox
2025-06-08 14:03:44,853 - pdfminer.pdfpage - WARNING - CropBox missing from /Page, defaulting to MediaBox
2025-06-08 14:03:44,854 - pdfminer.pdfpage - WARNING - CropBox missing from /Page, defaulting to MediaBox
2025-06-08 14:03:44,854 - pdfminer.pdfpage - WARNING - CropBox missing from /Page, defaulting to MediaBox
2025-06-08 14:03:44,854 - pdfminer.pdfpage - WARNING - CropBox missing from /Page, defaulting to MediaBox
2025-06-08 14:03:44,854 - pdfminer.pdfpage - WARNING - CropBox missing from /Page, defaulting to MediaBox
2025-06-08 14:03:44,854 - pdfminer.pdfpage - WARNING - CropBox missing from /Page, defaulting to MediaBox
2025-06-08 14:03:44,854 - pdfminer.pdfpage - WARNING - CropBox missing from /Page, defaulting to MediaBox
2025-06-08 14:03:44,855 - pdfminer.pdfpage - WARNING - CropBox missing from /Page, defaulting to MediaBox
2025-06-08 14:03:44,855 - pdfminer.pdfpage - WARNING - CropBox missing from /Page, defaulting to MediaBox
2025-06-08 14:03:44,855 - pdfminer.pdfpage - WARNING - CropBox missing from /Page, defaulting to MediaBox
2025-06-08 14:03:44,855 - pdfminer.pdfpage - WARNING - CropBox missing from /Page, defaulting to MediaBox
2025-06-08 14:03:44,855 - pdfminer.pdfpage - WARNING - CropBox missing from /Page, defaulting to MediaBox
2025-06-08 14:03:44,855 - pdfminer.pdfpage - WARNING - CropBox missing from /Page, defaulting to MediaBox
2025-06-08 14:03:44,856 - pdfminer.pdfpage - WARNING - CropBox missing from /Page, defaulting to MediaBox
2025-06-08 14:03:44,856 - pdfminer.pdfpage - WARNING - CropBox missing from /Page, defaulting to MediaBox
2025-06-08 14:03:44,856 - pdfminer.pdfpage - WARNING - CropBox missing from /Page, defaulting to MediaBox
2025-06-08 14:03:44,856 - pdfminer.pdfpage - WARNING - CropBox missing from /Page, defaulting to MediaBox
2025-06-08 14:03:44,856 - pdfminer.pdfpage - WARNING - CropBox missing from /Page, defaulting to MediaBox
2025-06-08 14:03:44,856 - pdfminer.pdfpage - WARNING - CropBox missing from /Page, defaulting to MediaBox
2025-06-08 14:03:44,857 - pdfminer.pdfpage - WARNING - CropBox missing from /Page, defaulting to MediaBox
2025-06-08 14:03:44,857 - pdfminer.pdfpage - WARNING - CropBox missing from /Page, defaulting to MediaBox
2025-06-08 14:03:44,857 - pdfminer.pdfpage - WARNING - CropBox missing from /Page, defaulting to MediaBox
2025-06-08 14:03:44,859 - pdfminer.pdfpage - WARNING - CropBox missing from /Page, defaulting to MediaBox
2025-06-08 14:03:44,859 - pdfminer.pdfpage - WARNING - CropBox missing from /Page, defaulting to MediaBox
2025-06-08 14:03:44,859 - pdfminer.pdfpage - WARNING - CropBox missing from /Page, defaulting to MediaBox
2025-06-08 14:03:44,860 - pdfminer.pdfpage - WARNING - CropBox missing from /Page, defaulting to MediaBox
2025-06-08 14:03:44,860 - pdfminer.pdfpage - WARNING - CropBox missing from /Page, defaulting to MediaBox
2025-06-08 14:03:44,860 - pdfminer.pdfpage - WARNING - CropBox missing from /Page, defaulting to MediaBox
2025-06-08 14:03:44,860 - pdfminer.pdfpage - WARNING - CropBox missing from /Page, defaulting to MediaBox
2025-06-08 14:03:44,885 - pdfminer.pdfpage - WARNING - CropBox missing from /Page, defaulting to MediaBox
2025-06-08 14:03:44,885 - pdfminer.pdfpage - WARNING - CropBox missing from /Page, defaulting to MediaBox
2025-06-08 14:03:44,885 - pdfminer.pdfpage - WARNING - CropBox missing from /Page, defaulting to MediaBox
2025-06-08 14:03:44,885 - pdfminer.pdfpage - WARNING - CropBox missing from /Page, defaulting to MediaBox
2025-06-08 14:03:44,885 - pdfminer.pdfpage - WARNING - CropBox missing from /Page, defaulting to MediaBox
2025-06-08 14:03:44,886 - pdfminer.pdfpage - WARNING - CropBox missing from /Page, defaulting to MediaBox
2025-06-08 14:03:44,886 - pdfminer.pdfpage - WARNING - CropBox missing from /Page, defaulting to MediaBox
2025-06-08 14:03:44,886 - pdfminer.pdfpage - WARNING - CropBox missing from /Page, defaulting to MediaBox
2025-06-08 14:03:44,886 - pdfminer.pdfpage - WARNING - CropBox missing from /Page, defaulting to MediaBox
2025-06-08 14:03:44,886 - pdfminer.pdfpage - WARNING - CropBox missing from /Page, defaulting to MediaBox
2025-06-08 14:03:44,886 - pdfminer.pdfpage - WARNING - CropBox missing from /Page, defaulting to MediaBox
2025-06-08 14:03:44,887 - pdfminer.pdfpage - WARNING - CropBox missing from /Page, defaulting to MediaBox
2025-06-08 14:03:44,887 - pdfminer.pdfpage - WARNING - CropBox missing from /Page, defaulting to MediaBox
2025-06-08 14:03:44,887 - pdfminer.pdfpage - WARNING - CropBox missing from /Page, defaulting to MediaBox
2025-06-08 14:03:44,887 - pdfminer.pdfpage - WARNING - CropBox missing from /Page, defaulting to MediaBox
2025-06-08 14:03:44,887 - pdfminer.pdfpage - WARNING - CropBox missing from /Page, defaulting to MediaBox
2025-06-08 14:03:44,887 - pdfminer.pdfpage - WARNING - CropBox missing from /Page, defaulting to MediaBox
2025-06-08 14:03:44,888 - pdfminer.pdfpage - WARNING - CropBox missing from /Page, defaulting to MediaBox
2025-06-08 14:03:44,888 - pdfminer.pdfpage - WARNING - CropBox missing from /Page, defaulting to MediaBox
2025-06-08 14:03:44,888 - pdfminer.pdfpage - WARNING - CropBox missing from /Page, defaulting to MediaBox
2025-06-08 14:03:44,888 - pdfminer.pdfpage - WARNING - CropBox missing from /Page, defaulting to MediaBox
2025-06-08 14:03:44,888 - pdfminer.pdfpage - WARNING - CropBox missing from /Page, defaulting to MediaBox
2025-06-08 14:03:44,889 - pdfminer.pdfpage - WARNING - CropBox missing from /Page, defaulting to MediaBox
2025-06-08 14:03:44,889 - pdfminer.pdfpage - WARNING - CropBox missing from /Page, defaulting to MediaBox
2025-06-08 14:03:44,889 - pdfminer.pdfpage - WARNING - CropBox missing from /Page, defaulting to MediaBox
2025-06-08 14:03:44,889 - pdfminer.pdfpage - WARNING - CropBox missing from /Page, defaulting to MediaBox
2025-06-08 14:03:44,889 - pdfminer.pdfpage - WARNING - CropBox missing from /Page, defaulting to MediaBox
2025-06-08 14:03:44,889 - pdfminer.pdfpage - WARNING - CropBox missing from /Page, defaulting to MediaBox
2025-06-08 14:03:44,890 - pdfminer.pdfpage - WARNING - CropBox missing from /Page, defaulting to MediaBox
2025-06-08 14:03:44,890 - pdfminer.pdfpage - WARNING - CropBox missing from /Page, defaulting to MediaBox
2025-06-08 14:03:44,890 - pdfminer.pdfpage - WARNING - CropBox missing from /Page, defaulting to MediaBox
2025-06-08 14:03:44,890 - pdfminer.pdfpage - WARNING - CropBox missing from /Page, defaulting to MediaBox
2025-06-08 14:03:44,890 - pdfminer.pdfpage - WARNING - CropBox missing from /Page, defaulting to MediaBox
2025-06-08 14:03:44,890 - pdfminer.pdfpage - WARNING - CropBox missing from /Page, defaulting to MediaBox
2025-06-08 14:03:44,891 - pdfminer.pdfpage - WARNING - CropBox missing from /Page, defaulting to MediaBox
2025-06-08 14:03:44,891 - pdfminer.pdfpage - WARNING - CropBox missing from /Page, defaulting to MediaBox
2025-06-08 14:03:44,891 - pdfminer.pdfpage - WARNING - CropBox missing from /Page, defaulting to MediaBox
2025-06-08 14:03:44,891 - pdfminer.pdfpage - WARNING - CropBox missing from /Page, defaulting to MediaBox
2025-06-08 14:03:44,891 - pdfminer.pdfpage - WARNING - CropBox missing from /Page, defaulting to MediaBox
2025-06-08 14:03:44,891 - pdfminer.pdfpage - WARNING - CropBox missing from /Page, defaulting to MediaBox
2025-06-08 14:03:44,892 - pdfminer.pdfpage - WARNING - CropBox missing from /Page, defaulting to MediaBox
2025-06-08 14:03:44,892 - pdfminer.pdfpage - WARNING - CropBox missing from /Page, defaulting to MediaBox
2025-06-08 14:03:44,892 - pdfminer.pdfpage - WARNING - CropBox missing from /Page, defaulting to MediaBox
2025-06-08 14:03:44,892 - pdfminer.pdfpage - WARNING - CropBox missing from /Page, defaulting to MediaBox
2025-06-08 14:03:44,892 - pdfminer.pdfpage - WARNING - CropBox missing from /Page, defaulting to MediaBox
2025-06-08 14:03:44,892 - pdfminer.pdfpage - WARNING - CropBox missing from /Page, defaulting to MediaBox
2025-06-08 14:03:44,893 - pdfminer.pdfpage - WARNING - CropBox missing from /Page, defaulting to MediaBox
2025-06-08 14:03:44,893 - pdfminer.pdfpage - WARNING - CropBox missing from /Page, defaulting to MediaBox
2025-06-08 14:03:44,893 - pdfminer.pdfpage - WARNING - CropBox missing from /Page, defaulting to MediaBox
2025-06-08 14:03:44,893 - pdfminer.pdfpage - WARNING - CropBox missing from /Page, defaulting to MediaBox
2025-06-08 14:03:44,893 - pdfminer.pdfpage - WARNING - CropBox missing from /Page, defaulting to MediaBox
2025-06-08 14:03:44,894 - pdfminer.pdfpage - WARNING - CropBox missing from /Page, defaulting to MediaBox
2025-06-08 14:03:44,894 - pdfminer.pdfpage - WARNING - CropBox missing from /Page, defaulting to MediaBox
2025-06-08 14:03:44,894 - pdfminer.pdfpage - WARNING - CropBox missing from /Page, defaulting to MediaBox
2025-06-08 14:03:44,894 - pdfminer.pdfpage - WARNING - CropBox missing from /Page, defaulting to MediaBox
2025-06-08 14:03:44,894 - pdfminer.pdfpage - WARNING - CropBox missing from /Page, defaulting to MediaBox
2025-06-08 14:03:44,894 - pdfminer.pdfpage - WARNING - CropBox missing from /Page, defaulting to MediaBox
2025-06-08 14:03:44,895 - pdfminer.pdfpage - WARNING - CropBox missing from /Page, defaulting to MediaBox
2025-06-08 14:03:44,895 - pdfminer.pdfpage - WARNING - CropBox missing from /Page, defaulting to MediaBox
2025-06-08 14:03:44,895 - pdfminer.pdfpage - WARNING - CropBox missing from /Page, defaulting to MediaBox
2025-06-08 14:03:44,895 - pdfminer.pdfpage - WARNING - CropBox missing from /Page, defaulting to MediaBox
2025-06-08 14:03:44,895 - pdfminer.pdfpage - WARNING - CropBox missing from /Page, defaulting to MediaBox
2025-06-08 14:03:44,895 - pdfminer.pdfpage - WARNING - CropBox missing from /Page, defaulting to MediaBox
2025-06-08 14:03:44,896 - pdfminer.pdfpage - WARNING - CropBox missing from /Page, defaulting to MediaBox
2025-06-08 14:03:44,896 - pdfminer.pdfpage - WARNING - CropBox missing from /Page, defaulting to MediaBox
2025-06-08 14:03:44,896 - pdfminer.pdfpage - WARNING - CropBox missing from /Page, defaulting to MediaBox
2025-06-08 14:03:44,896 - pdfminer.pdfpage - WARNING - CropBox missing from /Page, defaulting to MediaBox
2025-06-08 14:03:44,896 - pdfminer.pdfpage - WARNING - CropBox missing from /Page, defaulting to MediaBox
2025-06-08 14:03:44,896 - pdfminer.pdfpage - WARNING - CropBox missing from /Page, defaulting to MediaBox
2025-06-08 14:03:44,897 - pdfminer.pdfpage - WARNING - CropBox missing from /Page, defaulting to MediaBox
2025-06-08 14:03:44,897 - pdfminer.pdfpage - WARNING - CropBox missing from /Page, defaulting to MediaBox
2025-06-08 14:03:44,897 - pdfminer.pdfpage - WARNING - CropBox missing from /Page, defaulting to MediaBox
2025-06-08 14:03:44,897 - pdfminer.pdfpage - WARNING - CropBox missing from /Page, defaulting to MediaBox
2025-06-08 14:03:44,897 - pdfminer.pdfpage - WARNING - CropBox missing from /Page, defaulting to MediaBox
2025-06-08 14:03:44,897 - pdfminer.pdfpage - WARNING - CropBox missing from /Page, defaulting to MediaBox
2025-06-08 14:03:44,898 - pdfminer.pdfpage - WARNING - CropBox missing from /Page, defaulting to MediaBox
2025-06-08 14:03:44,898 - pdfminer.pdfpage - WARNING - CropBox missing from /Page, defaulting to MediaBox
2025-06-08 14:03:44,898 - pdfminer.pdfpage - WARNING - CropBox missing from /Page, defaulting to MediaBox
2025-06-08 14:03:44,898 - pdfminer.pdfpage - WARNING - CropBox missing from /Page, defaulting to MediaBox
2025-06-08 14:03:44,898 - pdfminer.pdfpage - WARNING - CropBox missing from /Page, defaulting to MediaBox
2025-06-08 14:03:44,898 - pdfminer.pdfpage - WARNING - CropBox missing from /Page, defaulting to MediaBox
2025-06-08 14:03:44,899 - pdfminer.pdfpage - WARNING - CropBox missing from /Page, defaulting to MediaBox
2025-06-08 14:03:44,899 - pdfminer.pdfpage - WARNING - CropBox missing from /Page, defaulting to MediaBox
2025-06-08 14:03:44,899 - pdfminer.pdfpage - WARNING - CropBox missing from /Page, defaulting to MediaBox
2025-06-08 14:03:44,899 - pdfminer.pdfpage - WARNING - CropBox missing from /Page, defaulting to MediaBox
2025-06-08 14:03:44,899 - pdfminer.pdfpage - WARNING - CropBox missing from /Page, defaulting to MediaBox
2025-06-08 14:03:44,899 - pdfminer.pdfpage - WARNING - CropBox missing from /Page, defaulting to MediaBox
2025-06-08 14:03:44,900 - pdfminer.pdfpage - WARNING - CropBox missing from /Page, defaulting to MediaBox
2025-06-08 14:03:44,900 - pdfminer.pdfpage - WARNING - CropBox missing from /Page, defaulting to MediaBox
2025-06-08 14:03:44,900 - pdfminer.pdfpage - WARNING - CropBox missing from /Page, defaulting to MediaBox
2025-06-08 14:03:44,900 - pdfminer.pdfpage - WARNING - CropBox missing from /Page, defaulting to MediaBox
2025-06-08 14:03:44,900 - pdfminer.pdfpage - WARNING - CropBox missing from /Page, defaulting to MediaBox
2025-06-08 14:03:44,900 - pdfminer.pdfpage - WARNING - CropBox missing from /Page, defaulting to MediaBox
2025-06-08 14:03:44,901 - pdfminer.pdfpage - WARNING - CropBox missing from /Page, defaulting to MediaBox
2025-06-08 14:03:44,901 - pdfminer.pdfpage - WARNING - CropBox missing from /Page, defaulting to MediaBox
2025-06-08 14:03:44,901 - pdfminer.pdfpage - WARNING - CropBox missing from /Page, defaulting to MediaBox
2025-06-08 14:03:44,901 - pdfminer.pdfpage - WARNING - CropBox missing from /Page, defaulting to MediaBox
2025-06-08 14:03:44,901 - pdfminer.pdfpage - WARNING - CropBox missing from /Page, defaulting to MediaBox
2025-06-08 14:03:44,901 - pdfminer.pdfpage - WARNING - CropBox missing from /Page, defaulting to MediaBox
2025-06-08 14:03:44,901 - pdfminer.pdfpage - WARNING - CropBox missing from /Page, defaulting to MediaBox
2025-06-08 14:03:44,902 - pdfminer.pdfpage - WARNING - CropBox missing from /Page, defaulting to MediaBox
2025-06-08 14:03:44,902 - pdfminer.pdfpage - WARNING - CropBox missing from /Page, defaulting to MediaBox
2025-06-08 14:03:44,902 - pdfminer.pdfpage - WARNING - CropBox missing from /Page, defaulting to MediaBox
2025-06-08 14:03:44,902 - pdfminer.pdfpage - WARNING - CropBox missing from /Page, defaulting to MediaBox
2025-06-08 14:03:44,902 - pdfminer.pdfpage - WARNING - CropBox missing from /Page, defaulting to MediaBox
2025-06-08 14:03:44,903 - pdfminer.pdfpage - WARNING - CropBox missing from /Page, defaulting to MediaBox
2025-06-08 14:03:44,903 - pdfminer.pdfpage - WARNING - CropBox missing from /Page, defaulting to MediaBox
2025-06-08 14:03:44,903 - pdfminer.pdfpage - WARNING - CropBox missing from /Page, defaulting to MediaBox
2025-06-08 14:03:44,903 - pdfminer.pdfpage - WARNING - CropBox missing from /Page, defaulting to MediaBox
2025-06-08 14:03:44,903 - pdfminer.pdfpage - WARNING - CropBox missing from /Page, defaulting to MediaBox
2025-06-08 14:03:44,903 - pdfminer.pdfpage - WARNING - CropBox missing from /Page, defaulting to MediaBox
2025-06-08 14:03:44,904 - pdfminer.pdfpage - WARNING - CropBox missing from /Page, defaulting to MediaBox
2025-06-08 14:03:44,904 - pdfminer.pdfpage - WARNING - CropBox missing from /Page, defaulting to MediaBox
2025-06-08 14:03:44,904 - pdfminer.pdfpage - WARNING - CropBox missing from /Page, defaulting to MediaBox
2025-06-08 14:03:44,904 - pdfminer.pdfpage - WARNING - CropBox missing from /Page, defaulting to MediaBox
2025-06-08 14:03:44,904 - pdfminer.pdfpage - WARNING - CropBox missing from /Page, defaulting to MediaBox
2025-06-08 14:03:44,905 - pdfminer.pdfpage - WARNING - CropBox missing from /Page, defaulting to MediaBox
2025-06-08 14:03:44,905 - pdfminer.pdfpage - WARNING - CropBox missing from /Page, defaulting to MediaBox
2025-06-08 14:03:44,905 - pdfminer.pdfpage - WARNING - CropBox missing from /Page, defaulting to MediaBox
2025-06-08 14:03:44,906 - pdfminer.pdfpage - WARNING - CropBox missing from /Page, defaulting to MediaBox
2025-06-08 14:03:44,906 - pdfminer.pdfpage - WARNING - CropBox missing from /Page, defaulting to MediaBox
2025-06-08 14:03:44,906 - pdfminer.pdfpage - WARNING - CropBox missing from /Page, defaulting to MediaBox
2025-06-08 14:03:44,906 - pdfminer.pdfpage - WARNING - CropBox missing from /Page, defaulting to MediaBox
2025-06-08 14:03:44,906 - pdfminer.pdfpage - WARNING - CropBox missing from /Page, defaulting to MediaBox
2025-06-08 14:03:44,906 - pdfminer.pdfpage - WARNING - CropBox missing from /Page, defaulting to MediaBox
2025-06-08 14:03:44,907 - pdfminer.pdfpage - WARNING - CropBox missing from /Page, defaulting to MediaBox
2025-06-08 14:03:44,907 - pdfminer.pdfpage - WARNING - CropBox missing from /Page, defaulting to MediaBox
2025-06-08 14:03:44,907 - pdfminer.pdfpage - WARNING - CropBox missing from /Page, defaulting to MediaBox
2025-06-08 14:03:44,907 - pdfminer.pdfpage - WARNING - CropBox missing from /Page, defaulting to MediaBox
2025-06-08 14:03:44,908 - pdfminer.pdfpage - WARNING - CropBox missing from /Page, defaulting to MediaBox
2025-06-08 14:03:44,908 - pdf_extractor - INFO - Processando 333 páginas do PDF
2025-06-08 14:03:44,914 - pdfminer.pdfpage - WARNING - CropBox missing from /Page, defaulting to MediaBox
2025-06-08 14:03:44,914 - pdfminer.pdfpage - WARNING - CropBox missing from /Page, defaulting to MediaBox
2025-06-08 14:03:44,914 - pdfminer.pdfpage - WARNING - CropBox missing from /Page, defaulting to MediaBox
2025-06-08 14:03:44,914 - pdfminer.pdfpage - WARNING - CropBox missing from /Page, defaulting to MediaBox
2025-06-08 14:03:44,914 - pdfminer.pdfpage - WARNING - CropBox missing from /Page, defaulting to MediaBox
2025-06-08 14:03:44,914 - pdfminer.pdfpage - WARNING - CropBox missing from /Page, defaulting to MediaBox
2025-06-08 14:03:44,914 - pdfminer.pdfpage - WARNING - CropBox missing from /Page, defaulting to MediaBox
2025-06-08 14:03:44,914 - pdfminer.pdfpage - WARNING - CropBox missing from /Page, defaulting to MediaBox
2025-06-08 14:03:44,914 - pdfminer.pdfpage - WARNING - CropBox missing from /Page, defaulting to MediaBox
2025-06-08 14:03:44,914 - pdfminer.pdfpage - WARNING - CropBox missing from /Page, defaulting to MediaBox
2025-06-08 14:03:44,914 - pdfminer.pdfpage - WARNING - CropBox missing from /Page, defaulting to MediaBox
2025-06-08 14:03:44,914 - pdfminer.pdfpage - WARNING - CropBox missing from /Page, defaulting to MediaBox
2025-06-08 14:03:44,914 - pdfminer.pdfpage - WARNING - CropBox missing from /Page, defaulting to MediaBox
2025-06-08 14:03:44,914 - pdfminer.pdfpage - WARNING - CropBox missing from /Page, defaulting to MediaBox
2025-06-08 14:03:44,915 - pdfminer.pdfpage - WARNING - CropBox missing from /Page, defaulting to MediaBox
2025-06-08 14:03:44,915 - pdfminer.pdfpage - WARNING - CropBox missing from /Page, defaulting to MediaBox
2025-06-08 14:03:44,915 - pdfminer.pdfpage - WARNING - CropBox missing from /Page, defaulting to MediaBox
2025-06-08 14:03:44,915 - pdfminer.pdfpage - WARNING - CropBox missing from /Page, defaulting to MediaBox
2025-06-08 14:03:44,915 - pdfminer.pdfpage - WARNING - CropBox missing from /Page, defaulting to MediaBox
2025-06-08 14:03:44,915 - pdfminer.pdfpage - WARNING - CropBox missing from /Page, defaulting to MediaBox
2025-06-08 14:03:44,915 - pdfminer.pdfpage - WARNING - CropBox missing from /Page, defaulting to MediaBox
2025-06-08 14:03:44,915 - pdfminer.pdfpage - WARNING - CropBox missing from /Page, defaulting to MediaBox
2025-06-08 14:03:44,915 - pdfminer.pdfpage - WARNING - CropBox missing from /Page, defaulting to MediaBox
2025-06-08 14:03:44,915 - pdfminer.pdfpage - WARNING - CropBox missing from /Page, defaulting to MediaBox
2025-06-08 14:03:44,915 - pdfminer.pdfpage - WARNING - CropBox missing from /Page, defaulting to MediaBox
2025-06-08 14:03:44,915 - pdfminer.pdfpage - WARNING - CropBox missing from /Page, defaulting to MediaBox
2025-06-08 14:03:44,915 - pdfminer.pdfpage - WARNING - CropBox missing from /Page, defaulting to MediaBox
2025-06-08 14:03:44,915 - pdfminer.pdfpage - WARNING - CropBox missing from /Page, defaulting to MediaBox
2025-06-08 14:03:44,915 - pdfminer.pdfpage - WARNING - CropBox missing from /Page, defaulting to MediaBox
2025-06-08 14:03:44,915 - pdfminer.pdfpage - WARNING - CropBox missing from /Page, defaulting to MediaBox
2025-06-08 14:03:44,916 - pdfminer.pdfpage - WARNING - CropBox missing from /Page, defaulting to MediaBox
2025-06-08 14:03:44,916 - pdfminer.pdfpage - WARNING - CropBox missing from /Page, defaulting to MediaBox
2025-06-08 14:03:44,916 - pdfminer.pdfpage - WARNING - CropBox missing from /Page, defaulting to MediaBox
2025-06-08 14:03:44,916 - pdfminer.pdfpage - WARNING - CropBox missing from /Page, defaulting to MediaBox
2025-06-08 14:03:44,916 - pdfminer.pdfpage - WARNING - CropBox missing from /Page, defaulting to MediaBox
2025-06-08 14:03:44,916 - pdfminer.pdfpage - WARNING - CropBox missing from /Page, defaulting to MediaBox
2025-06-08 14:03:44,916 - pdfminer.pdfpage - WARNING - CropBox missing from /Page, defaulting to MediaBox
2025-06-08 14:03:44,916 - pdfminer.pdfpage - WARNING - CropBox missing from /Page, defaulting to MediaBox
2025-06-08 14:03:44,916 - pdfminer.pdfpage - WARNING - CropBox missing from /Page, defaulting to MediaBox
2025-06-08 14:03:44,916 - pdfminer.pdfpage - WARNING - CropBox missing from /Page, defaulting to MediaBox
2025-06-08 14:03:44,916 - pdfminer.pdfpage - WARNING - CropBox missing from /Page, defaulting to MediaBox
2025-06-08 14:03:44,916 - pdfminer.pdfpage - WARNING - CropBox missing from /Page, defaulting to MediaBox
2025-06-08 14:03:44,916 - pdfminer.pdfpage - WARNING - CropBox missing from /Page, defaulting to MediaBox
2025-06-08 14:03:44,916 - pdfminer.pdfpage - WARNING - CropBox missing from /Page, defaulting to MediaBox
2025-06-08 14:03:44,916 - pdfminer.pdfpage - WARNING - CropBox missing from /Page, defaulting to MediaBox
2025-06-08 14:03:44,917 - pdfminer.pdfpage - WARNING - CropBox missing from /Page, defaulting to MediaBox
2025-06-08 14:03:44,917 - pdfminer.pdfpage - WARNING - CropBox missing from /Page, defaulting to MediaBox
2025-06-08 14:03:44,917 - pdfminer.pdfpage - WARNING - CropBox missing from /Page, defaulting to MediaBox
2025-06-08 14:03:44,917 - pdfminer.pdfpage - WARNING - CropBox missing from /Page, defaulting to MediaBox
2025-06-08 14:03:44,917 - pdfminer.pdfpage - WARNING - CropBox missing from /Page, defaulting to MediaBox
2025-06-08 14:03:44,917 - pdfminer.pdfpage - WARNING - CropBox missing from /Page, defaulting to MediaBox
2025-06-08 14:03:44,917 - pdfminer.pdfpage - WARNING - CropBox missing from /Page, defaulting to MediaBox
2025-06-08 14:03:44,917 - pdfminer.pdfpage - WARNING - CropBox missing from /Page, defaulting to MediaBox
2025-06-08 14:03:44,917 - pdfminer.pdfpage - WARNING - CropBox missing from /Page, defaulting to MediaBox
2025-06-08 14:03:44,917 - pdfminer.pdfpage - WARNING - CropBox missing from /Page, defaulting to MediaBox
2025-06-08 14:03:44,917 - pdfminer.pdfpage - WARNING - CropBox missing from /Page, defaulting to MediaBox
2025-06-08 14:03:44,917 - pdfminer.pdfpage - WARNING - CropBox missing from /Page, defaulting to MediaBox
2025-06-08 14:03:44,917 - pdfminer.pdfpage - WARNING - CropBox missing from /Page, defaulting to MediaBox
2025-06-08 14:03:44,917 - pdfminer.pdfpage - WARNING - CropBox missing from /Page, defaulting to MediaBox
2025-06-08 14:03:44,917 - pdfminer.pdfpage - WARNING - CropBox missing from /Page, defaulting to MediaBox
2025-06-08 14:03:44,918 - pdfminer.pdfpage - WARNING - CropBox missing from /Page, defaulting to MediaBox
2025-06-08 14:03:44,918 - pdfminer.pdfpage - WARNING - CropBox missing from /Page, defaulting to MediaBox
2025-06-08 14:03:44,918 - pdfminer.pdfpage - WARNING - CropBox missing from /Page, defaulting to MediaBox
2025-06-08 14:03:44,918 - pdfminer.pdfpage - WARNING - CropBox missing from /Page, defaulting to MediaBox
2025-06-08 14:03:44,918 - pdfminer.pdfpage - WARNING - CropBox missing from /Page, defaulting to MediaBox
2025-06-08 14:03:44,918 - pdfminer.pdfpage - WARNING - CropBox missing from /Page, defaulting to MediaBox
2025-06-08 14:03:44,918 - pdfminer.pdfpage - WARNING - CropBox missing from /Page, defaulting to MediaBox
2025-06-08 14:03:44,918 - pdfminer.pdfpage - WARNING - CropBox missing from /Page, defaulting to MediaBox
2025-06-08 14:03:44,918 - pdfminer.pdfpage - WARNING - CropBox missing from /Page, defaulting to MediaBox
2025-06-08 14:03:44,918 - pdfminer.pdfpage - WARNING - CropBox missing from /Page, defaulting to MediaBox
2025-06-08 14:03:44,918 - pdfminer.pdfpage - WARNING - CropBox missing from /Page, defaulting to MediaBox
2025-06-08 14:03:44,918 - pdfminer.pdfpage - WARNING - CropBox missing from /Page, defaulting to MediaBox
2025-06-08 14:03:44,918 - pdfminer.pdfpage - WARNING - CropBox missing from /Page, defaulting to MediaBox
2025-06-08 14:03:44,918 - pdfminer.pdfpage - WARNING - CropBox missing from /Page, defaulting to MediaBox
2025-06-08 14:03:44,918 - pdfminer.pdfpage - WARNING - CropBox missing from /Page, defaulting to MediaBox
2025-06-08 14:03:44,918 - pdfminer.pdfpage - WARNING - CropBox missing from /Page, defaulting to MediaBox
2025-06-08 14:03:44,919 - pdfminer.pdfpage - WARNING - CropBox missing from /Page, defaulting to MediaBox
2025-06-08 14:03:44,919 - pdfminer.pdfpage - WARNING - CropBox missing from /Page, defaulting to MediaBox
2025-06-08 14:03:44,919 - pdfminer.pdfpage - WARNING - CropBox missing from /Page, defaulting to MediaBox
2025-06-08 14:03:44,919 - pdfminer.pdfpage - WARNING - CropBox missing from /Page, defaulting to MediaBox
2025-06-08 14:03:44,919 - pdfminer.pdfpage - WARNING - CropBox missing from /Page, defaulting to MediaBox
2025-06-08 14:03:44,919 - pdfminer.pdfpage - WARNING - CropBox missing from /Page, defaulting to MediaBox
2025-06-08 14:03:44,919 - pdfminer.pdfpage - WARNING - CropBox missing from /Page, defaulting to MediaBox
2025-06-08 14:03:44,919 - pdfminer.pdfpage - WARNING - CropBox missing from /Page, defaulting to MediaBox
2025-06-08 14:03:44,919 - pdfminer.pdfpage - WARNING - CropBox missing from /Page, defaulting to MediaBox
2025-06-08 14:03:44,919 - pdfminer.pdfpage - WARNING - CropBox missing from /Page, defaulting to MediaBox
2025-06-08 14:03:44,919 - pdfminer.pdfpage - WARNING - CropBox missing from /Page, defaulting to MediaBox
2025-06-08 14:03:44,919 - pdfminer.pdfpage - WARNING - CropBox missing from /Page, defaulting to MediaBox
2025-06-08 14:03:44,919 - pdfminer.pdfpage - WARNING - CropBox missing from /Page, defaulting to MediaBox
2025-06-08 14:03:44,919 - pdfminer.pdfpage - WARNING - CropBox missing from /Page, defaulting to MediaBox
2025-06-08 14:03:44,919 - pdfminer.pdfpage - WARNING - CropBox missing from /Page, defaulting to MediaBox
2025-06-08 14:03:44,920 - pdfminer.pdfpage - WARNING - CropBox missing from /Page, defaulting to MediaBox
2025-06-08 14:03:44,920 - pdfminer.pdfpage - WARNING - CropBox missing from /Page, defaulting to MediaBox
2025-06-08 14:03:44,920 - pdfminer.pdfpage - WARNING - CropBox missing from /Page, defaulting to MediaBox
2025-06-08 14:03:44,920 - pdfminer.pdfpage - WARNING - CropBox missing from /Page, defaulting to MediaBox
2025-06-08 14:03:44,920 - pdfminer.pdfpage - WARNING - CropBox missing from /Page, defaulting to MediaBox
2025-06-08 14:03:44,920 - pdfminer.pdfpage - WARNING - CropBox missing from /Page, defaulting to MediaBox
2025-06-08 14:03:44,920 - pdfminer.pdfpage - WARNING - CropBox missing from /Page, defaulting to MediaBox
2025-06-08 14:03:44,920 - pdfminer.pdfpage - WARNING - CropBox missing from /Page, defaulting to MediaBox
2025-06-08 14:03:44,920 - pdfminer.pdfpage - WARNING - CropBox missing from /Page, defaulting to MediaBox
2025-06-08 14:03:44,920 - pdfminer.pdfpage - WARNING - CropBox missing from /Page, defaulting to MediaBox
2025-06-08 14:03:44,920 - pdfminer.pdfpage - WARNING - CropBox missing from /Page, defaulting to MediaBox
2025-06-08 14:03:44,920 - pdfminer.pdfpage - WARNING - CropBox missing from /Page, defaulting to MediaBox
2025-06-08 14:03:44,920 - pdfminer.pdfpage - WARNING - CropBox missing from /Page, defaulting to MediaBox
2025-06-08 14:03:44,920 - pdfminer.pdfpage - WARNING - CropBox missing from /Page, defaulting to MediaBox
2025-06-08 14:03:44,920 - pdfminer.pdfpage - WARNING - CropBox missing from /Page, defaulting to MediaBox
2025-06-08 14:03:44,921 - pdfminer.pdfpage - WARNING - CropBox missing from /Page, defaulting to MediaBox
2025-06-08 14:03:44,921 - pdfminer.pdfpage - WARNING - CropBox missing from /Page, defaulting to MediaBox
2025-06-08 14:03:44,921 - pdfminer.pdfpage - WARNING - CropBox missing from /Page, defaulting to MediaBox
2025-06-08 14:03:44,921 - pdfminer.pdfpage - WARNING - CropBox missing from /Page, defaulting to MediaBox
2025-06-08 14:03:44,921 - pdfminer.pdfpage - WARNING - CropBox missing from /Page, defaulting to MediaBox
2025-06-08 14:03:44,921 - pdfminer.pdfpage - WARNING - CropBox missing from /Page, defaulting to MediaBox
2025-06-08 14:03:44,921 - pdfminer.pdfpage - WARNING - CropBox missing from /Page, defaulting to MediaBox
2025-06-08 14:03:44,921 - pdfminer.pdfpage - WARNING - CropBox missing from /Page, defaulting to MediaBox
2025-06-08 14:03:44,921 - pdfminer.pdfpage - WARNING - CropBox missing from /Page, defaulting to MediaBox
2025-06-08 14:03:44,921 - pdfminer.pdfpage - WARNING - CropBox missing from /Page, defaulting to MediaBox
2025-06-08 14:03:44,921 - pdfminer.pdfpage - WARNING - CropBox missing from /Page, defaulting to MediaBox
2025-06-08 14:03:44,921 - pdfminer.pdfpage - WARNING - CropBox missing from /Page, defaulting to MediaBox
2025-06-08 14:03:44,921 - pdfminer.pdfpage - WARNING - CropBox missing from /Page, defaulting to MediaBox
2025-06-08 14:03:44,921 - pdfminer.pdfpage - WARNING - CropBox missing from /Page, defaulting to MediaBox
2025-06-08 14:03:44,921 - pdfminer.pdfpage - WARNING - CropBox missing from /Page, defaulting to MediaBox
2025-06-08 14:03:44,922 - pdfminer.pdfpage - WARNING - CropBox missing from /Page, defaulting to MediaBox
2025-06-08 14:03:44,922 - pdfminer.pdfpage - WARNING - CropBox missing from /Page, defaulting to MediaBox
2025-06-08 14:03:44,922 - pdfminer.pdfpage - WARNING - CropBox missing from /Page, defaulting to MediaBox
2025-06-08 14:03:44,922 - pdfminer.pdfpage - WARNING - CropBox missing from /Page, defaulting to MediaBox
2025-06-08 14:03:44,922 - pdfminer.pdfpage - WARNING - CropBox missing from /Page, defaulting to MediaBox
2025-06-08 14:03:44,922 - pdfminer.pdfpage - WARNING - CropBox missing from /Page, defaulting to MediaBox
2025-06-08 14:03:44,922 - pdfminer.pdfpage - WARNING - CropBox missing from /Page, defaulting to MediaBox
2025-06-08 14:03:44,922 - pdfminer.pdfpage - WARNING - CropBox missing from /Page, defaulting to MediaBox
2025-06-08 14:03:44,922 - pdfminer.pdfpage - WARNING - CropBox missing from /Page, defaulting to MediaBox
2025-06-08 14:03:44,922 - pdfminer.pdfpage - WARNING - CropBox missing from /Page, defaulting to MediaBox
2025-06-08 14:03:44,922 - pdfminer.pdfpage - WARNING - CropBox missing from /Page, defaulting to MediaBox
2025-06-08 14:03:44,922 - pdfminer.pdfpage - WARNING - CropBox missing from /Page, defaulting to MediaBox
2025-06-08 14:03:44,922 - pdfminer.pdfpage - WARNING - CropBox missing from /Page, defaulting to MediaBox
2025-06-08 14:03:44,923 - pdfminer.pdfpage - WARNING - CropBox missing from /Page, defaulting to MediaBox
2025-06-08 14:03:44,923 - pdfminer.pdfpage - WARNING - CropBox missing from /Page, defaulting to MediaBox
2025-06-08 14:03:44,923 - pdfminer.pdfpage - WARNING - CropBox missing from /Page, defaulting to MediaBox
2025-06-08 14:03:44,923 - pdfminer.pdfpage - WARNING - CropBox missing from /Page, defaulting to MediaBox
2025-06-08 14:03:44,923 - pdfminer.pdfpage - WARNING - CropBox missing from /Page, defaulting to MediaBox
2025-06-08 14:03:44,923 - pdfminer.pdfpage - WARNING - CropBox missing from /Page, defaulting to MediaBox
2025-06-08 14:03:44,923 - pdfminer.pdfpage - WARNING - CropBox missing from /Page, defaulting to MediaBox
2025-06-08 14:03:44,923 - pdfminer.pdfpage - WARNING - CropBox missing from /Page, defaulting to MediaBox
2025-06-08 14:03:44,923 - pdfminer.pdfpage - WARNING - CropBox missing from /Page, defaulting to MediaBox
2025-06-08 14:03:44,923 - pdfminer.pdfpage - WARNING - CropBox missing from /Page, defaulting to MediaBox
2025-06-08 14:03:44,923 - pdfminer.pdfpage - WARNING - CropBox missing from /Page, defaulting to MediaBox
2025-06-08 14:03:44,923 - pdfminer.pdfpage - WARNING - CropBox missing from /Page, defaulting to MediaBox
2025-06-08 14:03:44,923 - pdfminer.pdfpage - WARNING - CropBox missing from /Page, defaulting to MediaBox
2025-06-08 14:03:44,923 - pdfminer.pdfpage - WARNING - CropBox missing from /Page, defaulting to MediaBox
2025-06-08 14:03:44,923 - pdfminer.pdfpage - WARNING - CropBox missing from /Page, defaulting to MediaBox
2025-06-08 14:03:44,923 - pdfminer.pdfpage - WARNING - CropBox missing from /Page, defaulting to MediaBox
2025-06-08 14:03:44,924 - pdfminer.pdfpage - WARNING - CropBox missing from /Page, defaulting to MediaBox
2025-06-08 14:03:44,924 - pdfminer.pdfpage - WARNING - CropBox missing from /Page, defaulting to MediaBox
2025-06-08 14:03:44,924 - pdfminer.pdfpage - WARNING - CropBox missing from /Page, defaulting to MediaBox
2025-06-08 14:03:44,924 - pdfminer.pdfpage - WARNING - CropBox missing from /Page, defaulting to MediaBox
2025-06-08 14:03:44,924 - pdfminer.pdfpage - WARNING - CropBox missing from /Page, defaulting to MediaBox
2025-06-08 14:03:44,924 - pdfminer.pdfpage - WARNING - CropBox missing from /Page, defaulting to MediaBox
2025-06-08 14:03:44,924 - pdfminer.pdfpage - WARNING - CropBox missing from /Page, defaulting to MediaBox
2025-06-08 14:03:44,924 - pdfminer.pdfpage - WARNING - CropBox missing from /Page, defaulting to MediaBox
2025-06-08 14:03:44,924 - pdfminer.pdfpage - WARNING - CropBox missing from /Page, defaulting to MediaBox
2025-06-08 14:03:44,924 - pdfminer.pdfpage - WARNING - CropBox missing from /Page, defaulting to MediaBox
2025-06-08 14:03:44,924 - pdfminer.pdfpage - WARNING - CropBox missing from /Page, defaulting to MediaBox
2025-06-08 14:03:44,924 - pdfminer.pdfpage - WARNING - CropBox missing from /Page, defaulting to MediaBox
2025-06-08 14:03:44,924 - pdfminer.pdfpage - WARNING - CropBox missing from /Page, defaulting to MediaBox
2025-06-08 14:03:44,924 - pdfminer.pdfpage - WARNING - CropBox missing from /Page, defaulting to MediaBox
2025-06-08 14:03:44,924 - pdfminer.pdfpage - WARNING - CropBox missing from /Page, defaulting to MediaBox
2025-06-08 14:03:44,924 - pdfminer.pdfpage - WARNING - CropBox missing from /Page, defaulting to MediaBox
2025-06-08 14:03:44,925 - pdfminer.pdfpage - WARNING - CropBox missing from /Page, defaulting to MediaBox
2025-06-08 14:03:44,925 - pdfminer.pdfpage - WARNING - CropBox missing from /Page, defaulting to MediaBox
2025-06-08 14:03:44,925 - pdfminer.pdfpage - WARNING - CropBox missing from /Page, defaulting to MediaBox
2025-06-08 14:03:44,925 - pdfminer.pdfpage - WARNING - CropBox missing from /Page, defaulting to MediaBox
2025-06-08 14:03:44,925 - pdfminer.pdfpage - WARNING - CropBox missing from /Page, defaulting to MediaBox
2025-06-08 14:03:44,925 - pdfminer.pdfpage - WARNING - CropBox missing from /Page, defaulting to MediaBox
2025-06-08 14:03:44,925 - pdfminer.pdfpage - WARNING - CropBox missing from /Page, defaulting to MediaBox
2025-06-08 14:03:44,925 - pdfminer.pdfpage - WARNING - CropBox missing from /Page, defaulting to MediaBox
2025-06-08 14:03:44,925 - pdfminer.pdfpage - WARNING - CropBox missing from /Page, defaulting to MediaBox
2025-06-08 14:03:44,925 - pdfminer.pdfpage - WARNING - CropBox missing from /Page, defaulting to MediaBox
2025-06-08 14:03:44,925 - pdfminer.pdfpage - WARNING - CropBox missing from /Page, defaulting to MediaBox
2025-06-08 14:03:44,925 - pdfminer.pdfpage - WARNING - CropBox missing from /Page, defaulting to MediaBox
2025-06-08 14:03:44,925 - pdfminer.pdfpage - WARNING - CropBox missing from /Page, defaulting to MediaBox
2025-06-08 14:03:44,925 - pdfminer.pdfpage - WARNING - CropBox missing from /Page, defaulting to MediaBox
2025-06-08 14:03:44,926 - pdfminer.pdfpage - WARNING - CropBox missing from /Page, defaulting to MediaBox
2025-06-08 14:03:44,926 - pdfminer.pdfpage - WARNING - CropBox missing from /Page, defaulting to MediaBox
2025-06-08 14:03:44,926 - pdfminer.pdfpage - WARNING - CropBox missing from /Page, defaulting to MediaBox
2025-06-08 14:03:44,926 - pdfminer.pdfpage - WARNING - CropBox missing from /Page, defaulting to MediaBox
2025-06-08 14:03:44,926 - pdfminer.pdfpage - WARNING - CropBox missing from /Page, defaulting to MediaBox
2025-06-08 14:03:44,926 - pdfminer.pdfpage - WARNING - CropBox missing from /Page, defaulting to MediaBox
2025-06-08 14:03:44,926 - pdfminer.pdfpage - WARNING - CropBox missing from /Page, defaulting to MediaBox
2025-06-08 14:03:44,926 - pdfminer.pdfpage - WARNING - CropBox missing from /Page, defaulting to MediaBox
2025-06-08 14:03:44,926 - pdfminer.pdfpage - WARNING - CropBox missing from /Page, defaulting to MediaBox
2025-06-08 14:03:44,926 - pdfminer.pdfpage - WARNING - CropBox missing from /Page, defaulting to MediaBox
2025-06-08 14:03:44,926 - pdfminer.pdfpage - WARNING - CropBox missing from /Page, defaulting to MediaBox
2025-06-08 14:03:44,926 - pdfminer.pdfpage - WARNING - CropBox missing from /Page, defaulting to MediaBox
2025-06-08 14:03:44,926 - pdfminer.pdfpage - WARNING - CropBox missing from /Page, defaulting to MediaBox
2025-06-08 14:03:44,926 - pdfminer.pdfpage - WARNING - CropBox missing from /Page, defaulting to MediaBox
2025-06-08 14:03:44,926 - pdfminer.pdfpage - WARNING - CropBox missing from /Page, defaulting to MediaBox
2025-06-08 14:03:44,927 - pdfminer.pdfpage - WARNING - CropBox missing from /Page, defaulting to MediaBox
2025-06-08 14:03:44,927 - pdfminer.pdfpage - WARNING - CropBox missing from /Page, defaulting to MediaBox
2025-06-08 14:03:44,927 - pdfminer.pdfpage - WARNING - CropBox missing from /Page, defaulting to MediaBox
2025-06-08 14:03:44,927 - pdfminer.pdfpage - WARNING - CropBox missing from /Page, defaulting to MediaBox
2025-06-08 14:03:44,927 - pdfminer.pdfpage - WARNING - CropBox missing from /Page, defaulting to MediaBox
2025-06-08 14:03:44,927 - pdfminer.pdfpage - WARNING - CropBox missing from /Page, defaulting to MediaBox
2025-06-08 14:03:44,927 - pdfminer.pdfpage - WARNING - CropBox missing from /Page, defaulting to MediaBox
2025-06-08 14:03:44,927 - pdfminer.pdfpage - WARNING - CropBox missing from /Page, defaulting to MediaBox
2025-06-08 14:03:44,927 - pdfminer.pdfpage - WARNING - CropBox missing from /Page, defaulting to MediaBox
2025-06-08 14:03:44,927 - pdfminer.pdfpage - WARNING - CropBox missing from /Page, defaulting to MediaBox
2025-06-08 14:03:44,927 - pdfminer.pdfpage - WARNING - CropBox missing from /Page, defaulting to MediaBox
2025-06-08 14:03:44,927 - pdfminer.pdfpage - WARNING - CropBox missing from /Page, defaulting to MediaBox
2025-06-08 14:03:44,927 - pdfminer.pdfpage - WARNING - CropBox missing from /Page, defaulting to MediaBox
2025-06-08 14:03:44,927 - pdfminer.pdfpage - WARNING - CropBox missing from /Page, defaulting to MediaBox
2025-06-08 14:03:44,927 - pdfminer.pdfpage - WARNING - CropBox missing from /Page, defaulting to MediaBox
2025-06-08 14:03:44,928 - pdfminer.pdfpage - WARNING - CropBox missing from /Page, defaulting to MediaBox
2025-06-08 14:03:44,928 - pdfminer.pdfpage - WARNING - CropBox missing from /Page, defaulting to MediaBox
2025-06-08 14:03:44,928 - pdfminer.pdfpage - WARNING - CropBox missing from /Page, defaulting to MediaBox
2025-06-08 14:03:44,928 - pdfminer.pdfpage - WARNING - CropBox missing from /Page, defaulting to MediaBox
2025-06-08 14:03:44,928 - pdfminer.pdfpage - WARNING - CropBox missing from /Page, defaulting to MediaBox
2025-06-08 14:03:44,928 - pdfminer.pdfpage - WARNING - CropBox missing from /Page, defaulting to MediaBox
2025-06-08 14:03:44,928 - pdfminer.pdfpage - WARNING - CropBox missing from /Page, defaulting to MediaBox
2025-06-08 14:03:44,928 - pdfminer.pdfpage - WARNING - CropBox missing from /Page, defaulting to MediaBox
2025-06-08 14:03:44,928 - pdfminer.pdfpage - WARNING - CropBox missing from /Page, defaulting to MediaBox
2025-06-08 14:03:44,928 - pdfminer.pdfpage - WARNING - CropBox missing from /Page, defaulting to MediaBox
2025-06-08 14:03:44,928 - pdfminer.pdfpage - WARNING - CropBox missing from /Page, defaulting to MediaBox
2025-06-08 14:03:44,928 - pdfminer.pdfpage - WARNING - CropBox missing from /Page, defaulting to MediaBox
2025-06-08 14:03:44,928 - pdfminer.pdfpage - WARNING - CropBox missing from /Page, defaulting to MediaBox
2025-06-08 14:03:44,928 - pdfminer.pdfpage - WARNING - CropBox missing from /Page, defaulting to MediaBox
2025-06-08 14:03:44,928 - pdfminer.pdfpage - WARNING - CropBox missing from /Page, defaulting to MediaBox
2025-06-08 14:03:44,928 - pdfminer.pdfpage - WARNING - CropBox missing from /Page, defaulting to MediaBox
2025-06-08 14:03:44,929 - pdfminer.pdfpage - WARNING - CropBox missing from /Page, defaulting to MediaBox
2025-06-08 14:03:44,929 - pdfminer.pdfpage - WARNING - CropBox missing from /Page, defaulting to MediaBox
2025-06-08 14:03:44,929 - pdfminer.pdfpage - WARNING - CropBox missing from /Page, defaulting to MediaBox
2025-06-08 14:03:44,929 - pdfminer.pdfpage - WARNING - CropBox missing from /Page, defaulting to MediaBox
2025-06-08 14:03:44,929 - pdfminer.pdfpage - WARNING - CropBox missing from /Page, defaulting to MediaBox
2025-06-08 14:03:44,929 - pdfminer.pdfpage - WARNING - CropBox missing from /Page, defaulting to MediaBox
2025-06-08 14:03:44,929 - pdfminer.pdfpage - WARNING - CropBox missing from /Page, defaulting to MediaBox
2025-06-08 14:03:44,929 - pdfminer.pdfpage - WARNING - CropBox missing from /Page, defaulting to MediaBox
2025-06-08 14:03:44,929 - pdfminer.pdfpage - WARNING - CropBox missing from /Page, defaulting to MediaBox
2025-06-08 14:03:44,929 - pdfminer.pdfpage - WARNING - CropBox missing from /Page, defaulting to MediaBox
2025-06-08 14:03:44,929 - pdfminer.pdfpage - WARNING - CropBox missing from /Page, defaulting to MediaBox
2025-06-08 14:03:44,929 - pdfminer.pdfpage - WARNING - CropBox missing from /Page, defaulting to MediaBox
2025-06-08 14:03:44,929 - pdfminer.pdfpage - WARNING - CropBox missing from /Page, defaulting to MediaBox
2025-06-08 14:03:44,929 - pdfminer.pdfpage - WARNING - CropBox missing from /Page, defaulting to MediaBox
2025-06-08 14:03:44,930 - pdfminer.pdfpage - WARNING - CropBox missing from /Page, defaulting to MediaBox
2025-06-08 14:03:44,930 - pdfminer.pdfpage - WARNING - CropBox missing from /Page, defaulting to MediaBox
2025-06-08 14:03:44,930 - pdfminer.pdfpage - WARNING - CropBox missing from /Page, defaulting to MediaBox
2025-06-08 14:03:44,930 - pdfminer.pdfpage - WARNING - CropBox missing from /Page, defaulting to MediaBox
2025-06-08 14:03:44,930 - pdfminer.pdfpage - WARNING - CropBox missing from /Page, defaulting to MediaBox
2025-06-08 14:03:44,930 - pdfminer.pdfpage - WARNING - CropBox missing from /Page, defaulting to MediaBox
2025-06-08 14:03:44,930 - pdfminer.pdfpage - WARNING - CropBox missing from /Page, defaulting to MediaBox
2025-06-08 14:03:44,930 - pdfminer.pdfpage - WARNING - CropBox missing from /Page, defaulting to MediaBox
2025-06-08 14:03:44,930 - pdfminer.pdfpage - WARNING - CropBox missing from /Page, defaulting to MediaBox
2025-06-08 14:03:44,930 - pdfminer.pdfpage - WARNING - CropBox missing from /Page, defaulting to MediaBox
2025-06-08 14:03:44,930 - pdfminer.pdfpage - WARNING - CropBox missing from /Page, defaulting to MediaBox
2025-06-08 14:03:44,930 - pdfminer.pdfpage - WARNING - CropBox missing from /Page, defaulting to MediaBox
2025-06-08 14:03:44,930 - pdfminer.pdfpage - WARNING - CropBox missing from /Page, defaulting to MediaBox
2025-06-08 14:03:44,930 - pdfminer.pdfpage - WARNING - CropBox missing from /Page, defaulting to MediaBox
2025-06-08 14:03:44,930 - pdfminer.pdfpage - WARNING - CropBox missing from /Page, defaulting to MediaBox
2025-06-08 14:03:44,930 - pdfminer.pdfpage - WARNING - CropBox missing from /Page, defaulting to MediaBox
2025-06-08 14:03:44,931 - pdfminer.pdfpage - WARNING - CropBox missing from /Page, defaulting to MediaBox
2025-06-08 14:03:44,931 - pdfminer.pdfpage - WARNING - CropBox missing from /Page, defaulting to MediaBox
2025-06-08 14:03:44,931 - pdfminer.pdfpage - WARNING - CropBox missing from /Page, defaulting to MediaBox
2025-06-08 14:03:44,931 - pdfminer.pdfpage - WARNING - CropBox missing from /Page, defaulting to MediaBox
2025-06-08 14:03:44,931 - pdfminer.pdfpage - WARNING - CropBox missing from /Page, defaulting to MediaBox
2025-06-08 14:03:44,931 - pdfminer.pdfpage - WARNING - CropBox missing from /Page, defaulting to MediaBox
2025-06-08 14:03:44,931 - pdfminer.pdfpage - WARNING - CropBox missing from /Page, defaulting to MediaBox
2025-06-08 14:03:44,931 - pdfminer.pdfpage - WARNING - CropBox missing from /Page, defaulting to MediaBox
2025-06-08 14:03:44,931 - pdfminer.pdfpage - WARNING - CropBox missing from /Page, defaulting to MediaBox
2025-06-08 14:03:44,931 - pdfminer.pdfpage - WARNING - CropBox missing from /Page, defaulting to MediaBox
2025-06-08 14:03:44,931 - pdfminer.pdfpage - WARNING - CropBox missing from /Page, defaulting to MediaBox
2025-06-08 14:03:44,931 - pdfminer.pdfpage - WARNING - CropBox missing from /Page, defaulting to MediaBox
2025-06-08 14:03:44,931 - pdfminer.pdfpage - WARNING - CropBox missing from /Page, defaulting to MediaBox
2025-06-08 14:03:44,931 - pdfminer.pdfpage - WARNING - CropBox missing from /Page, defaulting to MediaBox
2025-06-08 14:03:44,931 - pdfminer.pdfpage - WARNING - CropBox missing from /Page, defaulting to MediaBox
2025-06-08 14:03:44,932 - pdfminer.pdfpage - WARNING - CropBox missing from /Page, defaulting to MediaBox
2025-06-08 14:03:44,932 - pdfminer.pdfpage - WARNING - CropBox missing from /Page, defaulting to MediaBox
2025-06-08 14:03:44,932 - pdfminer.pdfpage - WARNING - CropBox missing from /Page, defaulting to MediaBox
2025-06-08 14:03:44,932 - pdfminer.pdfpage - WARNING - CropBox missing from /Page, defaulting to MediaBox
2025-06-08 14:03:44,932 - pdfminer.pdfpage - WARNING - CropBox missing from /Page, defaulting to MediaBox
2025-06-08 14:03:44,932 - pdfminer.pdfpage - WARNING - CropBox missing from /Page, defaulting to MediaBox
2025-06-08 14:03:44,932 - pdfminer.pdfpage - WARNING - CropBox missing from /Page, defaulting to MediaBox
2025-06-08 14:03:44,932 - pdfminer.pdfpage - WARNING - CropBox missing from /Page, defaulting to MediaBox
2025-06-08 14:03:44,932 - pdfminer.pdfpage - WARNING - CropBox missing from /Page, defaulting to MediaBox
2025-06-08 14:03:44,932 - pdfminer.pdfpage - WARNING - CropBox missing from /Page, defaulting to MediaBox
2025-06-08 14:03:44,932 - pdfminer.pdfpage - WARNING - CropBox missing from /Page, defaulting to MediaBox
2025-06-08 14:03:44,932 - pdfminer.pdfpage - WARNING - CropBox missing from /Page, defaulting to MediaBox
2025-06-08 14:03:44,932 - pdfminer.pdfpage - WARNING - CropBox missing from /Page, defaulting to MediaBox
2025-06-08 14:03:44,932 - pdfminer.pdfpage - WARNING - CropBox missing from /Page, defaulting to MediaBox
2025-06-08 14:03:44,932 - pdfminer.pdfpage - WARNING - CropBox missing from /Page, defaulting to MediaBox
2025-06-08 14:03:44,933 - pdfminer.pdfpage - WARNING - CropBox missing from /Page, defaulting to MediaBox
2025-06-08 14:03:44,933 - pdfminer.pdfpage - WARNING - CropBox missing from /Page, defaulting to MediaBox
2025-06-08 14:03:44,933 - pdfminer.pdfpage - WARNING - CropBox missing from /Page, defaulting to MediaBox
2025-06-08 14:03:44,933 - pdfminer.pdfpage - WARNING - CropBox missing from /Page, defaulting to MediaBox
2025-06-08 14:03:44,933 - pdfminer.pdfpage - WARNING - CropBox missing from /Page, defaulting to MediaBox
2025-06-08 14:03:44,933 - pdfminer.pdfpage - WARNING - CropBox missing from /Page, defaulting to MediaBox
2025-06-08 14:03:44,933 - pdfminer.pdfpage - WARNING - CropBox missing from /Page, defaulting to MediaBox
2025-06-08 14:03:44,933 - pdfminer.pdfpage - WARNING - CropBox missing from /Page, defaulting to MediaBox
2025-06-08 14:03:44,933 - pdfminer.pdfpage - WARNING - CropBox missing from /Page, defaulting to MediaBox
2025-06-08 14:03:44,933 - pdfminer.pdfpage - WARNING - CropBox missing from /Page, defaulting to MediaBox
2025-06-08 14:03:44,933 - pdfminer.pdfpage - WARNING - CropBox missing from /Page, defaulting to MediaBox
2025-06-08 14:03:44,933 - pdfminer.pdfpage - WARNING - CropBox missing from /Page, defaulting to MediaBox
2025-06-08 14:03:44,933 - pdfminer.pdfpage - WARNING - CropBox missing from /Page, defaulting to MediaBox
2025-06-08 14:03:44,933 - pdfminer.pdfpage - WARNING - CropBox missing from /Page, defaulting to MediaBox
2025-06-08 14:03:44,933 - pdfminer.pdfpage - WARNING - CropBox missing from /Page, defaulting to MediaBox
2025-06-08 14:03:44,934 - pdfminer.pdfpage - WARNING - CropBox missing from /Page, defaulting to MediaBox
2025-06-08 14:03:44,934 - pdfminer.pdfpage - WARNING - CropBox missing from /Page, defaulting to MediaBox
2025-06-08 14:03:44,934 - pdfminer.pdfpage - WARNING - CropBox missing from /Page, defaulting to MediaBox
2025-06-08 14:03:44,934 - pdfminer.pdfpage - WARNING - CropBox missing from /Page, defaulting to MediaBox
2025-06-08 14:03:44,934 - pdfminer.pdfpage - WARNING - CropBox missing from /Page, defaulting to MediaBox
2025-06-08 14:03:44,934 - pdfminer.pdfpage - WARNING - CropBox missing from /Page, defaulting to MediaBox
2025-06-08 14:03:44,934 - pdfminer.pdfpage - WARNING - CropBox missing from /Page, defaulting to MediaBox
2025-06-08 14:03:44,934 - pdfminer.pdfpage - WARNING - CropBox missing from /Page, defaulting to MediaBox
2025-06-08 14:03:44,934 - pdfminer.pdfpage - WARNING - CropBox missing from /Page, defaulting to MediaBox
2025-06-08 14:03:44,934 - pdfminer.pdfpage - WARNING - CropBox missing from /Page, defaulting to MediaBox
2025-06-08 14:03:44,934 - pdfminer.pdfpage - WARNING - CropBox missing from /Page, defaulting to MediaBox
2025-06-08 14:03:44,934 - pdfminer.pdfpage - WARNING - CropBox missing from /Page, defaulting to MediaBox
2025-06-08 14:03:44,934 - pdfminer.pdfpage - WARNING - CropBox missing from /Page, defaulting to MediaBox
2025-06-08 14:03:44,934 - pdfminer.pdfpage - WARNING - CropBox missing from /Page, defaulting to MediaBox
2025-06-08 14:03:44,934 - pdfminer.pdfpage - WARNING - CropBox missing from /Page, defaulting to MediaBox
2025-06-08 14:03:44,935 - pdfminer.pdfpage - WARNING - CropBox missing from /Page, defaulting to MediaBox
2025-06-08 14:03:44,935 - pdfminer.pdfpage - WARNING - CropBox missing from /Page, defaulting to MediaBox
2025-06-08 14:03:44,935 - pdfminer.pdfpage - WARNING - CropBox missing from /Page, defaulting to MediaBox
2025-06-08 14:03:44,935 - pdfminer.pdfpage - WARNING - CropBox missing from /Page, defaulting to MediaBox
2025-06-08 14:03:44,935 - pdfminer.pdfpage - WARNING - CropBox missing from /Page, defaulting to MediaBox
2025-06-08 14:03:44,935 - pdfminer.pdfpage - WARNING - CropBox missing from /Page, defaulting to MediaBox
2025-06-08 14:03:44,935 - pdfminer.pdfpage - WARNING - CropBox missing from /Page, defaulting to MediaBox
2025-06-08 14:03:44,935 - pdfminer.pdfpage - WARNING - CropBox missing from /Page, defaulting to MediaBox
2025-06-08 14:03:44,935 - pdfminer.pdfpage - WARNING - CropBox missing from /Page, defaulting to MediaBox
2025-06-08 14:03:44,935 - pdfminer.pdfpage - WARNING - CropBox missing from /Page, defaulting to MediaBox
2025-06-08 14:03:44,935 - pdfminer.pdfpage - WARNING - CropBox missing from /Page, defaulting to MediaBox
2025-06-08 14:03:44,935 - pdfminer.pdfpage - WARNING - CropBox missing from /Page, defaulting to MediaBox
2025-06-08 14:03:44,935 - pdfminer.pdfpage - WARNING - CropBox missing from /Page, defaulting to MediaBox
2025-06-08 14:03:44,935 - pdfminer.pdfpage - WARNING - CropBox missing from /Page, defaulting to MediaBox
2025-06-08 14:03:44,935 - pdfminer.pdfpage - WARNING - CropBox missing from /Page, defaulting to MediaBox
2025-06-08 14:03:44,935 - pdfminer.pdfpage - WARNING - CropBox missing from /Page, defaulting to MediaBox
2025-06-08 14:03:44,936 - pdfminer.pdfpage - WARNING - CropBox missing from /Page, defaulting to MediaBox
2025-06-08 14:03:44,936 - pdfminer.pdfpage - WARNING - CropBox missing from /Page, defaulting to MediaBox
2025-06-08 14:03:44,936 - pdf_extractor - ERROR - Erro ao extrair dados do PDF: 'NoneType' object has no attribute 'write'
2025-06-08 14:03:44,936 - main - ERROR - Erro durante o processamento de C:/Users/Murilo/Desktop/EasyPDFexe/input\2022_032025.pdf: 'NoneType' object has no attribute 'write'
2025-06-08 14:08:55,046 - main - INFO - Processando arquivo PDF: C:/Users/Murilo/Desktop/PROJETOS/EasyPDF/input\2022_032025.pdf
2025-06-08 14:08:55,047 - pdf_extractor - INFO - Iniciando extração de dados do arquivo: C:/Users/Murilo/Desktop/PROJETOS/EasyPDF/input\2022_032025.pdf
2025-06-08 14:08:55,089 - pdfminer.pdfpage - WARNING - CropBox missing from /Page, defaulting to MediaBox
2025-06-08 14:08:55,090 - pdfminer.pdfpage - WARNING - CropBox missing from /Page, defaulting to MediaBox
2025-06-08 14:08:55,090 - pdfminer.pdfpage - WARNING - CropBox missing from /Page, defaulting to MediaBox
2025-06-08 14:08:55,090 - pdfminer.pdfpage - WARNING - CropBox missing from /Page, defaulting to MediaBox
2025-06-08 14:08:55,091 - pdfminer.pdfpage - WARNING - CropBox missing from /Page, defaulting to MediaBox
2025-06-08 14:08:55,091 - pdfminer.pdfpage - WARNING - CropBox missing from /Page, defaulting to MediaBox
2025-06-08 14:08:55,091 - pdfminer.pdfpage - WARNING - CropBox missing from /Page, defaulting to MediaBox
2025-06-08 14:08:55,092 - pdfminer.pdfpage - WARNING - CropBox missing from /Page, defaulting to MediaBox
2025-06-08 14:08:55,092 - pdfminer.pdfpage - WARNING - CropBox missing from /Page, defaulting to MediaBox
2025-06-08 14:08:55,092 - pdfminer.pdfpage - WARNING - CropBox missing from /Page, defaulting to MediaBox
2025-06-08 14:08:55,092 - pdfminer.pdfpage - WARNING - CropBox missing from /Page, defaulting to MediaBox
2025-06-08 14:08:55,093 - pdfminer.pdfpage - WARNING - CropBox missing from /Page, defaulting to MediaBox
2025-06-08 14:08:55,093 - pdfminer.pdfpage - WARNING - CropBox missing from /Page, defaulting to MediaBox
2025-06-08 14:08:55,093 - pdfminer.pdfpage - WARNING - CropBox missing from /Page, defaulting to MediaBox
2025-06-08 14:08:55,094 - pdfminer.pdfpage - WARNING - CropBox missing from /Page, defaulting to MediaBox
2025-06-08 14:08:55,094 - pdfminer.pdfpage - WARNING - CropBox missing from /Page, defaulting to MediaBox
2025-06-08 14:08:55,094 - pdfminer.pdfpage - WARNING - CropBox missing from /Page, defaulting to MediaBox
2025-06-08 14:08:55,094 - pdfminer.pdfpage - WARNING - CropBox missing from /Page, defaulting to MediaBox
2025-06-08 14:08:55,095 - pdfminer.pdfpage - WARNING - CropBox missing from /Page, defaulting to MediaBox
2025-06-08 14:08:55,095 - pdfminer.pdfpage - WARNING - CropBox missing from /Page, defaulting to MediaBox
2025-06-08 14:08:55,095 - pdfminer.pdfpage - WARNING - CropBox missing from /Page, defaulting to MediaBox
2025-06-08 14:08:55,095 - pdfminer.pdfpage - WARNING - CropBox missing from /Page, defaulting to MediaBox
2025-06-08 14:08:55,096 - pdfminer.pdfpage - WARNING - CropBox missing from /Page, defaulting to MediaBox
2025-06-08 14:08:55,096 - pdfminer.pdfpage - WARNING - CropBox missing from /Page, defaulting to MediaBox
2025-06-08 14:08:55,096 - pdfminer.pdfpage - WARNING - CropBox missing from /Page, defaulting to MediaBox
2025-06-08 14:08:55,096 - pdfminer.pdfpage - WARNING - CropBox missing from /Page, defaulting to MediaBox
2025-06-08 14:08:55,097 - pdfminer.pdfpage - WARNING - CropBox missing from /Page, defaulting to MediaBox
2025-06-08 14:08:55,097 - pdfminer.pdfpage - WARNING - CropBox missing from /Page, defaulting to MediaBox
2025-06-08 14:08:55,097 - pdfminer.pdfpage - WARNING - CropBox missing from /Page, defaulting to MediaBox
2025-06-08 14:08:55,097 - pdfminer.pdfpage - WARNING - CropBox missing from /Page, defaulting to MediaBox
2025-06-08 14:08:55,098 - pdfminer.pdfpage - WARNING - CropBox missing from /Page, defaulting to MediaBox
2025-06-08 14:08:55,098 - pdfminer.pdfpage - WARNING - CropBox missing from /Page, defaulting to MediaBox
2025-06-08 14:08:55,098 - pdfminer.pdfpage - WARNING - CropBox missing from /Page, defaulting to MediaBox
2025-06-08 14:08:55,098 - pdfminer.pdfpage - WARNING - CropBox missing from /Page, defaulting to MediaBox
2025-06-08 14:08:55,099 - pdfminer.pdfpage - WARNING - CropBox missing from /Page, defaulting to MediaBox
2025-06-08 14:08:55,099 - pdfminer.pdfpage - WARNING - CropBox missing from /Page, defaulting to MediaBox
2025-06-08 14:08:55,099 - pdfminer.pdfpage - WARNING - CropBox missing from /Page, defaulting to MediaBox
2025-06-08 14:08:55,100 - pdfminer.pdfpage - WARNING - CropBox missing from /Page, defaulting to MediaBox
2025-06-08 14:08:55,100 - pdfminer.pdfpage - WARNING - CropBox missing from /Page, defaulting to MediaBox
2025-06-08 14:08:55,100 - pdfminer.pdfpage - WARNING - CropBox missing from /Page, defaulting to MediaBox
2025-06-08 14:08:55,100 - pdfminer.pdfpage - WARNING - CropBox missing from /Page, defaulting to MediaBox
2025-06-08 14:08:55,101 - pdfminer.pdfpage - WARNING - CropBox missing from /Page, defaulting to MediaBox
2025-06-08 14:08:55,101 - pdfminer.pdfpage - WARNING - CropBox missing from /Page, defaulting to MediaBox
2025-06-08 14:08:55,101 - pdfminer.pdfpage - WARNING - CropBox missing from /Page, defaulting to MediaBox
2025-06-08 14:08:55,101 - pdfminer.pdfpage - WARNING - CropBox missing from /Page, defaulting to MediaBox
2025-06-08 14:08:55,101 - pdfminer.pdfpage - WARNING - CropBox missing from /Page, defaulting to MediaBox
2025-06-08 14:08:55,102 - pdfminer.pdfpage - WARNING - CropBox missing from /Page, defaulting to MediaBox
2025-06-08 14:08:55,102 - pdfminer.pdfpage - WARNING - CropBox missing from /Page, defaulting to MediaBox
2025-06-08 14:08:55,102 - pdfminer.pdfpage - WARNING - CropBox missing from /Page, defaulting to MediaBox
2025-06-08 14:08:55,102 - pdfminer.pdfpage - WARNING - CropBox missing from /Page, defaulting to MediaBox
2025-06-08 14:08:55,103 - pdfminer.pdfpage - WARNING - CropBox missing from /Page, defaulting to MediaBox
2025-06-08 14:08:55,103 - pdfminer.pdfpage - WARNING - CropBox missing from /Page, defaulting to MediaBox
2025-06-08 14:08:55,103 - pdfminer.pdfpage - WARNING - CropBox missing from /Page, defaulting to MediaBox
2025-06-08 14:08:55,104 - pdfminer.pdfpage - WARNING - CropBox missing from /Page, defaulting to MediaBox
2025-06-08 14:08:55,104 - pdfminer.pdfpage - WARNING - CropBox missing from /Page, defaulting to MediaBox
2025-06-08 14:08:55,104 - pdfminer.pdfpage - WARNING - CropBox missing from /Page, defaulting to MediaBox
2025-06-08 14:08:55,104 - pdfminer.pdfpage - WARNING - CropBox missing from /Page, defaulting to MediaBox
2025-06-08 14:08:55,105 - pdfminer.pdfpage - WARNING - CropBox missing from /Page, defaulting to MediaBox
2025-06-08 14:08:55,105 - pdfminer.pdfpage - WARNING - CropBox missing from /Page, defaulting to MediaBox
2025-06-08 14:08:55,105 - pdfminer.pdfpage - WARNING - CropBox missing from /Page, defaulting to MediaBox
2025-06-08 14:08:55,105 - pdfminer.pdfpage - WARNING - CropBox missing from /Page, defaulting to MediaBox
2025-06-08 14:08:55,106 - pdfminer.pdfpage - WARNING - CropBox missing from /Page, defaulting to MediaBox
2025-06-08 14:08:55,106 - pdfminer.pdfpage - WARNING - CropBox missing from /Page, defaulting to MediaBox
2025-06-08 14:08:55,106 - pdfminer.pdfpage - WARNING - CropBox missing from /Page, defaulting to MediaBox
2025-06-08 14:08:55,106 - pdfminer.pdfpage - WARNING - CropBox missing from /Page, defaulting to MediaBox
2025-06-08 14:08:55,107 - pdfminer.pdfpage - WARNING - CropBox missing from /Page, defaulting to MediaBox
2025-06-08 14:08:55,107 - pdfminer.pdfpage - WARNING - CropBox missing from /Page, defaulting to MediaBox
2025-06-08 14:08:55,107 - pdfminer.pdfpage - WARNING - CropBox missing from /Page, defaulting to MediaBox
2025-06-08 14:08:55,107 - pdfminer.pdfpage - WARNING - CropBox missing from /Page, defaulting to MediaBox
2025-06-08 14:08:55,108 - pdfminer.pdfpage - WARNING - CropBox missing from /Page, defaulting to MediaBox
2025-06-08 14:08:55,108 - pdfminer.pdfpage - WARNING - CropBox missing from /Page, defaulting to MediaBox
2025-06-08 14:08:55,108 - pdfminer.pdfpage - WARNING - CropBox missing from /Page, defaulting to MediaBox
2025-06-08 14:08:55,108 - pdfminer.pdfpage - WARNING - CropBox missing from /Page, defaulting to MediaBox
2025-06-08 14:08:55,109 - pdfminer.pdfpage - WARNING - CropBox missing from /Page, defaulting to MediaBox
2025-06-08 14:08:55,109 - pdfminer.pdfpage - WARNING - CropBox missing from /Page, defaulting to MediaBox
2025-06-08 14:08:55,109 - pdfminer.pdfpage - WARNING - CropBox missing from /Page, defaulting to MediaBox
2025-06-08 14:08:55,110 - pdfminer.pdfpage - WARNING - CropBox missing from /Page, defaulting to MediaBox
2025-06-08 14:08:55,110 - pdfminer.pdfpage - WARNING - CropBox missing from /Page, defaulting to MediaBox
2025-06-08 14:08:55,110 - pdfminer.pdfpage - WARNING - CropBox missing from /Page, defaulting to MediaBox
2025-06-08 14:08:55,110 - pdfminer.pdfpage - WARNING - CropBox missing from /Page, defaulting to MediaBox
2025-06-08 14:08:55,111 - pdfminer.pdfpage - WARNING - CropBox missing from /Page, defaulting to MediaBox
2025-06-08 14:08:55,111 - pdfminer.pdfpage - WARNING - CropBox missing from /Page, defaulting to MediaBox
2025-06-08 14:08:55,111 - pdfminer.pdfpage - WARNING - CropBox missing from /Page, defaulting to MediaBox
2025-06-08 14:08:55,111 - pdfminer.pdfpage - WARNING - CropBox missing from /Page, defaulting to MediaBox
2025-06-08 14:08:55,111 - pdfminer.pdfpage - WARNING - CropBox missing from /Page, defaulting to MediaBox
2025-06-08 14:08:55,112 - pdfminer.pdfpage - WARNING - CropBox missing from /Page, defaulting to MediaBox
2025-06-08 14:08:55,112 - pdfminer.pdfpage - WARNING - CropBox missing from /Page, defaulting to MediaBox
2025-06-08 14:08:55,112 - pdfminer.pdfpage - WARNING - CropBox missing from /Page, defaulting to MediaBox
2025-06-08 14:08:55,112 - pdfminer.pdfpage - WARNING - CropBox missing from /Page, defaulting to MediaBox
2025-06-08 14:08:55,112 - pdfminer.pdfpage - WARNING - CropBox missing from /Page, defaulting to MediaBox
2025-06-08 14:08:55,113 - pdfminer.pdfpage - WARNING - CropBox missing from /Page, defaulting to MediaBox
2025-06-08 14:08:55,113 - pdfminer.pdfpage - WARNING - CropBox missing from /Page, defaulting to MediaBox
2025-06-08 14:08:55,113 - pdfminer.pdfpage - WARNING - CropBox missing from /Page, defaulting to MediaBox
2025-06-08 14:08:55,113 - pdfminer.pdfpage - WARNING - CropBox missing from /Page, defaulting to MediaBox
2025-06-08 14:08:55,114 - pdfminer.pdfpage - WARNING - CropBox missing from /Page, defaulting to MediaBox
2025-06-08 14:08:55,114 - pdfminer.pdfpage - WARNING - CropBox missing from /Page, defaulting to MediaBox
2025-06-08 14:08:55,115 - pdfminer.pdfpage - WARNING - CropBox missing from /Page, defaulting to MediaBox
2025-06-08 14:08:55,116 - pdfminer.pdfpage - WARNING - CropBox missing from /Page, defaulting to MediaBox
2025-06-08 14:08:55,116 - pdfminer.pdfpage - WARNING - CropBox missing from /Page, defaulting to MediaBox
2025-06-08 14:08:55,116 - pdfminer.pdfpage - WARNING - CropBox missing from /Page, defaulting to MediaBox
2025-06-08 14:08:55,117 - pdfminer.pdfpage - WARNING - CropBox missing from /Page, defaulting to MediaBox
2025-06-08 14:08:55,117 - pdfminer.pdfpage - WARNING - CropBox missing from /Page, defaulting to MediaBox
2025-06-08 14:08:55,117 - pdfminer.pdfpage - WARNING - CropBox missing from /Page, defaulting to MediaBox
2025-06-08 14:08:55,117 - pdfminer.pdfpage - WARNING - CropBox missing from /Page, defaulting to MediaBox
2025-06-08 14:08:55,118 - pdfminer.pdfpage - WARNING - CropBox missing from /Page, defaulting to MediaBox
2025-06-08 14:08:55,118 - pdfminer.pdfpage - WARNING - CropBox missing from /Page, defaulting to MediaBox
2025-06-08 14:08:55,118 - pdfminer.pdfpage - WARNING - CropBox missing from /Page, defaulting to MediaBox
2025-06-08 14:08:55,118 - pdfminer.pdfpage - WARNING - CropBox missing from /Page, defaulting to MediaBox
2025-06-08 14:08:55,119 - pdfminer.pdfpage - WARNING - CropBox missing from /Page, defaulting to MediaBox
2025-06-08 14:08:55,119 - pdfminer.pdfpage - WARNING - CropBox missing from /Page, defaulting to MediaBox
2025-06-08 14:08:55,119 - pdfminer.pdfpage - WARNING - CropBox missing from /Page, defaulting to MediaBox
2025-06-08 14:08:55,119 - pdfminer.pdfpage - WARNING - CropBox missing from /Page, defaulting to MediaBox
2025-06-08 14:08:55,119 - pdfminer.pdfpage - WARNING - CropBox missing from /Page, defaulting to MediaBox
2025-06-08 14:08:55,120 - pdfminer.pdfpage - WARNING - CropBox missing from /Page, defaulting to MediaBox
2025-06-08 14:08:55,120 - pdfminer.pdfpage - WARNING - CropBox missing from /Page, defaulting to MediaBox
2025-06-08 14:08:55,120 - pdfminer.pdfpage - WARNING - CropBox missing from /Page, defaulting to MediaBox
2025-06-08 14:08:55,120 - pdfminer.pdfpage - WARNING - CropBox missing from /Page, defaulting to MediaBox
2025-06-08 14:08:55,120 - pdfminer.pdfpage - WARNING - CropBox missing from /Page, defaulting to MediaBox
2025-06-08 14:08:55,121 - pdfminer.pdfpage - WARNING - CropBox missing from /Page, defaulting to MediaBox
2025-06-08 14:08:55,121 - pdfminer.pdfpage - WARNING - CropBox missing from /Page, defaulting to MediaBox
2025-06-08 14:08:55,121 - pdfminer.pdfpage - WARNING - CropBox missing from /Page, defaulting to MediaBox
2025-06-08 14:08:55,121 - pdfminer.pdfpage - WARNING - CropBox missing from /Page, defaulting to MediaBox
2025-06-08 14:08:55,121 - pdfminer.pdfpage - WARNING - CropBox missing from /Page, defaulting to MediaBox
2025-06-08 14:08:55,122 - pdfminer.pdfpage - WARNING - CropBox missing from /Page, defaulting to MediaBox
2025-06-08 14:08:55,122 - pdfminer.pdfpage - WARNING - CropBox missing from /Page, defaulting to MediaBox
2025-06-08 14:08:55,122 - pdfminer.pdfpage - WARNING - CropBox missing from /Page, defaulting to MediaBox
2025-06-08 14:08:55,122 - pdfminer.pdfpage - WARNING - CropBox missing from /Page, defaulting to MediaBox
2025-06-08 14:08:55,122 - pdfminer.pdfpage - WARNING - CropBox missing from /Page, defaulting to MediaBox
2025-06-08 14:08:55,123 - pdfminer.pdfpage - WARNING - CropBox missing from /Page, defaulting to MediaBox
2025-06-08 14:08:55,123 - pdfminer.pdfpage - WARNING - CropBox missing from /Page, defaulting to MediaBox
2025-06-08 14:08:55,123 - pdfminer.pdfpage - WARNING - CropBox missing from /Page, defaulting to MediaBox
2025-06-08 14:08:55,123 - pdfminer.pdfpage - WARNING - CropBox missing from /Page, defaulting to MediaBox
2025-06-08 14:08:55,124 - pdfminer.pdfpage - WARNING - CropBox missing from /Page, defaulting to MediaBox
2025-06-08 14:08:55,124 - pdfminer.pdfpage - WARNING - CropBox missing from /Page, defaulting to MediaBox
2025-06-08 14:08:55,124 - pdfminer.pdfpage - WARNING - CropBox missing from /Page, defaulting to MediaBox
2025-06-08 14:08:55,124 - pdfminer.pdfpage - WARNING - CropBox missing from /Page, defaulting to MediaBox
2025-06-08 14:08:55,124 - pdfminer.pdfpage - WARNING - CropBox missing from /Page, defaulting to MediaBox
2025-06-08 14:08:55,125 - pdfminer.pdfpage - WARNING - CropBox missing from /Page, defaulting to MediaBox
2025-06-08 14:08:55,125 - pdfminer.pdfpage - WARNING - CropBox missing from /Page, defaulting to MediaBox
2025-06-08 14:08:55,125 - pdfminer.pdfpage - WARNING - CropBox missing from /Page, defaulting to MediaBox
2025-06-08 14:08:55,126 - pdfminer.pdfpage - WARNING - CropBox missing from /Page, defaulting to MediaBox
2025-06-08 14:08:55,126 - pdfminer.pdfpage - WARNING - CropBox missing from /Page, defaulting to MediaBox
2025-06-08 14:08:55,126 - pdfminer.pdfpage - WARNING - CropBox missing from /Page, defaulting to MediaBox
2025-06-08 14:08:55,127 - pdfminer.pdfpage - WARNING - CropBox missing from /Page, defaulting to MediaBox
2025-06-08 14:08:55,127 - pdfminer.pdfpage - WARNING - CropBox missing from /Page, defaulting to MediaBox
2025-06-08 14:08:55,127 - pdfminer.pdfpage - WARNING - CropBox missing from /Page, defaulting to MediaBox
2025-06-08 14:08:55,127 - pdfminer.pdfpage - WARNING - CropBox missing from /Page, defaulting to MediaBox
2025-06-08 14:08:55,128 - pdfminer.pdfpage - WARNING - CropBox missing from /Page, defaulting to MediaBox
2025-06-08 14:08:55,128 - pdfminer.pdfpage - WARNING - CropBox missing from /Page, defaulting to MediaBox
2025-06-08 14:08:55,128 - pdfminer.pdfpage - WARNING - CropBox missing from /Page, defaulting to MediaBox
2025-06-08 14:08:55,128 - pdfminer.pdfpage - WARNING - CropBox missing from /Page, defaulting to MediaBox
2025-06-08 14:08:55,129 - pdfminer.pdfpage - WARNING - CropBox missing from /Page, defaulting to MediaBox
2025-06-08 14:08:55,129 - pdfminer.pdfpage - WARNING - CropBox missing from /Page, defaulting to MediaBox
2025-06-08 14:08:55,129 - pdfminer.pdfpage - WARNING - CropBox missing from /Page, defaulting to MediaBox
2025-06-08 14:08:55,129 - pdfminer.pdfpage - WARNING - CropBox missing from /Page, defaulting to MediaBox
2025-06-08 14:08:55,129 - pdfminer.pdfpage - WARNING - CropBox missing from /Page, defaulting to MediaBox
2025-06-08 14:08:55,130 - pdfminer.pdfpage - WARNING - CropBox missing from /Page, defaulting to MediaBox
2025-06-08 14:08:55,130 - pdfminer.pdfpage - WARNING - CropBox missing from /Page, defaulting to MediaBox
2025-06-08 14:08:55,130 - pdfminer.pdfpage - WARNING - CropBox missing from /Page, defaulting to MediaBox
2025-06-08 14:08:55,130 - pdfminer.pdfpage - WARNING - CropBox missing from /Page, defaulting to MediaBox
2025-06-08 14:08:55,131 - pdfminer.pdfpage - WARNING - CropBox missing from /Page, defaulting to MediaBox
2025-06-08 14:08:55,131 - pdfminer.pdfpage - WARNING - CropBox missing from /Page, defaulting to MediaBox
2025-06-08 14:08:55,131 - pdfminer.pdfpage - WARNING - CropBox missing from /Page, defaulting to MediaBox
2025-06-08 14:08:55,131 - pdfminer.pdfpage - WARNING - CropBox missing from /Page, defaulting to MediaBox
2025-06-08 14:08:55,131 - pdfminer.pdfpage - WARNING - CropBox missing from /Page, defaulting to MediaBox
2025-06-08 14:08:55,132 - pdfminer.pdfpage - WARNING - CropBox missing from /Page, defaulting to MediaBox
2025-06-08 14:08:55,132 - pdfminer.pdfpage - WARNING - CropBox missing from /Page, defaulting to MediaBox
2025-06-08 14:08:55,132 - pdfminer.pdfpage - WARNING - CropBox missing from /Page, defaulting to MediaBox
2025-06-08 14:08:55,132 - pdfminer.pdfpage - WARNING - CropBox missing from /Page, defaulting to MediaBox
2025-06-08 14:08:55,132 - pdfminer.pdfpage - WARNING - CropBox missing from /Page, defaulting to MediaBox
2025-06-08 14:08:55,133 - pdfminer.pdfpage - WARNING - CropBox missing from /Page, defaulting to MediaBox
2025-06-08 14:08:55,133 - pdfminer.pdfpage - WARNING - CropBox missing from /Page, defaulting to MediaBox
2025-06-08 14:08:55,133 - pdfminer.pdfpage - WARNING - CropBox missing from /Page, defaulting to MediaBox
2025-06-08 14:08:55,133 - pdfminer.pdfpage - WARNING - CropBox missing from /Page, defaulting to MediaBox
2025-06-08 14:08:55,134 - pdfminer.pdfpage - WARNING - CropBox missing from /Page, defaulting to MediaBox
2025-06-08 14:08:55,134 - pdfminer.pdfpage - WARNING - CropBox missing from /Page, defaulting to MediaBox
2025-06-08 14:08:55,134 - pdfminer.pdfpage - WARNING - CropBox missing from /Page, defaulting to MediaBox
2025-06-08 14:08:55,134 - pdfminer.pdfpage - WARNING - CropBox missing from /Page, defaulting to MediaBox
2025-06-08 14:08:55,134 - pdfminer.pdfpage - WARNING - CropBox missing from /Page, defaulting to MediaBox
2025-06-08 14:08:55,135 - pdfminer.pdfpage - WARNING - CropBox missing from /Page, defaulting to MediaBox
2025-06-08 14:08:55,135 - pdfminer.pdfpage - WARNING - CropBox missing from /Page, defaulting to MediaBox
2025-06-08 14:08:55,135 - pdfminer.pdfpage - WARNING - CropBox missing from /Page, defaulting to MediaBox
2025-06-08 14:08:55,136 - pdfminer.pdfpage - WARNING - CropBox missing from /Page, defaulting to MediaBox
2025-06-08 14:08:55,136 - pdfminer.pdfpage - WARNING - CropBox missing from /Page, defaulting to MediaBox
2025-06-08 14:08:55,136 - pdfminer.pdfpage - WARNING - CropBox missing from /Page, defaulting to MediaBox
2025-06-08 14:08:55,136 - pdfminer.pdfpage - WARNING - CropBox missing from /Page, defaulting to MediaBox
2025-06-08 14:08:55,136 - pdfminer.pdfpage - WARNING - CropBox missing from /Page, defaulting to MediaBox
2025-06-08 14:08:55,137 - pdfminer.pdfpage - WARNING - CropBox missing from /Page, defaulting to MediaBox
2025-06-08 14:08:55,137 - pdfminer.pdfpage - WARNING - CropBox missing from /Page, defaulting to MediaBox
2025-06-08 14:08:55,137 - pdfminer.pdfpage - WARNING - CropBox missing from /Page, defaulting to MediaBox
2025-06-08 14:08:55,137 - pdfminer.pdfpage - WARNING - CropBox missing from /Page, defaulting to MediaBox
2025-06-08 14:08:55,138 - pdfminer.pdfpage - WARNING - CropBox missing from /Page, defaulting to MediaBox
2025-06-08 14:08:55,138 - pdfminer.pdfpage - WARNING - CropBox missing from /Page, defaulting to MediaBox
2025-06-08 14:08:55,138 - pdfminer.pdfpage - WARNING - CropBox missing from /Page, defaulting to MediaBox
2025-06-08 14:08:55,138 - pdfminer.pdfpage - WARNING - CropBox missing from /Page, defaulting to MediaBox
2025-06-08 14:08:55,139 - pdfminer.pdfpage - WARNING - CropBox missing from /Page, defaulting to MediaBox
2025-06-08 14:08:55,139 - pdfminer.pdfpage - WARNING - CropBox missing from /Page, defaulting to MediaBox
2025-06-08 14:08:55,141 - pdfminer.pdfpage - WARNING - CropBox missing from /Page, defaulting to MediaBox
2025-06-08 14:08:55,141 - pdfminer.pdfpage - WARNING - CropBox missing from /Page, defaulting to MediaBox
2025-06-08 14:08:55,142 - pdfminer.pdfpage - WARNING - CropBox missing from /Page, defaulting to MediaBox
2025-06-08 14:08:55,142 - pdfminer.pdfpage - WARNING - CropBox missing from /Page, defaulting to MediaBox
2025-06-08 14:08:55,142 - pdfminer.pdfpage - WARNING - CropBox missing from /Page, defaulting to MediaBox
2025-06-08 14:08:55,143 - pdfminer.pdfpage - WARNING - CropBox missing from /Page, defaulting to MediaBox
2025-06-08 14:08:55,143 - pdfminer.pdfpage - WARNING - CropBox missing from /Page, defaulting to MediaBox
2025-06-08 14:08:55,169 - pdfminer.pdfpage - WARNING - CropBox missing from /Page, defaulting to MediaBox
2025-06-08 14:08:55,169 - pdfminer.pdfpage - WARNING - CropBox missing from /Page, defaulting to MediaBox
2025-06-08 14:08:55,170 - pdfminer.pdfpage - WARNING - CropBox missing from /Page, defaulting to MediaBox
2025-06-08 14:08:55,170 - pdfminer.pdfpage - WARNING - CropBox missing from /Page, defaulting to MediaBox
2025-06-08 14:08:55,170 - pdfminer.pdfpage - WARNING - CropBox missing from /Page, defaulting to MediaBox
2025-06-08 14:08:55,170 - pdfminer.pdfpage - WARNING - CropBox missing from /Page, defaulting to MediaBox
2025-06-08 14:08:55,171 - pdfminer.pdfpage - WARNING - CropBox missing from /Page, defaulting to MediaBox
2025-06-08 14:08:55,171 - pdfminer.pdfpage - WARNING - CropBox missing from /Page, defaulting to MediaBox
2025-06-08 14:08:55,172 - pdfminer.pdfpage - WARNING - CropBox missing from /Page, defaulting to MediaBox
2025-06-08 14:08:55,172 - pdfminer.pdfpage - WARNING - CropBox missing from /Page, defaulting to MediaBox
2025-06-08 14:08:55,172 - pdfminer.pdfpage - WARNING - CropBox missing from /Page, defaulting to MediaBox
2025-06-08 14:08:55,172 - pdfminer.pdfpage - WARNING - CropBox missing from /Page, defaulting to MediaBox
2025-06-08 14:08:55,173 - pdfminer.pdfpage - WARNING - CropBox missing from /Page, defaulting to MediaBox
2025-06-08 14:08:55,173 - pdfminer.pdfpage - WARNING - CropBox missing from /Page, defaulting to MediaBox
2025-06-08 14:08:55,173 - pdfminer.pdfpage - WARNING - CropBox missing from /Page, defaulting to MediaBox
2025-06-08 14:08:55,174 - pdfminer.pdfpage - WARNING - CropBox missing from /Page, defaulting to MediaBox
2025-06-08 14:08:55,174 - pdfminer.pdfpage - WARNING - CropBox missing from /Page, defaulting to MediaBox
2025-06-08 14:08:55,174 - pdfminer.pdfpage - WARNING - CropBox missing from /Page, defaulting to MediaBox
2025-06-08 14:08:55,174 - pdfminer.pdfpage - WARNING - CropBox missing from /Page, defaulting to MediaBox
2025-06-08 14:08:55,175 - pdfminer.pdfpage - WARNING - CropBox missing from /Page, defaulting to MediaBox
2025-06-08 14:08:55,175 - pdfminer.pdfpage - WARNING - CropBox missing from /Page, defaulting to MediaBox
2025-06-08 14:08:55,175 - pdfminer.pdfpage - WARNING - CropBox missing from /Page, defaulting to MediaBox
2025-06-08 14:08:55,176 - pdfminer.pdfpage - WARNING - CropBox missing from /Page, defaulting to MediaBox
2025-06-08 14:08:55,176 - pdfminer.pdfpage - WARNING - CropBox missing from /Page, defaulting to MediaBox
2025-06-08 14:08:55,176 - pdfminer.pdfpage - WARNING - CropBox missing from /Page, defaulting to MediaBox
2025-06-08 14:08:55,176 - pdfminer.pdfpage - WARNING - CropBox missing from /Page, defaulting to MediaBox
2025-06-08 14:08:55,177 - pdfminer.pdfpage - WARNING - CropBox missing from /Page, defaulting to MediaBox
2025-06-08 14:08:55,177 - pdfminer.pdfpage - WARNING - CropBox missing from /Page, defaulting to MediaBox
2025-06-08 14:08:55,177 - pdfminer.pdfpage - WARNING - CropBox missing from /Page, defaulting to MediaBox
2025-06-08 14:08:55,178 - pdfminer.pdfpage - WARNING - CropBox missing from /Page, defaulting to MediaBox
2025-06-08 14:08:55,178 - pdfminer.pdfpage - WARNING - CropBox missing from /Page, defaulting to MediaBox
2025-06-08 14:08:55,178 - pdfminer.pdfpage - WARNING - CropBox missing from /Page, defaulting to MediaBox
2025-06-08 14:08:55,178 - pdfminer.pdfpage - WARNING - CropBox missing from /Page, defaulting to MediaBox
2025-06-08 14:08:55,179 - pdfminer.pdfpage - WARNING - CropBox missing from /Page, defaulting to MediaBox
2025-06-08 14:08:55,179 - pdfminer.pdfpage - WARNING - CropBox missing from /Page, defaulting to MediaBox
2025-06-08 14:08:55,179 - pdfminer.pdfpage - WARNING - CropBox missing from /Page, defaulting to MediaBox
2025-06-08 14:08:55,179 - pdfminer.pdfpage - WARNING - CropBox missing from /Page, defaulting to MediaBox
2025-06-08 14:08:55,180 - pdfminer.pdfpage - WARNING - CropBox missing from /Page, defaulting to MediaBox
2025-06-08 14:08:55,180 - pdfminer.pdfpage - WARNING - CropBox missing from /Page, defaulting to MediaBox
2025-06-08 14:08:55,180 - pdfminer.pdfpage - WARNING - CropBox missing from /Page, defaulting to MediaBox
2025-06-08 14:08:55,181 - pdfminer.pdfpage - WARNING - CropBox missing from /Page, defaulting to MediaBox
2025-06-08 14:08:55,181 - pdfminer.pdfpage - WARNING - CropBox missing from /Page, defaulting to MediaBox
2025-06-08 14:08:55,181 - pdfminer.pdfpage - WARNING - CropBox missing from /Page, defaulting to MediaBox
2025-06-08 14:08:55,181 - pdfminer.pdfpage - WARNING - CropBox missing from /Page, defaulting to MediaBox
2025-06-08 14:08:55,182 - pdfminer.pdfpage - WARNING - CropBox missing from /Page, defaulting to MediaBox
2025-06-08 14:08:55,182 - pdfminer.pdfpage - WARNING - CropBox missing from /Page, defaulting to MediaBox
2025-06-08 14:08:55,182 - pdfminer.pdfpage - WARNING - CropBox missing from /Page, defaulting to MediaBox
2025-06-08 14:08:55,182 - pdfminer.pdfpage - WARNING - CropBox missing from /Page, defaulting to MediaBox
2025-06-08 14:08:55,183 - pdfminer.pdfpage - WARNING - CropBox missing from /Page, defaulting to MediaBox
2025-06-08 14:08:55,183 - pdfminer.pdfpage - WARNING - CropBox missing from /Page, defaulting to MediaBox
2025-06-08 14:08:55,183 - pdfminer.pdfpage - WARNING - CropBox missing from /Page, defaulting to MediaBox
2025-06-08 14:08:55,184 - pdfminer.pdfpage - WARNING - CropBox missing from /Page, defaulting to MediaBox
2025-06-08 14:08:55,184 - pdfminer.pdfpage - WARNING - CropBox missing from /Page, defaulting to MediaBox
2025-06-08 14:08:55,184 - pdfminer.pdfpage - WARNING - CropBox missing from /Page, defaulting to MediaBox
2025-06-08 14:08:55,184 - pdfminer.pdfpage - WARNING - CropBox missing from /Page, defaulting to MediaBox
2025-06-08 14:08:55,185 - pdfminer.pdfpage - WARNING - CropBox missing from /Page, defaulting to MediaBox
2025-06-08 14:08:55,185 - pdfminer.pdfpage - WARNING - CropBox missing from /Page, defaulting to MediaBox
2025-06-08 14:08:55,185 - pdfminer.pdfpage - WARNING - CropBox missing from /Page, defaulting to MediaBox
2025-06-08 14:08:55,186 - pdfminer.pdfpage - WARNING - CropBox missing from /Page, defaulting to MediaBox
2025-06-08 14:08:55,186 - pdfminer.pdfpage - WARNING - CropBox missing from /Page, defaulting to MediaBox
2025-06-08 14:08:55,186 - pdfminer.pdfpage - WARNING - CropBox missing from /Page, defaulting to MediaBox
2025-06-08 14:08:55,186 - pdfminer.pdfpage - WARNING - CropBox missing from /Page, defaulting to MediaBox
2025-06-08 14:08:55,187 - pdfminer.pdfpage - WARNING - CropBox missing from /Page, defaulting to MediaBox
2025-06-08 14:08:55,187 - pdfminer.pdfpage - WARNING - CropBox missing from /Page, defaulting to MediaBox
2025-06-08 14:08:55,187 - pdfminer.pdfpage - WARNING - CropBox missing from /Page, defaulting to MediaBox
2025-06-08 14:08:55,187 - pdfminer.pdfpage - WARNING - CropBox missing from /Page, defaulting to MediaBox
2025-06-08 14:08:55,188 - pdfminer.pdfpage - WARNING - CropBox missing from /Page, defaulting to MediaBox
2025-06-08 14:08:55,188 - pdfminer.pdfpage - WARNING - CropBox missing from /Page, defaulting to MediaBox
2025-06-08 14:08:55,188 - pdfminer.pdfpage - WARNING - CropBox missing from /Page, defaulting to MediaBox
2025-06-08 14:08:55,189 - pdfminer.pdfpage - WARNING - CropBox missing from /Page, defaulting to MediaBox
2025-06-08 14:08:55,189 - pdfminer.pdfpage - WARNING - CropBox missing from /Page, defaulting to MediaBox
2025-06-08 14:08:55,189 - pdfminer.pdfpage - WARNING - CropBox missing from /Page, defaulting to MediaBox
2025-06-08 14:08:55,189 - pdfminer.pdfpage - WARNING - CropBox missing from /Page, defaulting to MediaBox
2025-06-08 14:08:55,190 - pdfminer.pdfpage - WARNING - CropBox missing from /Page, defaulting to MediaBox
2025-06-08 14:08:55,190 - pdfminer.pdfpage - WARNING - CropBox missing from /Page, defaulting to MediaBox
2025-06-08 14:08:55,190 - pdfminer.pdfpage - WARNING - CropBox missing from /Page, defaulting to MediaBox
2025-06-08 14:08:55,190 - pdfminer.pdfpage - WARNING - CropBox missing from /Page, defaulting to MediaBox
2025-06-08 14:08:55,190 - pdfminer.pdfpage - WARNING - CropBox missing from /Page, defaulting to MediaBox
2025-06-08 14:08:55,191 - pdfminer.pdfpage - WARNING - CropBox missing from /Page, defaulting to MediaBox
2025-06-08 14:08:55,191 - pdfminer.pdfpage - WARNING - CropBox missing from /Page, defaulting to MediaBox
2025-06-08 14:08:55,191 - pdfminer.pdfpage - WARNING - CropBox missing from /Page, defaulting to MediaBox
2025-06-08 14:08:55,191 - pdfminer.pdfpage - WARNING - CropBox missing from /Page, defaulting to MediaBox
2025-06-08 14:08:55,192 - pdfminer.pdfpage - WARNING - CropBox missing from /Page, defaulting to MediaBox
2025-06-08 14:08:55,192 - pdfminer.pdfpage - WARNING - CropBox missing from /Page, defaulting to MediaBox
2025-06-08 14:08:55,192 - pdfminer.pdfpage - WARNING - CropBox missing from /Page, defaulting to MediaBox
2025-06-08 14:08:55,192 - pdfminer.pdfpage - WARNING - CropBox missing from /Page, defaulting to MediaBox
2025-06-08 14:08:55,193 - pdfminer.pdfpage - WARNING - CropBox missing from /Page, defaulting to MediaBox
2025-06-08 14:08:55,193 - pdfminer.pdfpage - WARNING - CropBox missing from /Page, defaulting to MediaBox
2025-06-08 14:08:55,193 - pdfminer.pdfpage - WARNING - CropBox missing from /Page, defaulting to MediaBox
2025-06-08 14:08:55,194 - pdfminer.pdfpage - WARNING - CropBox missing from /Page, defaulting to MediaBox
2025-06-08 14:08:55,194 - pdfminer.pdfpage - WARNING - CropBox missing from /Page, defaulting to MediaBox
2025-06-08 14:08:55,194 - pdfminer.pdfpage - WARNING - CropBox missing from /Page, defaulting to MediaBox
2025-06-08 14:08:55,194 - pdfminer.pdfpage - WARNING - CropBox missing from /Page, defaulting to MediaBox
2025-06-08 14:08:55,195 - pdfminer.pdfpage - WARNING - CropBox missing from /Page, defaulting to MediaBox
2025-06-08 14:08:55,195 - pdfminer.pdfpage - WARNING - CropBox missing from /Page, defaulting to MediaBox
2025-06-08 14:08:55,195 - pdfminer.pdfpage - WARNING - CropBox missing from /Page, defaulting to MediaBox
2025-06-08 14:08:55,195 - pdfminer.pdfpage - WARNING - CropBox missing from /Page, defaulting to MediaBox
2025-06-08 14:08:55,196 - pdfminer.pdfpage - WARNING - CropBox missing from /Page, defaulting to MediaBox
2025-06-08 14:08:55,196 - pdfminer.pdfpage - WARNING - CropBox missing from /Page, defaulting to MediaBox
2025-06-08 14:08:55,196 - pdfminer.pdfpage - WARNING - CropBox missing from /Page, defaulting to MediaBox
2025-06-08 14:08:55,196 - pdfminer.pdfpage - WARNING - CropBox missing from /Page, defaulting to MediaBox
2025-06-08 14:08:55,197 - pdfminer.pdfpage - WARNING - CropBox missing from /Page, defaulting to MediaBox
2025-06-08 14:08:55,197 - pdfminer.pdfpage - WARNING - CropBox missing from /Page, defaulting to MediaBox
2025-06-08 14:08:55,197 - pdfminer.pdfpage - WARNING - CropBox missing from /Page, defaulting to MediaBox
2025-06-08 14:08:55,197 - pdfminer.pdfpage - WARNING - CropBox missing from /Page, defaulting to MediaBox
2025-06-08 14:08:55,198 - pdfminer.pdfpage - WARNING - CropBox missing from /Page, defaulting to MediaBox
2025-06-08 14:08:55,198 - pdfminer.pdfpage - WARNING - CropBox missing from /Page, defaulting to MediaBox
2025-06-08 14:08:55,198 - pdfminer.pdfpage - WARNING - CropBox missing from /Page, defaulting to MediaBox
2025-06-08 14:08:55,198 - pdfminer.pdfpage - WARNING - CropBox missing from /Page, defaulting to MediaBox
2025-06-08 14:08:55,199 - pdfminer.pdfpage - WARNING - CropBox missing from /Page, defaulting to MediaBox
2025-06-08 14:08:55,199 - pdfminer.pdfpage - WARNING - CropBox missing from /Page, defaulting to MediaBox
2025-06-08 14:08:55,199 - pdfminer.pdfpage - WARNING - CropBox missing from /Page, defaulting to MediaBox
2025-06-08 14:08:55,199 - pdfminer.pdfpage - WARNING - CropBox missing from /Page, defaulting to MediaBox
2025-06-08 14:08:55,200 - pdfminer.pdfpage - WARNING - CropBox missing from /Page, defaulting to MediaBox
2025-06-08 14:08:55,200 - pdfminer.pdfpage - WARNING - CropBox missing from /Page, defaulting to MediaBox
2025-06-08 14:08:55,201 - pdfminer.pdfpage - WARNING - CropBox missing from /Page, defaulting to MediaBox
2025-06-08 14:08:55,201 - pdfminer.pdfpage - WARNING - CropBox missing from /Page, defaulting to MediaBox
2025-06-08 14:08:55,202 - pdfminer.pdfpage - WARNING - CropBox missing from /Page, defaulting to MediaBox
2025-06-08 14:08:55,202 - pdfminer.pdfpage - WARNING - CropBox missing from /Page, defaulting to MediaBox
2025-06-08 14:08:55,202 - pdfminer.pdfpage - WARNING - CropBox missing from /Page, defaulting to MediaBox
2025-06-08 14:08:55,202 - pdfminer.pdfpage - WARNING - CropBox missing from /Page, defaulting to MediaBox
2025-06-08 14:08:55,203 - pdfminer.pdfpage - WARNING - CropBox missing from /Page, defaulting to MediaBox
2025-06-08 14:08:55,203 - pdfminer.pdfpage - WARNING - CropBox missing from /Page, defaulting to MediaBox
2025-06-08 14:08:55,203 - pdfminer.pdfpage - WARNING - CropBox missing from /Page, defaulting to MediaBox
2025-06-08 14:08:55,204 - pdfminer.pdfpage - WARNING - CropBox missing from /Page, defaulting to MediaBox
2025-06-08 14:08:55,204 - pdfminer.pdfpage - WARNING - CropBox missing from /Page, defaulting to MediaBox
2025-06-08 14:08:55,204 - pdfminer.pdfpage - WARNING - CropBox missing from /Page, defaulting to MediaBox
2025-06-08 14:08:55,204 - pdfminer.pdfpage - WARNING - CropBox missing from /Page, defaulting to MediaBox
2025-06-08 14:08:55,205 - pdfminer.pdfpage - WARNING - CropBox missing from /Page, defaulting to MediaBox
2025-06-08 14:08:55,205 - pdfminer.pdfpage - WARNING - CropBox missing from /Page, defaulting to MediaBox
2025-06-08 14:08:55,206 - pdf_extractor - INFO - Processando 333 páginas do PDF
2025-06-08 14:08:55,245 - pdf_extractor - INFO - Competência encontrada na página 2 com padrão 4: 04/2025
2025-06-08 14:08:55,248 - pdf_extractor - INFO - Encontrado padrão específico 04/2025 no texto
2025-06-08 14:08:55,248 - pdf_extractor - INFO - Competência encontrada no texto: 04/2025
2025-06-08 14:08:55,249 - pdf_extractor - WARNING - Nenhum dado extraído do texto na página 2
2025-06-08 14:08:55,460 - pdf_extractor - INFO - Competência encontrada na página 3 com padrão 1: 01/2022
2025-06-08 14:08:55,543 - pdf_extractor - INFO - Extraídos 33 registros das tabelas na página 3
2025-06-08 14:08:55,749 - pdf_extractor - INFO - Competência encontrada na página 4 com padrão 1: 01/2022
2025-06-08 14:08:55,833 - pdf_extractor - INFO - Encontrado tomador '50 BATALHÃO DE INFANTARIA': 50 BATALHÃO DE INFANTARIA DE
2025-06-08 14:08:55,834 - pdf_extractor - INFO - Encontrado tomador '50 BATALHÃO DE INFANTARIA': 50 BATALHÃO DE INFANTARIA DE
2025-06-08 14:08:55,834 - pdf_extractor - INFO - Encontrado tomador '50 BATALHÃO DE INFANTARIA': 50 BATALHÃO DE INFANTARIA DE
2025-06-08 14:08:55,835 - pdf_extractor - INFO - Extraídos 34 registros das tabelas na página 4
2025-06-08 14:08:56,084 - pdf_extractor - INFO - Competência encontrada na página 5 com padrão 1: 01/2022
2025-06-08 14:08:56,172 - pdf_extractor - INFO - Extraídos 35 registros das tabelas na página 5
2025-06-08 14:08:56,375 - pdf_extractor - INFO - Competência encontrada na página 6 com padrão 1: 01/2022
2025-06-08 14:08:56,471 - pdf_extractor - INFO - Extraídos 34 registros das tabelas na página 6
2025-06-08 14:08:56,693 - pdf_extractor - INFO - Competência encontrada na página 7 com padrão 1: 01/2022
2025-06-08 14:08:56,801 - pdf_extractor - INFO - Extraídos 35 registros das tabelas na página 7
2025-06-08 14:08:57,011 - pdf_extractor - INFO - Competência encontrada na página 8 com padrão 1: 01/2022
2025-06-08 14:08:57,096 - pdf_extractor - INFO - Extraídos 34 registros das tabelas na página 8
2025-06-08 14:08:57,316 - pdf_extractor - INFO - Competência encontrada na página 9 com padrão 1: 01/2022
2025-06-08 14:08:57,410 - pdf_extractor - INFO - Extraídos 35 registros das tabelas na página 9
2025-06-08 14:08:57,613 - pdf_extractor - INFO - Competência encontrada na página 10 com padrão 1: 01/2022
2025-06-08 14:08:57,695 - pdf_extractor - INFO - Extraídos 34 registros das tabelas na página 10
2025-06-08 14:08:57,986 - pdf_extractor - INFO - Competência encontrada na página 11 com padrão 1: 01/2022
2025-06-08 14:08:58,101 - pdf_extractor - INFO - Extraídos 35 registros das tabelas na página 11
2025-06-08 14:08:58,307 - pdf_extractor - INFO - Competência encontrada na página 12 com padrão 1: 01/2022
2025-06-08 14:08:58,402 - pdf_extractor - INFO - Extraídos 34 registros das tabelas na página 12
2025-06-08 14:08:58,608 - pdf_extractor - INFO - Competência encontrada na página 13 com padrão 1: 01/2022
2025-06-08 14:08:58,694 - pdf_extractor - INFO - Extraídos 35 registros das tabelas na página 13
2025-06-08 14:08:58,763 - pdf_extractor - INFO - Competência encontrada na página 14 com padrão 1: 01/2022
2025-06-08 14:08:58,777 - pdf_extractor - INFO - Extraídos 10 registros das tabelas na página 14
2025-06-08 14:08:58,991 - pdf_extractor - INFO - Competência encontrada na página 15 com padrão 1: 02/2022
2025-06-08 14:08:59,084 - pdf_extractor - INFO - Extraídos 35 registros das tabelas na página 15
2025-06-08 14:08:59,286 - pdf_extractor - INFO - Competência encontrada na página 16 com padrão 1: 02/2022
2025-06-08 14:08:59,369 - pdf_extractor - INFO - Extraídos 33 registros das tabelas na página 16
2025-06-08 14:08:59,581 - pdf_extractor - INFO - Competência encontrada na página 17 com padrão 1: 02/2022
2025-06-08 14:08:59,708 - pdf_extractor - INFO - Extraídos 34 registros das tabelas na página 17
2025-06-08 14:08:59,920 - pdf_extractor - INFO - Competência encontrada na página 18 com padrão 1: 02/2022
2025-06-08 14:09:00,038 - pdf_extractor - INFO - Extraídos 35 registros das tabelas na página 18
2025-06-08 14:09:00,354 - pdf_extractor - INFO - Competência encontrada na página 19 com padrão 1: 02/2022
2025-06-08 14:09:00,446 - pdf_extractor - INFO - Extraídos 34 registros das tabelas na página 19
2025-06-08 14:09:00,657 - pdf_extractor - INFO - Competência encontrada na página 20 com padrão 1: 02/2022
2025-06-08 14:09:00,748 - pdf_extractor - INFO - Extraídos 35 registros das tabelas na página 20
2025-06-08 14:09:00,958 - pdf_extractor - INFO - Competência encontrada na página 21 com padrão 1: 02/2022
2025-06-08 14:09:01,054 - pdf_extractor - INFO - Extraídos 34 registros das tabelas na página 21
2025-06-08 14:09:01,174 - pdf_extractor - INFO - Competência encontrada na página 22 com padrão 1: 02/2022
2025-06-08 14:09:01,206 - pdf_extractor - INFO - Extraídos 16 registros das tabelas na página 22
2025-06-08 14:09:01,427 - pdf_extractor - INFO - Competência encontrada na página 23 com padrão 1: 03/2022
2025-06-08 14:09:01,526 - pdf_extractor - INFO - Extraídos 33 registros das tabelas na página 23
2025-06-08 14:09:01,747 - pdf_extractor - INFO - Competência encontrada na página 24 com padrão 1: 03/2022
2025-06-08 14:09:01,833 - pdf_extractor - INFO - Encontrado tomador '50 BATALHÃO DE INFANTARIA': 50 BATALHÃO DE INFANTARIA DE
2025-06-08 14:09:01,833 - pdf_extractor - INFO - Encontrado tomador '50 BATALHÃO DE INFANTARIA': 50 BATALHÃO DE INFANTARIA DE
2025-06-08 14:09:01,833 - pdf_extractor - INFO - Extraídos 34 registros das tabelas na página 24
2025-06-08 14:09:02,171 - pdf_extractor - INFO - Competência encontrada na página 25 com padrão 1: 03/2022
2025-06-08 14:09:02,279 - pdf_extractor - INFO - Extraídos 35 registros das tabelas na página 25
2025-06-08 14:09:02,481 - pdf_extractor - INFO - Competência encontrada na página 26 com padrão 1: 03/2022
2025-06-08 14:09:02,561 - pdf_extractor - INFO - Extraídos 34 registros das tabelas na página 26
2025-06-08 14:09:02,763 - pdf_extractor - INFO - Competência encontrada na página 27 com padrão 1: 03/2022
2025-06-08 14:09:02,873 - pdf_extractor - INFO - Extraídos 35 registros das tabelas na página 27
2025-06-08 14:09:03,080 - pdf_extractor - INFO - Competência encontrada na página 28 com padrão 1: 03/2022
2025-06-08 14:09:03,175 - pdf_extractor - INFO - Extraídos 34 registros das tabelas na página 28
2025-06-08 14:09:03,205 - pdf_extractor - INFO - Competência encontrada na página 29 com padrão 1: 03/2022
2025-06-08 14:09:03,208 - pdf_extractor - INFO - Extraídos 2 registros das tabelas na página 29
2025-06-08 14:09:03,415 - pdf_extractor - INFO - Competência encontrada na página 30 com padrão 1: 04/2022
2025-06-08 14:09:03,498 - pdf_extractor - INFO - Extraídos 34 registros das tabelas na página 30
2025-06-08 14:09:03,699 - pdf_extractor - INFO - Competência encontrada na página 31 com padrão 1: 04/2022
2025-06-08 14:09:03,781 - pdf_extractor - INFO - Extraídos 34 registros das tabelas na página 31
2025-06-08 14:09:03,985 - pdf_extractor - INFO - Competência encontrada na página 32 com padrão 1: 04/2022
2025-06-08 14:09:04,065 - pdf_extractor - INFO - Extraídos 34 registros das tabelas na página 32
2025-06-08 14:09:04,424 - pdf_extractor - INFO - Competência encontrada na página 33 com padrão 1: 04/2022
2025-06-08 14:09:04,533 - pdf_extractor - INFO - Extraídos 35 registros das tabelas na página 33
2025-06-08 14:09:04,650 - pdf_extractor - INFO - Competência encontrada na página 34 com padrão 1: 04/2022
2025-06-08 14:09:04,683 - pdf_extractor - INFO - Extraídos 18 registros das tabelas na página 34
2025-06-08 14:09:04,899 - pdf_extractor - INFO - Competência encontrada na página 35 com padrão 1: 05/2022
2025-06-08 14:09:04,990 - pdf_extractor - INFO - Extraídos 34 registros das tabelas na página 35
2025-06-08 14:09:05,200 - pdf_extractor - INFO - Competência encontrada na página 36 com padrão 1: 05/2022
2025-06-08 14:09:05,289 - pdf_extractor - INFO - Extraídos 35 registros das tabelas na página 36
2025-06-08 14:09:05,498 - pdf_extractor - INFO - Competência encontrada na página 37 com padrão 1: 05/2022
2025-06-08 14:09:05,585 - pdf_extractor - INFO - Encontrado tomador '50 BATALHÃO DE INFANTARIA': 50 BATALHÃO DE INFANTARIA DE
2025-06-08 14:09:05,586 - pdf_extractor - INFO - Encontrado tomador '50 BATALHÃO DE INFANTARIA': 50 BATALHÃO DE INFANTARIA DE
2025-06-08 14:09:05,586 - pdf_extractor - INFO - Extraídos 34 registros das tabelas na página 37
2025-06-08 14:09:05,795 - pdf_extractor - INFO - Competência encontrada na página 38 com padrão 1: 05/2022
2025-06-08 14:09:05,891 - pdf_extractor - INFO - Encontrado tomador '50 BATALHÃO DE INFANTARIA': 50 BATALHÃO DE INFANTARIA DE
2025-06-08 14:09:05,891 - pdf_extractor - INFO - Extraídos 34 registros das tabelas na página 38
2025-06-08 14:09:06,110 - pdf_extractor - INFO - Competência encontrada na página 39 com padrão 1: 05/2022
2025-06-08 14:09:06,226 - pdf_extractor - INFO - Extraídos 35 registros das tabelas na página 39
2025-06-08 14:09:06,598 - pdf_extractor - INFO - Competência encontrada na página 40 com padrão 1: 05/2022
2025-06-08 14:09:06,680 - pdf_extractor - INFO - Extraídos 32 registros das tabelas na página 40
2025-06-08 14:09:06,696 - pdf_extractor - INFO - Competência encontrada na página 41 com padrão 1: 05/2022
2025-06-08 14:09:06,698 - pdf_extractor - INFO - Competência encontrada no texto: 05/2022
2025-06-08 14:09:06,698 - pdf_extractor - WARNING - Nenhum dado extraído do texto na página 41
2025-06-08 14:09:06,904 - pdf_extractor - INFO - Competência encontrada na página 42 com padrão 1: 06/2022
2025-06-08 14:09:06,991 - pdf_extractor - INFO - Extraídos 34 registros das tabelas na página 42
2025-06-08 14:09:07,203 - pdf_extractor - INFO - Competência encontrada na página 43 com padrão 1: 06/2022
2025-06-08 14:09:07,290 - pdf_extractor - INFO - Extraídos 34 registros das tabelas na página 43
2025-06-08 14:09:07,510 - pdf_extractor - INFO - Competência encontrada na página 44 com padrão 1: 06/2022
2025-06-08 14:09:07,619 - pdf_extractor - INFO - Encontrado tomador '50 BATALHÃO DE INFANTARIA': 50 BATALHÃO DE INFANTARIA DE
2025-06-08 14:09:07,620 - pdf_extractor - INFO - Encontrado tomador '50 BATALHÃO DE INFANTARIA': 50 BATALHÃO DE INFANTARIA DE
2025-06-08 14:09:07,620 - pdf_extractor - INFO - Extraídos 35 registros das tabelas na página 44
2025-06-08 14:09:07,834 - pdf_extractor - INFO - Competência encontrada na página 45 com padrão 1: 06/2022
2025-06-08 14:09:07,928 - pdf_extractor - INFO - Extraídos 34 registros das tabelas na página 45
2025-06-08 14:09:08,139 - pdf_extractor - INFO - Competência encontrada na página 46 com padrão 1: 06/2022
2025-06-08 14:09:08,228 - pdf_extractor - INFO - Extraídos 35 registros das tabelas na página 46
2025-06-08 14:09:08,433 - pdf_extractor - INFO - Competência encontrada na página 47 com padrão 1: 06/2022
2025-06-08 14:09:08,515 - pdf_extractor - INFO - Extraídos 34 registros das tabelas na página 47
2025-06-08 14:09:08,850 - pdf_extractor - INFO - Competência encontrada na página 48 com padrão 1: 06/2022
2025-06-08 14:09:08,895 - pdf_extractor - INFO - Extraídos 22 registros das tabelas na página 48
2025-06-08 14:09:09,125 - pdf_extractor - INFO - Competência encontrada na página 49 com padrão 1: 07/2022
2025-06-08 14:09:09,271 - pdf_extractor - INFO - Extraídos 34 registros das tabelas na página 49
2025-06-08 14:09:09,500 - pdf_extractor - INFO - Competência encontrada na página 50 com padrão 1: 07/2022
2025-06-08 14:09:09,596 - pdf_extractor - INFO - Encontrado tomador '50 BATALHÃO DE INFANTARIA': 50 BATALHÃO DE INFANTARIA DE
2025-06-08 14:09:09,597 - pdf_extractor - INFO - Encontrado tomador '50 BATALHÃO DE INFANTARIA': 50 BATALHÃO DE INFANTARIA DE
2025-06-08 14:09:09,597 - pdf_extractor - INFO - Encontrado tomador '50 BATALHÃO DE INFANTARIA': 50 BATALHÃO DE INFANTARIA DE
2025-06-08 14:09:09,597 - pdf_extractor - INFO - Encontrado tomador '50 BATALHÃO DE INFANTARIA': 50 BATALHÃO DE INFANTARIA DE
2025-06-08 14:09:09,597 - pdf_extractor - INFO - Encontrado tomador '50 BATALHÃO DE INFANTARIA': 50 BATALHÃO DE INFANTARIA DE
2025-06-08 14:09:09,598 - pdf_extractor - INFO - Encontrado tomador '50 BATALHÃO DE INFANTARIA': 50 BATALHÃO DE INFANTARIA DE
2025-06-08 14:09:09,598 - pdf_extractor - INFO - Extraídos 34 registros das tabelas na página 50
2025-06-08 14:09:09,804 - pdf_extractor - INFO - Competência encontrada na página 51 com padrão 1: 07/2022
2025-06-08 14:09:09,887 - pdf_extractor - INFO - Extraídos 34 registros das tabelas na página 51
2025-06-08 14:09:10,101 - pdf_extractor - INFO - Competência encontrada na página 52 com padrão 1: 07/2022
2025-06-08 14:09:10,194 - pdf_extractor - INFO - Extraídos 35 registros das tabelas na página 52
2025-06-08 14:09:10,405 - pdf_extractor - INFO - Competência encontrada na página 53 com padrão 1: 07/2022
2025-06-08 14:09:10,493 - pdf_extractor - INFO - Extraídos 34 registros das tabelas na página 53
2025-06-08 14:09:10,711 - pdf_extractor - INFO - Competência encontrada na página 54 com padrão 1: 07/2022
2025-06-08 14:09:10,821 - pdf_extractor - INFO - Extraídos 35 registros das tabelas na página 54
2025-06-08 14:09:11,031 - pdf_extractor - INFO - Competência encontrada na página 55 com padrão 1: 07/2022
2025-06-08 14:09:11,130 - pdf_extractor - INFO - Extraídos 34 registros das tabelas na página 55
2025-06-08 14:09:11,264 - pdf_extractor - INFO - Competência encontrada na página 56 com padrão 1: 07/2022
2025-06-08 14:09:11,305 - pdf_extractor - INFO - Extraídos 21 registros das tabelas na página 56
2025-06-08 14:09:11,515 - pdf_extractor - INFO - Competência encontrada na página 57 com padrão 1: 08/2022
2025-06-08 14:09:11,603 - pdf_extractor - INFO - Extraídos 35 registros das tabelas na página 57
2025-06-08 14:09:12,025 - pdf_extractor - INFO - Competência encontrada na página 58 com padrão 1: 08/2022
2025-06-08 14:09:12,110 - pdf_extractor - INFO - Extraídos 33 registros das tabelas na página 58
2025-06-08 14:09:12,355 - pdf_extractor - INFO - Competência encontrada na página 59 com padrão 1: 08/2022
2025-06-08 14:09:12,473 - pdf_extractor - INFO - Encontrado tomador '50 BATALHÃO DE INFANTARIA': 50 BATALHÃO DE INFANTARIA DE
2025-06-08 14:09:12,474 - pdf_extractor - INFO - Extraídos 35 registros das tabelas na página 59
2025-06-08 14:09:12,682 - pdf_extractor - INFO - Competência encontrada na página 60 com padrão 1: 08/2022
2025-06-08 14:09:12,767 - pdf_extractor - INFO - Extraídos 34 registros das tabelas na página 60
2025-06-08 14:09:12,975 - pdf_extractor - INFO - Competência encontrada na página 61 com padrão 1: 08/2022
2025-06-08 14:09:13,062 - pdf_extractor - INFO - Extraídos 35 registros das tabelas na página 61
2025-06-08 14:09:13,266 - pdf_extractor - INFO - Competência encontrada na página 62 com padrão 1: 08/2022
2025-06-08 14:09:13,351 - pdf_extractor - INFO - Extraídos 34 registros das tabelas na página 62
2025-06-08 14:09:13,556 - pdf_extractor - INFO - Competência encontrada na página 63 com padrão 1: 08/2022
2025-06-08 14:09:13,640 - pdf_extractor - INFO - Extraídos 35 registros das tabelas na página 63
2025-06-08 14:09:13,847 - pdf_extractor - INFO - Competência encontrada na página 64 com padrão 1: 08/2022
2025-06-08 14:09:13,943 - pdf_extractor - INFO - Extraídos 34 registros das tabelas na página 64
2025-06-08 14:09:14,120 - pdf_extractor - INFO - Competência encontrada na página 65 com padrão 1: 08/2022
2025-06-08 14:09:14,184 - pdf_extractor - INFO - Extraídos 26 registros das tabelas na página 65
2025-06-08 14:09:14,391 - pdf_extractor - INFO - Competência encontrada na página 66 com padrão 1: 09/2022
2025-06-08 14:09:14,476 - pdf_extractor - INFO - Extraídos 34 registros das tabelas na página 66
2025-06-08 14:09:14,682 - pdf_extractor - INFO - Competência encontrada na página 67 com padrão 1: 09/2022
2025-06-08 14:09:14,770 - pdf_extractor - INFO - Extraídos 33 registros das tabelas na página 67
2025-06-08 14:09:15,249 - pdf_extractor - INFO - Competência encontrada na página 68 com padrão 1: 09/2022
2025-06-08 14:09:15,357 - pdf_extractor - INFO - Extraídos 34 registros das tabelas na página 68
2025-06-08 14:09:15,575 - pdf_extractor - INFO - Competência encontrada na página 69 com padrão 1: 09/2022
2025-06-08 14:09:15,670 - pdf_extractor - INFO - Extraídos 34 registros das tabelas na página 69
2025-06-08 14:09:15,877 - pdf_extractor - INFO - Competência encontrada na página 70 com padrão 1: 09/2022
2025-06-08 14:09:15,962 - pdf_extractor - INFO - Extraídos 34 registros das tabelas na página 70
2025-06-08 14:09:16,172 - pdf_extractor - INFO - Competência encontrada na página 71 com padrão 1: 09/2022
2025-06-08 14:09:16,263 - pdf_extractor - INFO - Extraídos 35 registros das tabelas na página 71
2025-06-08 14:09:16,466 - pdf_extractor - INFO - Competência encontrada na página 72 com padrão 1: 09/2022
2025-06-08 14:09:16,551 - pdf_extractor - INFO - Extraídos 34 registros das tabelas na página 72
2025-06-08 14:09:16,758 - pdf_extractor - INFO - Competência encontrada na página 73 com padrão 1: 09/2022
2025-06-08 14:09:16,856 - pdf_extractor - INFO - Extraídos 35 registros das tabelas na página 73
2025-06-08 14:09:16,954 - pdf_extractor - INFO - Competência encontrada na página 74 com padrão 1: 09/2022
2025-06-08 14:09:16,975 - pdf_extractor - INFO - Extraídos 13 registros das tabelas na página 74
2025-06-08 14:09:17,183 - pdf_extractor - INFO - Competência encontrada na página 75 com padrão 1: 10/2022
2025-06-08 14:09:17,278 - pdf_extractor - INFO - Extraídos 34 registros das tabelas na página 75
2025-06-08 14:09:17,481 - pdf_extractor - INFO - Competência encontrada na página 76 com padrão 1: 10/2022
2025-06-08 14:09:17,563 - pdf_extractor - INFO - Extraídos 34 registros das tabelas na página 76
2025-06-08 14:09:17,769 - pdf_extractor - INFO - Competência encontrada na página 77 com padrão 1: 10/2022
2025-06-08 14:09:17,853 - pdf_extractor - INFO - Extraídos 35 registros das tabelas na página 77
2025-06-08 14:09:18,068 - pdf_extractor - INFO - Competência encontrada na página 78 com padrão 1: 10/2022
2025-06-08 14:09:18,158 - pdf_extractor - INFO - Extraídos 34 registros das tabelas na página 78
2025-06-08 14:09:18,369 - pdf_extractor - INFO - Competência encontrada na página 79 com padrão 1: 10/2022
2025-06-08 14:09:18,479 - pdf_extractor - INFO - Extraídos 34 registros das tabelas na página 79
2025-06-08 14:09:18,701 - pdf_extractor - INFO - Competência encontrada na página 80 com padrão 1: 10/2022
2025-06-08 14:09:18,819 - pdf_extractor - INFO - Extraídos 35 registros das tabelas na página 80
2025-06-08 14:09:18,928 - pdf_extractor - INFO - Competência encontrada na página 81 com padrão 1: 10/2022
2025-06-08 14:09:18,954 - pdf_extractor - INFO - Extraídos 16 registros das tabelas na página 81
2025-06-08 14:09:19,485 - pdf_extractor - INFO - Competência encontrada na página 82 com padrão 1: 11/2022
2025-06-08 14:09:19,578 - pdf_extractor - INFO - Extraídos 33 registros das tabelas na página 82
2025-06-08 14:09:19,788 - pdf_extractor - INFO - Competência encontrada na página 83 com padrão 1: 11/2022
2025-06-08 14:09:19,895 - pdf_extractor - INFO - Extraídos 35 registros das tabelas na página 83
2025-06-08 14:09:20,171 - pdf_extractor - INFO - Competência encontrada na página 84 com padrão 1: 11/2022
2025-06-08 14:09:20,337 - pdf_extractor - INFO - Encontrado tomador '50 BATALHÃO DE INFANTARIA': 50 BATALHÃO DE INFANTARIA DE
2025-06-08 14:09:20,338 - pdf_extractor - INFO - Encontrado tomador '50 BATALHÃO DE INFANTARIA': 50 BATALHÃO DE INFANTARIA DE
2025-06-08 14:09:20,339 - pdf_extractor - INFO - Extraídos 34 registros das tabelas na página 84
2025-06-08 14:09:20,423 - pdf_extractor - INFO - Competência encontrada na página 85 com padrão 1: 11/2022
2025-06-08 14:09:20,437 - pdf_extractor - INFO - Extraídos 8 registros das tabelas na página 85
2025-06-08 14:09:20,686 - pdf_extractor - INFO - Competência encontrada na página 86 com padrão 1: 12/2022
2025-06-08 14:09:20,785 - pdf_extractor - INFO - Extraídos 34 registros das tabelas na página 86
2025-06-08 14:09:20,993 - pdf_extractor - INFO - Competência encontrada na página 87 com padrão 1: 12/2022
2025-06-08 14:09:21,098 - pdf_extractor - INFO - Extraídos 34 registros das tabelas na página 87
2025-06-08 14:09:21,307 - pdf_extractor - INFO - Competência encontrada na página 88 com padrão 1: 12/2022
2025-06-08 14:09:21,391 - pdf_extractor - INFO - Encontrado tomador '50 BATALHÃO DE INFANTARIA': 50 BATALHÃO DE INFANTARIA DE
2025-06-08 14:09:21,392 - pdf_extractor - INFO - Extraídos 34 registros das tabelas na página 88
2025-06-08 14:09:21,600 - pdf_extractor - INFO - Competência encontrada na página 89 com padrão 1: 12/2022
2025-06-08 14:09:21,691 - pdf_extractor - INFO - Encontrado tomador '50 BATALHÃO DE INFANTARIA': 50 BATALHÃO DE INFANTARIA DE
2025-06-08 14:09:21,691 - pdf_extractor - INFO - Encontrado tomador '50 BATALHÃO DE INFANTARIA': 50 BATALHÃO DE INFANTARIA DE
2025-06-08 14:09:21,692 - pdf_extractor - INFO - Extraídos 35 registros das tabelas na página 89
2025-06-08 14:09:21,922 - pdf_extractor - INFO - Competência encontrada na página 90 com padrão 1: 12/2022
2025-06-08 14:09:22,037 - pdf_extractor - INFO - Extraídos 34 registros das tabelas na página 90
2025-06-08 14:09:22,261 - pdf_extractor - INFO - Competência encontrada na página 91 com padrão 1: 12/2022
2025-06-08 14:09:22,371 - pdf_extractor - INFO - Extraídos 35 registros das tabelas na página 91
2025-06-08 14:09:22,598 - pdf_extractor - INFO - Competência encontrada na página 92 com padrão 1: 12/2022
2025-06-08 14:09:22,691 - pdf_extractor - INFO - Encontrado tomador '50 BATALHÃO DE INFANTARIA': 50 BATALHÃO DE INFANTARIA DE
2025-06-08 14:09:22,692 - pdf_extractor - INFO - Extraídos 34 registros das tabelas na página 92
2025-06-08 14:09:22,904 - pdf_extractor - INFO - Competência encontrada na página 93 com padrão 1: 12/2022
2025-06-08 14:09:22,989 - pdf_extractor - INFO - Extraídos 34 registros das tabelas na página 93
2025-06-08 14:09:23,196 - pdf_extractor - INFO - Competência encontrada na página 94 com padrão 1: 12/2022
2025-06-08 14:09:23,282 - pdf_extractor - INFO - Extraídos 34 registros das tabelas na página 94
2025-06-08 14:09:23,356 - pdf_extractor - INFO - Competência encontrada na página 95 com padrão 1: 12/2022
2025-06-08 14:09:23,371 - pdf_extractor - INFO - Extraídos 10 registros das tabelas na página 95
2025-06-08 14:09:23,408 - pdf_extractor - INFO - Competência encontrada na página 96 com padrão 4: 04/2025
2025-06-08 14:09:23,411 - pdf_extractor - INFO - Encontrado padrão específico 04/2025 no texto
2025-06-08 14:09:23,411 - pdf_extractor - INFO - Competência encontrada no texto: 04/2025
2025-06-08 14:09:23,412 - pdf_extractor - WARNING - Nenhum dado extraído do texto na página 96
2025-06-08 14:09:23,452 - pdf_extractor - INFO - Competência encontrada na página 97 com padrão 4: 04/2025
2025-06-08 14:09:23,455 - pdf_extractor - INFO - Encontrado padrão específico 04/2025 no texto
2025-06-08 14:09:23,455 - pdf_extractor - INFO - Competência encontrada no texto: 04/2025
2025-06-08 14:09:23,455 - pdf_extractor - WARNING - Nenhum dado extraído do texto na página 97
2025-06-08 14:09:23,497 - pdf_extractor - INFO - Competência encontrada na página 98 com padrão 4: 04/2025
2025-06-08 14:09:23,501 - pdf_extractor - INFO - Encontrado padrão específico 04/2025 no texto
2025-06-08 14:09:23,501 - pdf_extractor - INFO - Competência encontrada no texto: 04/2025
2025-06-08 14:09:23,501 - pdf_extractor - WARNING - Nenhum dado extraído do texto na página 98
2025-06-08 14:09:23,723 - pdf_extractor - INFO - Competência encontrada na página 99 com padrão 1: 01/2023
2025-06-08 14:09:23,831 - pdf_extractor - INFO - Extraídos 34 registros das tabelas na página 99
2025-06-08 14:09:24,436 - pdf_extractor - INFO - Competência encontrada na página 100 com padrão 1: 01/2023
2025-06-08 14:09:24,534 - pdf_extractor - INFO - Extraídos 35 registros das tabelas na página 100
2025-06-08 14:09:24,741 - pdf_extractor - INFO - Competência encontrada na página 101 com padrão 1: 01/2023
2025-06-08 14:09:24,824 - pdf_extractor - INFO - Extraídos 33 registros das tabelas na página 101
2025-06-08 14:09:25,036 - pdf_extractor - INFO - Competência encontrada na página 102 com padrão 1: 01/2023
2025-06-08 14:09:25,133 - pdf_extractor - INFO - Extraídos 35 registros das tabelas na página 102
2025-06-08 14:09:25,373 - pdf_extractor - INFO - Competência encontrada na página 103 com padrão 1: 01/2023
2025-06-08 14:09:25,514 - pdf_extractor - INFO - Encontrado tomador '50 BATALHÃO DE INFANTARIA': 50 BATALHÃO DE INFANTARIA DE
2025-06-08 14:09:25,514 - pdf_extractor - INFO - Encontrado tomador '50 BATALHÃO DE INFANTARIA': 50 BATALHÃO DE INFANTARIA DE
2025-06-08 14:09:25,514 - pdf_extractor - INFO - Encontrado tomador '50 BATALHÃO DE INFANTARIA': 50 BATALHÃO DE INFANTARIA DE
2025-06-08 14:09:25,514 - pdf_extractor - INFO - Encontrado tomador '50 BATALHÃO DE INFANTARIA': 50 BATALHÃO DE INFANTARIA DE
2025-06-08 14:09:25,515 - pdf_extractor - INFO - Extraídos 34 registros das tabelas na página 103
2025-06-08 14:09:25,734 - pdf_extractor - INFO - Competência encontrada na página 104 com padrão 1: 01/2023
2025-06-08 14:09:25,822 - pdf_extractor - INFO - Extraídos 35 registros das tabelas na página 104
2025-06-08 14:09:26,010 - pdf_extractor - INFO - Competência encontrada na página 105 com padrão 1: 01/2023
2025-06-08 14:09:26,082 - pdf_extractor - INFO - Extraídos 31 registros das tabelas na página 105
2025-06-08 14:09:26,284 - pdf_extractor - INFO - Competência encontrada na página 106 com padrão 1: 02/2023
2025-06-08 14:09:26,370 - pdf_extractor - INFO - Encontrado tomador '50 BATALHÃO DE INFANTARIA': 50 BATALHÃO DE INFANTARIA DE
2025-06-08 14:09:26,371 - pdf_extractor - INFO - Encontrado tomador '50 BATALHÃO DE INFANTARIA': 50 BATALHÃO DE INFANTARIA DE
2025-06-08 14:09:26,371 - pdf_extractor - INFO - Encontrado tomador '50 BATALHÃO DE INFANTARIA': 50 BATALHÃO DE INFANTARIA DE
2025-06-08 14:09:26,371 - pdf_extractor - INFO - Encontrado tomador '50 BATALHÃO DE INFANTARIA': 50 BATALHÃO DE INFANTARIA DE
2025-06-08 14:09:26,371 - pdf_extractor - INFO - Encontrado tomador '50 BATALHÃO DE INFANTARIA': 50 BATALHÃO DE INFANTARIA DE
2025-06-08 14:09:26,371 - pdf_extractor - INFO - Encontrado tomador '50 BATALHÃO DE INFANTARIA': 50 BATALHÃO DE INFANTARIA DE
2025-06-08 14:09:26,372 - pdf_extractor - INFO - Extraídos 34 registros das tabelas na página 106
2025-06-08 14:09:26,621 - pdf_extractor - INFO - Competência encontrada na página 107 com padrão 1: 02/2023
2025-06-08 14:09:26,744 - pdf_extractor - INFO - Extraídos 34 registros das tabelas na página 107
2025-06-08 14:09:26,974 - pdf_extractor - INFO - Competência encontrada na página 108 com padrão 1: 02/2023
2025-06-08 14:09:27,069 - pdf_extractor - INFO - Extraídos 34 registros das tabelas na página 108
2025-06-08 14:09:27,274 - pdf_extractor - INFO - Competência encontrada na página 109 com padrão 1: 02/2023
2025-06-08 14:09:27,359 - pdf_extractor - INFO - Encontrado tomador '50 BATALHÃO DE INFANTARIA': 50 BATALHÃO DE INFANTARIA DE
2025-06-08 14:09:27,360 - pdf_extractor - INFO - Extraídos 35 registros das tabelas na página 109
2025-06-08 14:09:27,565 - pdf_extractor - INFO - Competência encontrada na página 110 com padrão 1: 02/2023
2025-06-08 14:09:27,649 - pdf_extractor - INFO - Extraídos 34 registros das tabelas na página 110
2025-06-08 14:09:27,880 - pdf_extractor - INFO - Competência encontrada na página 111 com padrão 1: 02/2023
2025-06-08 14:09:27,960 - pdf_extractor - INFO - Extraídos 34 registros das tabelas na página 111
2025-06-08 14:09:28,101 - pdf_extractor - INFO - Competência encontrada na página 112 com padrão 1: 02/2023
2025-06-08 14:09:28,148 - pdf_extractor - INFO - Extraídos 23 registros das tabelas na página 112
2025-06-08 14:09:28,395 - pdf_extractor - INFO - Competência encontrada na página 113 com padrão 1: 03/2023
2025-06-08 14:09:28,510 - pdf_extractor - INFO - Extraídos 34 registros das tabelas na página 113
2025-06-08 14:09:28,730 - pdf_extractor - INFO - Competência encontrada na página 114 com padrão 1: 03/2023
2025-06-08 14:09:28,850 - pdf_extractor - INFO - Extraídos 34 registros das tabelas na página 114
2025-06-08 14:09:29,067 - pdf_extractor - INFO - Competência encontrada na página 115 com padrão 1: 03/2023
2025-06-08 14:09:29,152 - pdf_extractor - INFO - Extraídos 35 registros das tabelas na página 115
2025-06-08 14:09:29,348 - pdf_extractor - INFO - Competência encontrada na página 116 com padrão 1: 03/2023
2025-06-08 14:09:29,426 - pdf_extractor - INFO - Extraídos 34 registros das tabelas na página 116
2025-06-08 14:09:29,658 - pdf_extractor - INFO - Competência encontrada na página 117 com padrão 1: 03/2023
2025-06-08 14:09:29,751 - pdf_extractor - INFO - Extraídos 34 registros das tabelas na página 117
2025-06-08 14:09:30,589 - pdf_extractor - INFO - Competência encontrada na página 118 com padrão 1: 03/2023
2025-06-08 14:09:30,678 - pdf_extractor - INFO - Extraídos 34 registros das tabelas na página 118
2025-06-08 14:09:30,886 - pdf_extractor - INFO - Competência encontrada na página 119 com padrão 1: 03/2023
2025-06-08 14:09:30,966 - pdf_extractor - INFO - Extraídos 35 registros das tabelas na página 119
2025-06-08 14:09:31,197 - pdf_extractor - INFO - Competência encontrada na página 120 com padrão 1: 03/2023
2025-06-08 14:09:31,279 - pdf_extractor - INFO - Extraídos 34 registros das tabelas na página 120
2025-06-08 14:09:31,309 - pdf_extractor - INFO - Competência encontrada na página 121 com padrão 1: 03/2023
2025-06-08 14:09:31,313 - pdf_extractor - INFO - Extraídos 2 registros das tabelas na página 121
2025-06-08 14:09:31,515 - pdf_extractor - INFO - Competência encontrada na página 122 com padrão 1: 04/2023
2025-06-08 14:09:31,615 - pdf_extractor - INFO - Extraídos 34 registros das tabelas na página 122
2025-06-08 14:09:31,933 - pdf_extractor - INFO - Competência encontrada na página 123 com padrão 1: 04/2023
2025-06-08 14:09:32,046 - pdf_extractor - INFO - Encontrado tomador '50 BATALHÃO DE INFANTARIA': 50 BATALHÃO DE INFANTARIA DE
2025-06-08 14:09:32,047 - pdf_extractor - INFO - Encontrado tomador '50 BATALHÃO DE INFANTARIA': 50 BATALHÃO DE INFANTARIA DE
2025-06-08 14:09:32,047 - pdf_extractor - INFO - Encontrado tomador '50 BATALHÃO DE INFANTARIA': 50 BATALHÃO DE INFANTARIA DE
2025-06-08 14:09:32,047 - pdf_extractor - INFO - Encontrado tomador '50 BATALHÃO DE INFANTARIA': 50 BATALHÃO DE INFANTARIA DE
2025-06-08 14:09:32,047 - pdf_extractor - INFO - Extraídos 34 registros das tabelas na página 123
2025-06-08 14:09:32,302 - pdf_extractor - INFO - Competência encontrada na página 124 com padrão 1: 04/2023
2025-06-08 14:09:32,400 - pdf_extractor - INFO - Extraídos 35 registros das tabelas na página 124
2025-06-08 14:09:32,610 - pdf_extractor - INFO - Competência encontrada na página 125 com padrão 1: 04/2023
2025-06-08 14:09:32,704 - pdf_extractor - INFO - Extraídos 34 registros das tabelas na página 125
2025-06-08 14:09:32,919 - pdf_extractor - INFO - Competência encontrada na página 126 com padrão 1: 04/2023
2025-06-08 14:09:33,013 - pdf_extractor - INFO - Extraídos 35 registros das tabelas na página 126
2025-06-08 14:09:33,222 - pdf_extractor - INFO - Competência encontrada na página 127 com padrão 1: 04/2023
2025-06-08 14:09:33,365 - pdf_extractor - INFO - Extraídos 34 registros das tabelas na página 127
2025-06-08 14:09:33,620 - pdf_extractor - INFO - Competência encontrada na página 128 com padrão 1: 04/2023
2025-06-08 14:09:33,734 - pdf_extractor - INFO - Extraídos 35 registros das tabelas na página 128
2025-06-08 14:09:33,883 - pdf_extractor - INFO - Competência encontrada na página 129 com padrão 1: 04/2023
2025-06-08 14:09:33,931 - pdf_extractor - INFO - Extraídos 23 registros das tabelas na página 129
2025-06-08 14:09:34,143 - pdf_extractor - INFO - Competência encontrada na página 130 com padrão 1: 05/2023
2025-06-08 14:09:34,231 - pdf_extractor - INFO - Extraídos 34 registros das tabelas na página 130
2025-06-08 14:09:34,449 - pdf_extractor - INFO - Competência encontrada na página 131 com padrão 1: 05/2023
2025-06-08 14:09:34,558 - pdf_extractor - INFO - Extraídos 34 registros das tabelas na página 131
2025-06-08 14:09:34,765 - pdf_extractor - INFO - Competência encontrada na página 132 com padrão 1: 05/2023
2025-06-08 14:09:34,862 - pdf_extractor - INFO - Extraídos 35 registros das tabelas na página 132
2025-06-08 14:09:35,073 - pdf_extractor - INFO - Competência encontrada na página 133 com padrão 1: 05/2023
2025-06-08 14:09:35,187 - pdf_extractor - INFO - Extraídos 34 registros das tabelas na página 133
2025-06-08 14:09:35,405 - pdf_extractor - INFO - Competência encontrada na página 134 com padrão 1: 05/2023
2025-06-08 14:09:35,497 - pdf_extractor - INFO - Encontrado tomador '50 BATALHÃO DE INFANTARIA': 50 BATALHÃO DE INFANTARIA DE
2025-06-08 14:09:35,497 - pdf_extractor - INFO - Encontrado tomador '50 BATALHÃO DE INFANTARIA': 50 BATALHÃO DE INFANTARIA DE
2025-06-08 14:09:35,497 - pdf_extractor - INFO - Encontrado tomador '50 BATALHÃO DE INFANTARIA': 50 BATALHÃO DE INFANTARIA DE
2025-06-08 14:09:35,498 - pdf_extractor - INFO - Encontrado tomador '50 BATALHÃO DE INFANTARIA': 50 BATALHÃO DE INFANTARIA DE
2025-06-08 14:09:35,498 - pdf_extractor - INFO - Encontrado tomador '50 BATALHÃO DE INFANTARIA': 50 BATALHÃO DE INFANTARIA DE
2025-06-08 14:09:35,498 - pdf_extractor - INFO - Extraídos 35 registros das tabelas na página 134
2025-06-08 14:09:35,737 - pdf_extractor - INFO - Competência encontrada na página 135 com padrão 1: 05/2023
2025-06-08 14:09:35,827 - pdf_extractor - INFO - Extraídos 34 registros das tabelas na página 135
2025-06-08 14:09:36,030 - pdf_extractor - INFO - Competência encontrada na página 136 com padrão 1: 05/2023
2025-06-08 14:09:36,116 - pdf_extractor - INFO - Extraídos 35 registros das tabelas na página 136
2025-06-08 14:09:36,165 - pdf_extractor - INFO - Competência encontrada na página 137 com padrão 1: 05/2023
2025-06-08 14:09:36,174 - pdf_extractor - INFO - Extraídos 6 registros das tabelas na página 137
2025-06-08 14:09:36,377 - pdf_extractor - INFO - Competência encontrada na página 138 com padrão 1: 06/2023
2025-06-08 14:09:36,476 - pdf_extractor - INFO - Extraídos 35 registros das tabelas na página 138
2025-06-08 14:09:36,736 - pdf_extractor - INFO - Competência encontrada na página 139 com padrão 1: 06/2023
2025-06-08 14:09:36,827 - pdf_extractor - INFO - Extraídos 33 registros das tabelas na página 139
2025-06-08 14:09:37,562 - pdf_extractor - INFO - Competência encontrada na página 140 com padrão 1: 06/2023
2025-06-08 14:09:37,650 - pdf_extractor - INFO - Encontrado tomador '50 BATALHÃO DE INFANTARIA': 50 BATALHÃO DE INFANTARIA DE
2025-06-08 14:09:37,651 - pdf_extractor - INFO - Extraídos 35 registros das tabelas na página 140
2025-06-08 14:09:37,871 - pdf_extractor - INFO - Competência encontrada na página 141 com padrão 1: 06/2023
2025-06-08 14:09:37,954 - pdf_extractor - INFO - Extraídos 34 registros das tabelas na página 141
2025-06-08 14:09:38,172 - pdf_extractor - INFO - Competência encontrada na página 142 com padrão 1: 06/2023
2025-06-08 14:09:38,297 - pdf_extractor - INFO - Extraídos 35 registros das tabelas na página 142
2025-06-08 14:09:38,521 - pdf_extractor - INFO - Competência encontrada na página 143 com padrão 1: 06/2023
2025-06-08 14:09:38,606 - pdf_extractor - INFO - Extraídos 34 registros das tabelas na página 143
2025-06-08 14:09:38,806 - pdf_extractor - INFO - Competência encontrada na página 144 com padrão 1: 06/2023
2025-06-08 14:09:38,908 - pdf_extractor - INFO - Extraídos 34 registros das tabelas na página 144
2025-06-08 14:09:38,972 - pdf_extractor - INFO - Competência encontrada na página 145 com padrão 1: 06/2023
2025-06-08 14:09:38,980 - pdf_extractor - INFO - Extraídos 6 registros das tabelas na página 145
2025-06-08 14:09:39,189 - pdf_extractor - INFO - Competência encontrada na página 146 com padrão 1: 07/2023
2025-06-08 14:09:39,270 - pdf_extractor - INFO - Extraídos 33 registros das tabelas na página 146
2025-06-08 14:09:39,472 - pdf_extractor - INFO - Competência encontrada na página 147 com padrão 1: 07/2023
2025-06-08 14:09:39,559 - pdf_extractor - INFO - Extraídos 35 registros das tabelas na página 147
2025-06-08 14:09:39,811 - pdf_extractor - INFO - Competência encontrada na página 148 com padrão 1: 07/2023
2025-06-08 14:09:39,933 - pdf_extractor - INFO - Extraídos 34 registros das tabelas na página 148
2025-06-08 14:09:40,170 - pdf_extractor - INFO - Competência encontrada na página 149 com padrão 1: 07/2023
2025-06-08 14:09:40,255 - pdf_extractor - INFO - Extraídos 34 registros das tabelas na página 149
2025-06-08 14:09:40,454 - pdf_extractor - INFO - Competência encontrada na página 150 com padrão 1: 07/2023
2025-06-08 14:09:40,537 - pdf_extractor - INFO - Extraídos 34 registros das tabelas na página 150
2025-06-08 14:09:40,737 - pdf_extractor - INFO - Competência encontrada na página 151 com padrão 1: 07/2023
2025-06-08 14:09:40,820 - pdf_extractor - INFO - Encontrado tomador '50 BATALHÃO DE INFANTARIA': 50 BATALHÃO DE INFANTARIA DE
2025-06-08 14:09:40,821 - pdf_extractor - INFO - Encontrado tomador '50 BATALHÃO DE INFANTARIA': 50 BATALHÃO DE INFANTARIA DE
2025-06-08 14:09:40,821 - pdf_extractor - INFO - Encontrado tomador '50 BATALHÃO DE INFANTARIA': 50 BATALHÃO DE INFANTARIA DE
2025-06-08 14:09:40,821 - pdf_extractor - INFO - Extraídos 35 registros das tabelas na página 151
2025-06-08 14:09:40,998 - pdf_extractor - INFO - Competência encontrada na página 152 com padrão 1: 07/2023
2025-06-08 14:09:41,065 - pdf_extractor - INFO - Extraídos 29 registros das tabelas na página 152
2025-06-08 14:09:41,302 - pdf_extractor - INFO - Competência encontrada na página 153 com padrão 1: 08/2023
2025-06-08 14:09:41,392 - pdf_extractor - INFO - Extraídos 34 registros das tabelas na página 153
2025-06-08 14:09:41,628 - pdf_extractor - INFO - Competência encontrada na página 154 com padrão 1: 08/2023
2025-06-08 14:09:41,725 - pdf_extractor - INFO - Extraídos 34 registros das tabelas na página 154
2025-06-08 14:09:41,925 - pdf_extractor - INFO - Competência encontrada na página 155 com padrão 1: 08/2023
2025-06-08 14:09:42,007 - pdf_extractor - INFO - Extraídos 35 registros das tabelas na página 155
2025-06-08 14:09:42,229 - pdf_extractor - INFO - Competência encontrada na página 156 com padrão 1: 08/2023
2025-06-08 14:09:42,338 - pdf_extractor - INFO - Extraídos 34 registros das tabelas na página 156
2025-06-08 14:09:42,547 - pdf_extractor - INFO - Competência encontrada na página 157 com padrão 1: 08/2023
2025-06-08 14:09:42,632 - pdf_extractor - INFO - Extraídos 35 registros das tabelas na página 157
2025-06-08 14:09:42,844 - pdf_extractor - INFO - Competência encontrada na página 158 com padrão 1: 08/2023
2025-06-08 14:09:42,941 - pdf_extractor - INFO - Extraídos 34 registros das tabelas na página 158
2025-06-08 14:09:43,086 - pdf_extractor - INFO - Competência encontrada na página 159 com padrão 1: 08/2023
2025-06-08 14:09:43,119 - pdf_extractor - INFO - Extraídos 18 registros das tabelas na página 159
2025-06-08 14:09:43,333 - pdf_extractor - INFO - Competência encontrada na página 160 com padrão 1: 09/2023
2025-06-08 14:09:43,444 - pdf_extractor - INFO - Extraídos 34 registros das tabelas na página 160
2025-06-08 14:09:43,644 - pdf_extractor - INFO - Competência encontrada na página 161 com padrão 1: 09/2023
2025-06-08 14:09:43,727 - pdf_extractor - INFO - Extraídos 35 registros das tabelas na página 161
2025-06-08 14:09:43,929 - pdf_extractor - INFO - Competência encontrada na página 162 com padrão 1: 09/2023
2025-06-08 14:09:44,012 - pdf_extractor - INFO - Extraídos 34 registros das tabelas na página 162
2025-06-08 14:09:44,225 - pdf_extractor - INFO - Competência encontrada na página 163 com padrão 1: 09/2023
2025-06-08 14:09:44,320 - pdf_extractor - INFO - Extraídos 35 registros das tabelas na página 163
2025-06-08 14:09:44,565 - pdf_extractor - INFO - Competência encontrada na página 164 com padrão 1: 09/2023
2025-06-08 14:09:44,679 - pdf_extractor - INFO - Extraídos 34 registros das tabelas na página 164
2025-06-08 14:09:44,889 - pdf_extractor - INFO - Competência encontrada na página 165 com padrão 1: 09/2023
2025-06-08 14:09:44,974 - pdf_extractor - INFO - Extraídos 35 registros das tabelas na página 165
2025-06-08 14:09:45,835 - pdf_extractor - INFO - Competência encontrada na página 166 com padrão 1: 09/2023
2025-06-08 14:09:45,930 - pdf_extractor - INFO - Extraídos 34 registros das tabelas na página 166
2025-06-08 14:09:46,038 - pdf_extractor - INFO - Competência encontrada na página 167 com padrão 1: 09/2023
2025-06-08 14:09:46,065 - pdf_extractor - INFO - Extraídos 15 registros das tabelas na página 167
2025-06-08 14:09:46,314 - pdf_extractor - INFO - Competência encontrada na página 168 com padrão 1: 10/2023
2025-06-08 14:09:46,420 - pdf_extractor - INFO - Encontrado tomador '50 BATALHÃO DE INFANTARIA': 50 BATALHÃO DE INFANTARIA DE
2025-06-08 14:09:46,420 - pdf_extractor - INFO - Extraídos 35 registros das tabelas na página 168
2025-06-08 14:09:46,624 - pdf_extractor - INFO - Competência encontrada na página 169 com padrão 1: 10/2023
2025-06-08 14:09:46,728 - pdf_extractor - INFO - Encontrado tomador '50 BATALHÃO DE INFANTARIA': 50 BATALHÃO DE INFANTARIA DE
2025-06-08 14:09:46,729 - pdf_extractor - INFO - Extraídos 34 registros das tabelas na página 169
2025-06-08 14:09:46,950 - pdf_extractor - INFO - Competência encontrada na página 170 com padrão 1: 10/2023
2025-06-08 14:09:47,033 - pdf_extractor - INFO - Extraídos 34 registros das tabelas na página 170
2025-06-08 14:09:47,231 - pdf_extractor - INFO - Competência encontrada na página 171 com padrão 1: 10/2023
2025-06-08 14:09:47,312 - pdf_extractor - INFO - Extraídos 34 registros das tabelas na página 171
2025-06-08 14:09:47,522 - pdf_extractor - INFO - Competência encontrada na página 172 com padrão 1: 10/2023
2025-06-08 14:09:47,626 - pdf_extractor - INFO - Extraídos 35 registros das tabelas na página 172
2025-06-08 14:09:47,896 - pdf_extractor - INFO - Competência encontrada na página 173 com padrão 1: 10/2023
2025-06-08 14:09:47,999 - pdf_extractor - INFO - Encontrado tomador '50 BATALHÃO DE INFANTARIA': 50 BATALHÃO DE INFANTARIA DE
2025-06-08 14:09:48,000 - pdf_extractor - INFO - Encontrado tomador '50 BATALHÃO DE INFANTARIA': 50 BATALHÃO DE INFANTARIA DE
2025-06-08 14:09:48,000 - pdf_extractor - INFO - Extraídos 34 registros das tabelas na página 173
2025-06-08 14:09:48,194 - pdf_extractor - INFO - Competência encontrada na página 174 com padrão 1: 10/2023
2025-06-08 14:09:48,274 - pdf_extractor - INFO - Extraídos 34 registros das tabelas na página 174
2025-06-08 14:09:48,480 - pdf_extractor - INFO - Competência encontrada na página 175 com padrão 1: 10/2023
2025-06-08 14:09:48,562 - pdf_extractor - INFO - Extraídos 34 registros das tabelas na página 175
2025-06-08 14:09:48,761 - pdf_extractor - INFO - Competência encontrada na página 176 com padrão 1: 10/2023
2025-06-08 14:09:48,842 - pdf_extractor - INFO - Extraídos 35 registros das tabelas na página 176
2025-06-08 14:09:48,900 - pdf_extractor - INFO - Competência encontrada na página 177 com padrão 1: 10/2023
2025-06-08 14:09:48,911 - pdf_extractor - INFO - Extraídos 8 registros das tabelas na página 177
2025-06-08 14:09:49,156 - pdf_extractor - INFO - Competência encontrada na página 178 com padrão 1: 11/2023
2025-06-08 14:09:49,244 - pdf_extractor - INFO - Extraídos 35 registros das tabelas na página 178
2025-06-08 14:09:49,476 - pdf_extractor - INFO - Competência encontrada na página 179 com padrão 1: 11/2023
2025-06-08 14:09:49,567 - pdf_extractor - INFO - Extraídos 34 registros das tabelas na página 179
2025-06-08 14:09:49,780 - pdf_extractor - INFO - Competência encontrada na página 180 com padrão 1: 11/2023
2025-06-08 14:09:49,896 - pdf_extractor - INFO - Extraídos 34 registros das tabelas na página 180
2025-06-08 14:09:50,148 - pdf_extractor - INFO - Competência encontrada na página 181 com padrão 1: 11/2023
2025-06-08 14:09:50,242 - pdf_extractor - INFO - Extraídos 35 registros das tabelas na página 181
2025-06-08 14:09:50,455 - pdf_extractor - INFO - Competência encontrada na página 182 com padrão 1: 11/2023
2025-06-08 14:09:50,548 - pdf_extractor - INFO - Extraídos 34 registros das tabelas na página 182
2025-06-08 14:09:50,762 - pdf_extractor - INFO - Competência encontrada na página 183 com padrão 1: 11/2023
2025-06-08 14:09:50,863 - pdf_extractor - INFO - Extraídos 35 registros das tabelas na página 183
2025-06-08 14:09:51,084 - pdf_extractor - INFO - Competência encontrada na página 184 com padrão 1: 11/2023
2025-06-08 14:09:51,186 - pdf_extractor - INFO - Extraídos 34 registros das tabelas na página 184
2025-06-08 14:09:51,408 - pdf_extractor - INFO - Competência encontrada na página 185 com padrão 1: 11/2023
2025-06-08 14:09:51,491 - pdf_extractor - INFO - Extraídos 35 registros das tabelas na página 185
2025-06-08 14:09:51,678 - pdf_extractor - INFO - Competência encontrada na página 186 com padrão 1: 11/2023
2025-06-08 14:09:51,749 - pdf_extractor - INFO - Extraídos 30 registros das tabelas na página 186
2025-06-08 14:09:51,951 - pdf_extractor - INFO - Competência encontrada na página 187 com padrão 1: 12/2023
2025-06-08 14:09:52,034 - pdf_extractor - INFO - Extraídos 35 registros das tabelas na página 187
2025-06-08 14:09:52,257 - pdf_extractor - INFO - Competência encontrada na página 188 com padrão 1: 12/2023
2025-06-08 14:09:52,399 - pdf_extractor - INFO - Extraídos 34 registros das tabelas na página 188
2025-06-08 14:09:52,627 - pdf_extractor - INFO - Competência encontrada na página 189 com padrão 1: 12/2023
2025-06-08 14:09:52,715 - pdf_extractor - INFO - Extraídos 34 registros das tabelas na página 189
2025-06-08 14:09:52,922 - pdf_extractor - INFO - Competência encontrada na página 190 com padrão 1: 12/2023
2025-06-08 14:09:53,007 - pdf_extractor - INFO - Encontrado tomador '50 BATALHÃO DE INFANTARIA': 50 BATALHÃO DE INFANTARIA DE
2025-06-08 14:09:53,008 - pdf_extractor - INFO - Extraídos 35 registros das tabelas na página 190
2025-06-08 14:09:53,212 - pdf_extractor - INFO - Competência encontrada na página 191 com padrão 1: 12/2023
2025-06-08 14:09:53,296 - pdf_extractor - INFO - Extraídos 34 registros das tabelas na página 191
2025-06-08 14:09:53,529 - pdf_extractor - INFO - Competência encontrada na página 192 com padrão 1: 12/2023
2025-06-08 14:09:53,615 - pdf_extractor - INFO - Extraídos 35 registros das tabelas na página 192
2025-06-08 14:09:53,828 - pdf_extractor - INFO - Competência encontrada na página 193 com padrão 1: 12/2023
2025-06-08 14:09:53,915 - pdf_extractor - INFO - Extraídos 34 registros das tabelas na página 193
2025-06-08 14:09:54,148 - pdf_extractor - INFO - Competência encontrada na página 194 com padrão 1: 12/2023
2025-06-08 14:09:54,239 - pdf_extractor - INFO - Extraídos 34 registros das tabelas na página 194
2025-06-08 14:09:54,436 - pdf_extractor - INFO - Competência encontrada na página 195 com padrão 1: 12/2023
2025-06-08 14:09:54,524 - pdf_extractor - INFO - Extraídos 34 registros das tabelas na página 195
2025-06-08 14:09:55,343 - pdf_extractor - INFO - Competência encontrada na página 196 com padrão 1: 12/2023
2025-06-08 14:09:55,352 - pdf_extractor - INFO - Extraídos 6 registros das tabelas na página 196
2025-06-08 14:09:55,388 - pdf_extractor - INFO - Competência encontrada na página 197 com padrão 4: 04/2025
2025-06-08 14:09:55,390 - pdf_extractor - INFO - Encontrado padrão específico 04/2025 no texto
2025-06-08 14:09:55,391 - pdf_extractor - INFO - Competência encontrada no texto: 04/2025
2025-06-08 14:09:55,391 - pdf_extractor - WARNING - Nenhum dado extraído do texto na página 197
2025-06-08 14:09:55,425 - pdf_extractor - INFO - Competência encontrada na página 198 com padrão 4: 04/2025
2025-06-08 14:09:55,429 - pdf_extractor - INFO - Encontrado padrão específico 04/2025 no texto
2025-06-08 14:09:55,429 - pdf_extractor - INFO - Competência encontrada no texto: 04/2025
2025-06-08 14:09:55,429 - pdf_extractor - WARNING - Nenhum dado extraído do texto na página 198
2025-06-08 14:09:55,461 - pdf_extractor - INFO - Competência encontrada na página 199 com padrão 4: 04/2025
2025-06-08 14:09:55,464 - pdf_extractor - INFO - Encontrado padrão específico 04/2025 no texto
2025-06-08 14:09:55,464 - pdf_extractor - INFO - Competência encontrada no texto: 04/2025
2025-06-08 14:09:55,464 - pdf_extractor - WARNING - Nenhum dado extraído do texto na página 199
2025-06-08 14:09:55,727 - pdf_extractor - INFO - Competência encontrada na página 200 com padrão 1: 01/2024
2025-06-08 14:09:55,816 - pdf_extractor - INFO - Extraídos 35 registros das tabelas na página 200
2025-06-08 14:09:56,024 - pdf_extractor - INFO - Competência encontrada na página 201 com padrão 1: 01/2024
2025-06-08 14:09:56,112 - pdf_extractor - INFO - Extraídos 34 registros das tabelas na página 201
2025-06-08 14:09:56,320 - pdf_extractor - INFO - Competência encontrada na página 202 com padrão 1: 01/2024
2025-06-08 14:09:56,413 - pdf_extractor - INFO - Encontrado tomador '50 BATALHÃO DE INFANTARIA': 50 BATALHÃO DE INFANTARIA DE
2025-06-08 14:09:56,413 - pdf_extractor - INFO - Encontrado tomador '50 BATALHÃO DE INFANTARIA': 50 BATALHÃO DE INFANTARIA DE
2025-06-08 14:09:56,413 - pdf_extractor - INFO - Encontrado tomador '50 BATALHÃO DE INFANTARIA': 50 BATALHÃO DE INFANTARIA DE
2025-06-08 14:09:56,413 - pdf_extractor - INFO - Extraídos 35 registros das tabelas na página 202
2025-06-08 14:09:56,625 - pdf_extractor - INFO - Competência encontrada na página 203 com padrão 1: 01/2024
2025-06-08 14:09:56,717 - pdf_extractor - INFO - Extraídos 34 registros das tabelas na página 203
2025-06-08 14:09:56,970 - pdf_extractor - INFO - Competência encontrada na página 204 com padrão 1: 01/2024
2025-06-08 14:09:57,055 - pdf_extractor - INFO - Extraídos 34 registros das tabelas na página 204
2025-06-08 14:09:57,284 - pdf_extractor - INFO - Competência encontrada na página 205 com padrão 1: 01/2024
2025-06-08 14:09:57,375 - pdf_extractor - INFO - Extraídos 35 registros das tabelas na página 205
2025-06-08 14:09:57,572 - pdf_extractor - INFO - Competência encontrada na página 206 com padrão 1: 01/2024
2025-06-08 14:09:57,650 - pdf_extractor - INFO - Extraídos 34 registros das tabelas na página 206
2025-06-08 14:09:57,876 - pdf_extractor - INFO - Competência encontrada na página 207 com padrão 1: 01/2024
2025-06-08 14:09:57,982 - pdf_extractor - INFO - Extraídos 34 registros das tabelas na página 207
2025-06-08 14:09:58,146 - pdf_extractor - INFO - Competência encontrada na página 208 com padrão 1: 01/2024
2025-06-08 14:09:58,204 - pdf_extractor - INFO - Extraídos 27 registros das tabelas na página 208
2025-06-08 14:09:58,419 - pdf_extractor - INFO - Competência encontrada na página 209 com padrão 1: 02/2024
2025-06-08 14:09:58,529 - pdf_extractor - INFO - Extraídos 33 registros das tabelas na página 209
2025-06-08 14:09:58,770 - pdf_extractor - INFO - Competência encontrada na página 210 com padrão 1: 02/2024
2025-06-08 14:09:58,864 - pdf_extractor - INFO - Extraídos 32 registros das tabelas na página 210
2025-06-08 14:09:59,103 - pdf_extractor - INFO - Competência encontrada na página 211 com padrão 1: 02/2024
2025-06-08 14:09:59,192 - pdf_extractor - INFO - Extraídos 35 registros das tabelas na página 211
2025-06-08 14:09:59,407 - pdf_extractor - INFO - Competência encontrada na página 212 com padrão 1: 02/2024
2025-06-08 14:09:59,498 - pdf_extractor - INFO - Encontrado tomador '50 BATALHÃO DE INFANTARIA': 50 BATALHÃO DE INFANTARIA DE
2025-06-08 14:09:59,498 - pdf_extractor - INFO - Encontrado tomador '50 BATALHÃO DE INFANTARIA': 50 BATALHÃO DE INFANTARIA DE
2025-06-08 14:09:59,499 - pdf_extractor - INFO - Extraídos 34 registros das tabelas na página 212
2025-06-08 14:09:59,700 - pdf_extractor - INFO - Competência encontrada na página 213 com padrão 1: 02/2024
2025-06-08 14:09:59,784 - pdf_extractor - INFO - Extraídos 34 registros das tabelas na página 213
2025-06-08 14:09:59,996 - pdf_extractor - INFO - Competência encontrada na página 214 com padrão 1: 02/2024
2025-06-08 14:10:00,145 - pdf_extractor - WARNING - Não foi possível converter '%' para float.
2025-06-08 14:10:00,145 - pdf_extractor - INFO - Extraídos 34 registros das tabelas na página 214
2025-06-08 14:10:00,384 - pdf_extractor - INFO - Competência encontrada na página 215 com padrão 1: 02/2024
2025-06-08 14:10:00,474 - pdf_extractor - INFO - Extraídos 34 registros das tabelas na página 215
2025-06-08 14:10:00,680 - pdf_extractor - INFO - Competência encontrada na página 216 com padrão 1: 02/2024
2025-06-08 14:10:00,767 - pdf_extractor - INFO - Extraídos 34 registros das tabelas na página 216
2025-06-08 14:10:00,925 - pdf_extractor - INFO - Competência encontrada na página 217 com padrão 1: 02/2024
2025-06-08 14:10:00,982 - pdf_extractor - INFO - Extraídos 27 registros das tabelas na página 217
2025-06-08 14:10:01,183 - pdf_extractor - INFO - Competência encontrada na página 218 com padrão 1: 03/2024
2025-06-08 14:10:01,301 - pdf_extractor - INFO - Extraídos 35 registros das tabelas na página 218
2025-06-08 14:10:01,497 - pdf_extractor - INFO - Competência encontrada na página 219 com padrão 1: 03/2024
2025-06-08 14:10:01,580 - pdf_extractor - INFO - Extraídos 33 registros das tabelas na página 219
2025-06-08 14:10:01,796 - pdf_extractor - INFO - Competência encontrada na página 220 com padrão 1: 03/2024
2025-06-08 14:10:01,899 - pdf_extractor - INFO - Extraídos 34 registros das tabelas na página 220
2025-06-08 14:10:02,111 - pdf_extractor - INFO - Competência encontrada na página 221 com padrão 1: 03/2024
2025-06-08 14:10:02,201 - pdf_extractor - INFO - Extraídos 35 registros das tabelas na página 221
2025-06-08 14:10:02,445 - pdf_extractor - INFO - Competência encontrada na página 222 com padrão 1: 03/2024
2025-06-08 14:10:02,535 - pdf_extractor - INFO - Extraídos 34 registros das tabelas na página 222
2025-06-08 14:10:02,731 - pdf_extractor - INFO - Competência encontrada na página 223 com padrão 1: 03/2024
2025-06-08 14:10:02,813 - pdf_extractor - INFO - Extraídos 33 registros das tabelas na página 223
2025-06-08 14:10:03,019 - pdf_extractor - INFO - Competência encontrada na página 224 com padrão 1: 03/2024
2025-06-08 14:10:03,108 - pdf_extractor - INFO - Encontrado tomador '50 BATALHÃO DE INFANTARIA': 50 BATALHÃO DE INFANTARIA DE
2025-06-08 14:10:03,109 - pdf_extractor - INFO - Encontrado tomador '50 BATALHÃO DE INFANTARIA': 50 BATALHÃO DE INFANTARIA DE
2025-06-08 14:10:03,109 - pdf_extractor - INFO - Encontrado tomador '50 BATALHÃO DE INFANTARIA': 50 BATALHÃO DE INFANTARIA DE
2025-06-08 14:10:03,109 - pdf_extractor - WARNING - Não foi possível converter '%' para float.
2025-06-08 14:10:03,110 - pdf_extractor - INFO - Extraídos 34 registros das tabelas na página 224
2025-06-08 14:10:03,320 - pdf_extractor - INFO - Competência encontrada na página 225 com padrão 1: 03/2024
2025-06-08 14:10:03,439 - pdf_extractor - INFO - Extraídos 34 registros das tabelas na página 225
2025-06-08 14:10:03,669 - pdf_extractor - INFO - Competência encontrada na página 226 com padrão 1: 03/2024
2025-06-08 14:10:03,753 - pdf_extractor - INFO - Extraídos 34 registros das tabelas na página 226
2025-06-08 14:10:03,960 - pdf_extractor - INFO - Competência encontrada na página 227 com padrão 1: 03/2024
2025-06-08 14:10:04,042 - pdf_extractor - INFO - Extraídos 33 registros das tabelas na página 227
2025-06-08 14:10:04,109 - pdf_extractor - INFO - Competência encontrada na página 228 com padrão 1: 03/2024
2025-06-08 14:10:04,123 - pdf_extractor - INFO - Extraídos 9 registros das tabelas na página 228
2025-06-08 14:10:04,323 - pdf_extractor - INFO - Competência encontrada na página 229 com padrão 1: 04/2024
2025-06-08 14:10:04,406 - pdf_extractor - INFO - Extraídos 35 registros das tabelas na página 229
2025-06-08 14:10:04,653 - pdf_extractor - INFO - Competência encontrada na página 230 com padrão 1: 04/2024
2025-06-08 14:10:04,753 - pdf_extractor - INFO - Extraídos 34 registros das tabelas na página 230
2025-06-08 14:10:04,975 - pdf_extractor - INFO - Competência encontrada na página 231 com padrão 1: 04/2024
2025-06-08 14:10:05,069 - pdf_extractor - INFO - Extraídos 34 registros das tabelas na página 231
2025-06-08 14:10:05,283 - pdf_extractor - INFO - Competência encontrada na página 232 com padrão 1: 04/2024
2025-06-08 14:10:05,372 - pdf_extractor - INFO - Extraídos 35 registros das tabelas na página 232
2025-06-08 14:10:06,512 - pdf_extractor - INFO - Competência encontrada na página 233 com padrão 1: 04/2024
2025-06-08 14:10:06,620 - pdf_extractor - INFO - Encontrado tomador '50 BATALHÃO DE INFANTARIA': 50 BATALHÃO DE INFANTARIA DE
2025-06-08 14:10:06,620 - pdf_extractor - INFO - Encontrado tomador '50 BATALHÃO DE INFANTARIA': 50 BATALHÃO DE INFANTARIA DE
2025-06-08 14:10:06,621 - pdf_extractor - INFO - Extraídos 34 registros das tabelas na página 233
2025-06-08 14:10:06,861 - pdf_extractor - INFO - Competência encontrada na página 234 com padrão 1: 04/2024
2025-06-08 14:10:06,946 - pdf_extractor - INFO - Extraídos 35 registros das tabelas na página 234
2025-06-08 14:10:07,161 - pdf_extractor - INFO - Competência encontrada na página 235 com padrão 1: 04/2024
2025-06-08 14:10:07,245 - pdf_extractor - INFO - Extraídos 34 registros das tabelas na página 235
2025-06-08 14:10:07,451 - pdf_extractor - INFO - Competência encontrada na página 236 com padrão 1: 04/2024
2025-06-08 14:10:07,538 - pdf_extractor - INFO - Extraídos 34 registros das tabelas na página 236
2025-06-08 14:10:07,627 - pdf_extractor - INFO - Competência encontrada na página 237 com padrão 1: 04/2024
2025-06-08 14:10:07,649 - pdf_extractor - INFO - Extraídos 14 registros das tabelas na página 237
2025-06-08 14:10:07,875 - pdf_extractor - INFO - Competência encontrada na página 238 com padrão 1: 05/2024
2025-06-08 14:10:08,010 - pdf_extractor - INFO - Extraídos 34 registros das tabelas na página 238
2025-06-08 14:10:08,237 - pdf_extractor - INFO - Competência encontrada na página 239 com padrão 1: 05/2024
2025-06-08 14:10:08,331 - pdf_extractor - INFO - Extraídos 34 registros das tabelas na página 239
2025-06-08 14:10:08,533 - pdf_extractor - INFO - Competência encontrada na página 240 com padrão 1: 05/2024
2025-06-08 14:10:08,618 - pdf_extractor - INFO - Extraídos 35 registros das tabelas na página 240
2025-06-08 14:10:08,824 - pdf_extractor - INFO - Competência encontrada na página 241 com padrão 1: 05/2024
2025-06-08 14:10:08,908 - pdf_extractor - INFO - Extraídos 34 registros das tabelas na página 241
2025-06-08 14:10:09,146 - pdf_extractor - INFO - Competência encontrada na página 242 com padrão 1: 05/2024
2025-06-08 14:10:09,238 - pdf_extractor - INFO - Encontrado tomador '50 BATALHÃO DE INFANTARIA': 50 BATALHÃO DE INFANTARIA DE
2025-06-08 14:10:09,238 - pdf_extractor - INFO - Extraídos 35 registros das tabelas na página 242
2025-06-08 14:10:09,447 - pdf_extractor - INFO - Competência encontrada na página 243 com padrão 1: 05/2024
2025-06-08 14:10:09,545 - pdf_extractor - INFO - Extraídos 34 registros das tabelas na página 243
2025-06-08 14:10:09,777 - pdf_extractor - INFO - Competência encontrada na página 244 com padrão 1: 05/2024
2025-06-08 14:10:09,868 - pdf_extractor - INFO - Extraídos 35 registros das tabelas na página 244
2025-06-08 14:10:10,068 - pdf_extractor - INFO - Competência encontrada na página 245 com padrão 1: 05/2024
2025-06-08 14:10:10,166 - pdf_extractor - INFO - Extraídos 34 registros das tabelas na página 245
2025-06-08 14:10:10,394 - pdf_extractor - INFO - Competência encontrada na página 246 com padrão 1: 05/2024
2025-06-08 14:10:10,476 - pdf_extractor - INFO - Extraídos 35 registros das tabelas na página 246
2025-06-08 14:10:10,657 - pdf_extractor - INFO - Competência encontrada na página 247 com padrão 1: 05/2024
2025-06-08 14:10:10,728 - pdf_extractor - INFO - Extraídos 31 registros das tabelas na página 247
2025-06-08 14:10:10,928 - pdf_extractor - INFO - Competência encontrada na página 248 com padrão 1: 06/2024
2025-06-08 14:10:11,019 - pdf_extractor - INFO - Extraídos 34 registros das tabelas na página 248
2025-06-08 14:10:11,242 - pdf_extractor - INFO - Competência encontrada na página 249 com padrão 1: 06/2024
2025-06-08 14:10:11,368 - pdf_extractor - INFO - Extraídos 34 registros das tabelas na página 249
2025-06-08 14:10:11,587 - pdf_extractor - INFO - Competência encontrada na página 250 com padrão 1: 06/2024
2025-06-08 14:10:11,677 - pdf_extractor - INFO - Extraídos 34 registros das tabelas na página 250
2025-06-08 14:10:11,885 - pdf_extractor - INFO - Competência encontrada na página 251 com padrão 1: 06/2024
2025-06-08 14:10:11,971 - pdf_extractor - INFO - Encontrado tomador '50 BATALHÃO DE INFANTARIA': 50 BATALHÃO DE INFANTARIA DE
2025-06-08 14:10:11,971 - pdf_extractor - INFO - Encontrado tomador '50 BATALHÃO DE INFANTARIA': 50 BATALHÃO DE INFANTARIA DE
2025-06-08 14:10:11,972 - pdf_extractor - INFO - Extraídos 35 registros das tabelas na página 251
2025-06-08 14:10:12,183 - pdf_extractor - INFO - Competência encontrada na página 252 com padrão 1: 06/2024
2025-06-08 14:10:12,271 - pdf_extractor - INFO - Extraídos 34 registros das tabelas na página 252
2025-06-08 14:10:12,495 - pdf_extractor - INFO - Competência encontrada na página 253 com padrão 1: 06/2024
2025-06-08 14:10:12,583 - pdf_extractor - INFO - Extraídos 34 registros das tabelas na página 253
2025-06-08 14:10:12,798 - pdf_extractor - INFO - Competência encontrada na página 254 com padrão 1: 06/2024
2025-06-08 14:10:12,903 - pdf_extractor - INFO - Extraídos 34 registros das tabelas na página 254
2025-06-08 14:10:13,104 - pdf_extractor - INFO - Competência encontrada na página 255 com padrão 1: 06/2024
2025-06-08 14:10:13,181 - pdf_extractor - INFO - Extraídos 33 registros das tabelas na página 255
2025-06-08 14:10:13,197 - pdf_extractor - INFO - Competência encontrada na página 256 com padrão 1: 06/2024
2025-06-08 14:10:13,198 - pdf_extractor - INFO - Competência encontrada no texto: 06/2024
2025-06-08 14:10:13,199 - pdf_extractor - WARNING - Nenhum dado extraído do texto na página 256
2025-06-08 14:10:13,399 - pdf_extractor - INFO - Competência encontrada na página 257 com padrão 1: 07/2024
2025-06-08 14:10:13,496 - pdf_extractor - INFO - Extraídos 35 registros das tabelas na página 257
2025-06-08 14:10:13,706 - pdf_extractor - INFO - Competência encontrada na página 258 com padrão 1: 07/2024
2025-06-08 14:10:13,791 - pdf_extractor - INFO - Extraídos 34 registros das tabelas na página 258
2025-06-08 14:10:13,986 - pdf_extractor - INFO - Competência encontrada na página 259 com padrão 1: 07/2024
2025-06-08 14:10:14,065 - pdf_extractor - INFO - Extraídos 34 registros das tabelas na página 259
2025-06-08 14:10:14,284 - pdf_extractor - INFO - Competência encontrada na página 260 com padrão 1: 07/2024
2025-06-08 14:10:14,418 - pdf_extractor - INFO - Extraídos 35 registros das tabelas na página 260
2025-06-08 14:10:14,655 - pdf_extractor - INFO - Competência encontrada na página 261 com padrão 1: 07/2024
2025-06-08 14:10:14,755 - pdf_extractor - INFO - Encontrado tomador '50 BATALHÃO DE INFANTARIA': 50 BATALHÃO DE INFANTARIA DE
2025-06-08 14:10:14,755 - pdf_extractor - INFO - Encontrado tomador '50 BATALHÃO DE INFANTARIA': 50 BATALHÃO DE INFANTARIA DE
2025-06-08 14:10:14,756 - pdf_extractor - INFO - Extraídos 34 registros das tabelas na página 261
2025-06-08 14:10:14,960 - pdf_extractor - INFO - Competência encontrada na página 262 com padrão 1: 07/2024
2025-06-08 14:10:15,045 - pdf_extractor - INFO - Extraídos 35 registros das tabelas na página 262
2025-06-08 14:10:15,253 - pdf_extractor - INFO - Competência encontrada na página 263 com padrão 1: 07/2024
2025-06-08 14:10:15,342 - pdf_extractor - INFO - Extraídos 34 registros das tabelas na página 263
2025-06-08 14:10:15,552 - pdf_extractor - INFO - Competência encontrada na página 264 com padrão 1: 07/2024
2025-06-08 14:10:15,645 - pdf_extractor - INFO - Extraídos 35 registros das tabelas na página 264
2025-06-08 14:10:15,897 - pdf_extractor - INFO - Competência encontrada na página 265 com padrão 1: 07/2024
2025-06-08 14:10:16,005 - pdf_extractor - INFO - Extraídos 34 registros das tabelas na página 265
2025-06-08 14:10:16,212 - pdf_extractor - INFO - Competência encontrada na página 266 com padrão 1: 07/2024
2025-06-08 14:10:16,292 - pdf_extractor - INFO - Extraídos 33 registros das tabelas na página 266
2025-06-08 14:10:16,318 - pdf_extractor - INFO - Competência encontrada na página 267 com padrão 1: 07/2024
2025-06-08 14:10:16,322 - pdf_extractor - INFO - Extraídos 2 registros das tabelas na página 267
2025-06-08 14:10:16,524 - pdf_extractor - INFO - Competência encontrada na página 268 com padrão 1: 08/2024
2025-06-08 14:10:16,607 - pdf_extractor - INFO - Extraídos 34 registros das tabelas na página 268
2025-06-08 14:10:16,802 - pdf_extractor - INFO - Competência encontrada na página 269 com padrão 1: 08/2024
2025-06-08 14:10:16,917 - pdf_extractor - INFO - Extraídos 34 registros das tabelas na página 269
2025-06-08 14:10:17,129 - pdf_extractor - INFO - Competência encontrada na página 270 com padrão 1: 08/2024
2025-06-08 14:10:17,229 - pdf_extractor - INFO - Extraídos 35 registros das tabelas na página 270
2025-06-08 14:10:17,435 - pdf_extractor - INFO - Competência encontrada na página 271 com padrão 1: 08/2024
2025-06-08 14:10:17,541 - pdf_extractor - INFO - Extraídos 34 registros das tabelas na página 271
2025-06-08 14:10:17,750 - pdf_extractor - INFO - Competência encontrada na página 272 com padrão 1: 08/2024
2025-06-08 14:10:17,833 - pdf_extractor - INFO - Extraídos 35 registros das tabelas na página 272
2025-06-08 14:10:18,061 - pdf_extractor - INFO - Competência encontrada na página 273 com padrão 1: 08/2024
2025-06-08 14:10:18,144 - pdf_extractor - INFO - Encontrado tomador '50 BATALHÃO DE INFANTARIA': 50 BATALHÃO DE INFANTARIA DE
2025-06-08 14:10:18,144 - pdf_extractor - INFO - Encontrado tomador '50 BATALHÃO DE INFANTARIA': 50 BATALHÃO DE INFANTARIA DE
2025-06-08 14:10:18,144 - pdf_extractor - INFO - Encontrado tomador '50 BATALHÃO DE INFANTARIA': 50 BATALHÃO DE INFANTARIA DE
2025-06-08 14:10:18,145 - pdf_extractor - INFO - Encontrado tomador '50 BATALHÃO DE INFANTARIA': 50 BATALHÃO DE INFANTARIA DE
2025-06-08 14:10:18,145 - pdf_extractor - INFO - Encontrado tomador '50 BATALHÃO DE INFANTARIA': 50 BATALHÃO DE INFANTARIA DE
2025-06-08 14:10:18,145 - pdf_extractor - INFO - Extraídos 34 registros das tabelas na página 273
2025-06-08 14:10:18,349 - pdf_extractor - INFO - Competência encontrada na página 274 com padrão 1: 08/2024
2025-06-08 14:10:18,438 - pdf_extractor - INFO - Extraídos 34 registros das tabelas na página 274
2025-06-08 14:10:19,789 - pdf_extractor - INFO - Competência encontrada na página 275 com padrão 1: 08/2024
2025-06-08 14:10:19,877 - pdf_extractor - INFO - Extraídos 35 registros das tabelas na página 275
2025-06-08 14:10:20,072 - pdf_extractor - INFO - Competência encontrada na página 276 com padrão 1: 08/2024
2025-06-08 14:10:20,152 - pdf_extractor - INFO - Extraídos 34 registros das tabelas na página 276
2025-06-08 14:10:20,411 - pdf_extractor - INFO - Competência encontrada na página 277 com padrão 1: 08/2024
2025-06-08 14:10:20,513 - pdf_extractor - INFO - Extraídos 32 registros das tabelas na página 277
2025-06-08 14:10:20,530 - pdf_extractor - INFO - Competência encontrada na página 278 com padrão 1: 08/2024
2025-06-08 14:10:20,532 - pdf_extractor - INFO - Competência encontrada no texto: 08/2024
2025-06-08 14:10:20,532 - pdf_extractor - WARNING - Nenhum dado extraído do texto na página 278
2025-06-08 14:10:20,765 - pdf_extractor - INFO - Competência encontrada na página 279 com padrão 1: 09/2024
2025-06-08 14:10:20,857 - pdf_extractor - INFO - Extraídos 35 registros das tabelas na página 279
2025-06-08 14:10:21,059 - pdf_extractor - INFO - Competência encontrada na página 280 com padrão 1: 09/2024
2025-06-08 14:10:21,141 - pdf_extractor - INFO - Extraídos 34 registros das tabelas na página 280
2025-06-08 14:10:21,365 - pdf_extractor - INFO - Competência encontrada na página 281 com padrão 1: 09/2024
2025-06-08 14:10:21,457 - pdf_extractor - INFO - Extraídos 34 registros das tabelas na página 281
2025-06-08 14:10:21,654 - pdf_extractor - INFO - Competência encontrada na página 282 com padrão 1: 09/2024
2025-06-08 14:10:21,737 - pdf_extractor - INFO - Extraídos 34 registros das tabelas na página 282
2025-06-08 14:10:21,948 - pdf_extractor - INFO - Competência encontrada na página 283 com padrão 1: 09/2024
2025-06-08 14:10:22,052 - pdf_extractor - INFO - Extraídos 35 registros das tabelas na página 283
2025-06-08 14:10:22,316 - pdf_extractor - INFO - Competência encontrada na página 284 com padrão 1: 09/2024
2025-06-08 14:10:22,451 - pdf_extractor - INFO - Extraídos 34 registros das tabelas na página 284
2025-06-08 14:10:22,670 - pdf_extractor - INFO - Competência encontrada na página 285 com padrão 1: 09/2024
2025-06-08 14:10:22,754 - pdf_extractor - INFO - Encontrado tomador '50 BATALHÃO DE INFANTARIA': 50 BATALHÃO DE INFANTARIA DE
2025-06-08 14:10:22,754 - pdf_extractor - INFO - Encontrado tomador '50 BATALHÃO DE INFANTARIA': 50 BATALHÃO DE INFANTARIA DE
2025-06-08 14:10:22,755 - pdf_extractor - INFO - Extraídos 34 registros das tabelas na página 285
2025-06-08 14:10:22,975 - pdf_extractor - INFO - Competência encontrada na página 286 com padrão 1: 09/2024
2025-06-08 14:10:23,063 - pdf_extractor - INFO - Extraídos 35 registros das tabelas na página 286
2025-06-08 14:10:23,234 - pdf_extractor - INFO - Competência encontrada na página 287 com padrão 1: 09/2024
2025-06-08 14:10:23,297 - pdf_extractor - INFO - Extraídos 28 registros das tabelas na página 287
2025-06-08 14:10:23,496 - pdf_extractor - INFO - Competência encontrada na página 288 com padrão 1: 10/2024
2025-06-08 14:10:23,635 - pdf_extractor - WARNING - Não foi possível converter '%' para float.
2025-06-08 14:10:23,635 - pdf_extractor - INFO - Extraídos 35 registros das tabelas na página 288
2025-06-08 14:10:23,864 - pdf_extractor - INFO - Competência encontrada na página 289 com padrão 1: 10/2024
2025-06-08 14:10:23,949 - pdf_extractor - INFO - Extraídos 33 registros das tabelas na página 289
2025-06-08 14:10:24,149 - pdf_extractor - INFO - Competência encontrada na página 290 com padrão 1: 10/2024
2025-06-08 14:10:24,229 - pdf_extractor - INFO - Extraídos 35 registros das tabelas na página 290
2025-06-08 14:10:24,435 - pdf_extractor - INFO - Competência encontrada na página 291 com padrão 1: 10/2024
2025-06-08 14:10:24,523 - pdf_extractor - INFO - Extraídos 34 registros das tabelas na página 291
2025-06-08 14:10:24,759 - pdf_extractor - INFO - Competência encontrada na página 292 com padrão 1: 10/2024
2025-06-08 14:10:24,843 - pdf_extractor - INFO - Extraídos 34 registros das tabelas na página 292
2025-06-08 14:10:25,061 - pdf_extractor - INFO - Competência encontrada na página 293 com padrão 1: 10/2024
2025-06-08 14:10:25,169 - pdf_extractor - INFO - Extraídos 35 registros das tabelas na página 293
2025-06-08 14:10:25,394 - pdf_extractor - INFO - Competência encontrada na página 294 com padrão 1: 10/2024
2025-06-08 14:10:25,479 - pdf_extractor - INFO - Encontrado tomador '50 BATALHÃO DE INFANTARIA': 50 BATALHÃO DE INFANTARIA DE
2025-06-08 14:10:25,480 - pdf_extractor - INFO - Extraídos 34 registros das tabelas na página 294
2025-06-08 14:10:25,685 - pdf_extractor - INFO - Competência encontrada na página 295 com padrão 1: 10/2024
2025-06-08 14:10:25,772 - pdf_extractor - INFO - Extraídos 34 registros das tabelas na página 295
2025-06-08 14:10:25,997 - pdf_extractor - INFO - Competência encontrada na página 296 com padrão 1: 10/2024
2025-06-08 14:10:26,081 - pdf_extractor - INFO - Encontrado tomador '50 BATALHÃO DE INFANTARIA': 50 BATALHÃO DE INFANTARIA DE
2025-06-08 14:10:26,082 - pdf_extractor - INFO - Extraídos 35 registros das tabelas na página 296
2025-06-08 14:10:26,282 - pdf_extractor - INFO - Competência encontrada na página 297 com padrão 1: 10/2024
2025-06-08 14:10:26,365 - pdf_extractor - INFO - Extraídos 34 registros das tabelas na página 297
2025-06-08 14:10:26,436 - pdf_extractor - INFO - Competência encontrada na página 298 com padrão 1: 10/2024
2025-06-08 14:10:26,450 - pdf_extractor - INFO - Extraídos 10 registros das tabelas na página 298
2025-06-08 14:10:26,657 - pdf_extractor - INFO - Competência encontrada na página 299 com padrão 1: 11/2024
2025-06-08 14:10:26,760 - pdf_extractor - INFO - Extraídos 35 registros das tabelas na página 299
2025-06-08 14:10:27,017 - pdf_extractor - INFO - Competência encontrada na página 300 com padrão 1: 11/2024
2025-06-08 14:10:27,109 - pdf_extractor - INFO - Extraídos 34 registros das tabelas na página 300
2025-06-08 14:10:27,324 - pdf_extractor - INFO - Competência encontrada na página 301 com padrão 1: 11/2024
2025-06-08 14:10:27,406 - pdf_extractor - INFO - Extraídos 34 registros das tabelas na página 301
2025-06-08 14:10:27,602 - pdf_extractor - INFO - Competência encontrada na página 302 com padrão 1: 11/2024
2025-06-08 14:10:27,682 - pdf_extractor - INFO - Extraídos 34 registros das tabelas na página 302
2025-06-08 14:10:27,887 - pdf_extractor - INFO - Competência encontrada na página 303 com padrão 1: 11/2024
2025-06-08 14:10:27,974 - pdf_extractor - INFO - Extraídos 35 registros das tabelas na página 303
2025-06-08 14:10:28,220 - pdf_extractor - INFO - Competência encontrada na página 304 com padrão 1: 11/2024
2025-06-08 14:10:28,323 - pdf_extractor - INFO - Encontrado tomador '50 BATALHÃO DE INFANTARIA': 50 BATALHÃO DE INFANTARIA DE
2025-06-08 14:10:28,324 - pdf_extractor - INFO - Extraídos 34 registros das tabelas na página 304
2025-06-08 14:10:28,551 - pdf_extractor - INFO - Competência encontrada na página 305 com padrão 1: 11/2024
2025-06-08 14:10:28,660 - pdf_extractor - INFO - Extraídos 34 registros das tabelas na página 305
2025-06-08 14:10:28,876 - pdf_extractor - INFO - Competência encontrada na página 306 com padrão 1: 11/2024
2025-06-08 14:10:28,962 - pdf_extractor - INFO - Extraídos 34 registros das tabelas na página 306
2025-06-08 14:10:29,185 - pdf_extractor - INFO - Competência encontrada na página 307 com padrão 1: 11/2024
2025-06-08 14:10:29,287 - pdf_extractor - INFO - Extraídos 34 registros das tabelas na página 307
2025-06-08 14:10:29,434 - pdf_extractor - INFO - Competência encontrada na página 308 com padrão 1: 11/2024
2025-06-08 14:10:29,478 - pdf_extractor - INFO - Extraídos 22 registros das tabelas na página 308
2025-06-08 14:10:29,691 - pdf_extractor - INFO - Competência encontrada na página 309 com padrão 1: 12/2024
2025-06-08 14:10:29,785 - pdf_extractor - INFO - Extraídos 35 registros das tabelas na página 309
2025-06-08 14:10:29,999 - pdf_extractor - INFO - Competência encontrada na página 310 com padrão 1: 12/2024
2025-06-08 14:10:30,100 - pdf_extractor - INFO - Extraídos 34 registros das tabelas na página 310
2025-06-08 14:10:30,370 - pdf_extractor - INFO - Competência encontrada na página 311 com padrão 1: 12/2024
2025-06-08 14:10:30,481 - pdf_extractor - INFO - Extraídos 34 registros das tabelas na página 311
2025-06-08 14:10:30,709 - pdf_extractor - INFO - Competência encontrada na página 312 com padrão 1: 12/2024
2025-06-08 14:10:30,791 - pdf_extractor - INFO - Encontrado tomador '50 BATALHÃO DE INFANTARIA': 50 BATALHÃO DE INFANTARIA DE
2025-06-08 14:10:30,792 - pdf_extractor - INFO - Extraídos 34 registros das tabelas na página 312
2025-06-08 14:10:30,991 - pdf_extractor - INFO - Competência encontrada na página 313 com padrão 1: 12/2024
2025-06-08 14:10:31,068 - pdf_extractor - INFO - Extraídos 34 registros das tabelas na página 313
2025-06-08 14:10:31,273 - pdf_extractor - INFO - Competência encontrada na página 314 com padrão 1: 12/2024
2025-06-08 14:10:31,356 - pdf_extractor - INFO - Extraídos 35 registros das tabelas na página 314
2025-06-08 14:10:31,592 - pdf_extractor - INFO - Competência encontrada na página 315 com padrão 1: 12/2024
2025-06-08 14:10:31,695 - pdf_extractor - INFO - Extraídos 34 registros das tabelas na página 315
2025-06-08 14:10:31,929 - pdf_extractor - INFO - Competência encontrada na página 316 com padrão 1: 12/2024
2025-06-08 14:10:32,022 - pdf_extractor - INFO - Extraídos 35 registros das tabelas na página 316
2025-06-08 14:10:32,238 - pdf_extractor - INFO - Competência encontrada na página 317 com padrão 1: 12/2024
2025-06-08 14:10:32,329 - pdf_extractor - INFO - Encontrado tomador '50 BATALHÃO DE INFANTARIA': 50 BATALHÃO DE INFANTARIA DE
2025-06-08 14:10:32,329 - pdf_extractor - INFO - Extraídos 34 registros das tabelas na página 317
2025-06-08 14:10:32,559 - pdf_extractor - INFO - Competência encontrada na página 318 com padrão 1: 12/2024
2025-06-08 14:10:32,656 - pdf_extractor - INFO - Extraídos 34 registros das tabelas na página 318
2025-06-08 14:10:32,800 - pdf_extractor - INFO - Competência encontrada na página 319 com padrão 1: 12/2024
2025-06-08 14:10:32,847 - pdf_extractor - INFO - Extraídos 23 registros das tabelas na página 319
2025-06-08 14:10:32,879 - pdf_extractor - INFO - Competência encontrada na página 320 com padrão 4: 04/2025
2025-06-08 14:10:32,882 - pdf_extractor - INFO - Encontrado padrão específico 04/2025 no texto
2025-06-08 14:10:32,882 - pdf_extractor - INFO - Competência encontrada no texto: 04/2025
2025-06-08 14:10:32,883 - pdf_extractor - WARNING - Nenhum dado extraído do texto na página 320
2025-06-08 14:10:32,917 - pdf_extractor - INFO - Competência encontrada na página 321 com padrão 4: 04/2025
2025-06-08 14:10:32,921 - pdf_extractor - INFO - Encontrado padrão específico 04/2025 no texto
2025-06-08 14:10:32,921 - pdf_extractor - INFO - Competência encontrada no texto: 04/2025
2025-06-08 14:10:32,922 - pdf_extractor - WARNING - Nenhum dado extraído do texto na página 321
2025-06-08 14:10:32,953 - pdf_extractor - INFO - Competência encontrada na página 322 com padrão 4: 04/2025
2025-06-08 14:10:32,956 - pdf_extractor - INFO - Encontrado padrão específico 04/2025 no texto
2025-06-08 14:10:32,956 - pdf_extractor - INFO - Competência encontrada no texto: 04/2025
2025-06-08 14:10:32,956 - pdf_extractor - WARNING - Nenhum dado extraído do texto na página 322
2025-06-08 14:10:33,173 - pdf_extractor - INFO - Competência encontrada na página 323 com padrão 1: 01/2025
2025-06-08 14:10:33,279 - pdf_extractor - INFO - Extraídos 34 registros das tabelas na página 323
2025-06-08 14:10:33,504 - pdf_extractor - INFO - Competência encontrada na página 324 com padrão 1: 01/2025
2025-06-08 14:10:33,613 - pdf_extractor - INFO - Extraídos 34 registros das tabelas na página 324
2025-06-08 14:10:33,839 - pdf_extractor - INFO - Competência encontrada na página 325 com padrão 1: 01/2025
2025-06-08 14:10:33,922 - pdf_extractor - INFO - Encontrado tomador '50 BATALHÃO DE INFANTARIA': 50 BATALHÃO DE INFANTARIA DE
2025-06-08 14:10:33,922 - pdf_extractor - INFO - Encontrado tomador '50 BATALHÃO DE INFANTARIA': 50 BATALHÃO DE INFANTARIA DE
2025-06-08 14:10:33,923 - pdf_extractor - INFO - Extraídos 34 registros das tabelas na página 325
2025-06-08 14:10:34,117 - pdf_extractor - INFO - Competência encontrada na página 326 com padrão 1: 01/2025
2025-06-08 14:10:34,198 - pdf_extractor - INFO - Extraídos 33 registros das tabelas na página 326
2025-06-08 14:10:34,270 - pdf_extractor - INFO - Competência encontrada na página 327 com padrão 1: 01/2025
2025-06-08 14:10:34,282 - pdf_extractor - INFO - Extraídos 8 registros das tabelas na página 327
2025-06-08 14:10:35,830 - pdf_extractor - INFO - Competência encontrada na página 328 com padrão 1: 02/2025
2025-06-08 14:10:35,951 - pdf_extractor - INFO - Extraídos 33 registros das tabelas na página 328
2025-06-08 14:10:36,158 - pdf_extractor - INFO - Competência encontrada na página 329 com padrão 1: 02/2025
2025-06-08 14:10:36,259 - pdf_extractor - INFO - Encontrado tomador '50 BATALHÃO DE INFANTARIA': 50 BATALHÃO DE INFANTARIA DE
2025-06-08 14:10:36,259 - pdf_extractor - INFO - Encontrado tomador '50 BATALHÃO DE INFANTARIA': 50 BATALHÃO DE INFANTARIA DE
2025-06-08 14:10:36,259 - pdf_extractor - INFO - Encontrado tomador '50 BATALHÃO DE INFANTARIA': 50 BATALHÃO DE INFANTARIA DE
2025-06-08 14:10:36,259 - pdf_extractor - INFO - Extraídos 34 registros das tabelas na página 329
2025-06-08 14:10:36,393 - pdf_extractor - INFO - Competência encontrada na página 330 com padrão 1: 02/2025
2025-06-08 14:10:36,440 - pdf_extractor - INFO - Encontrado tomador '50 BATALHÃO DE INFANTARIA': 50 BATALHÃO DE INFANTARIA DE
2025-06-08 14:10:36,440 - pdf_extractor - INFO - Extraídos 19 registros das tabelas na página 330
2025-06-08 14:10:36,660 - pdf_extractor - INFO - Competência encontrada na página 331 com padrão 1: 03/2025
2025-06-08 14:10:36,741 - pdf_extractor - INFO - Extraídos 32 registros das tabelas na página 331
2025-06-08 14:10:36,824 - pdf_extractor - INFO - Competência encontrada na página 332 com padrão 1: 03/2025
2025-06-08 14:10:36,841 - pdf_extractor - INFO - Encontrado tomador '50 BATALHÃO DE INFANTARIA': 50 BATALHÃO DE INFANTARIA DE
2025-06-08 14:10:36,841 - pdf_extractor - INFO - Encontrado tomador '50 BATALHÃO DE INFANTARIA': 50 BATALHÃO DE INFANTARIA DE
2025-06-08 14:10:36,841 - pdf_extractor - INFO - Encontrado tomador '50 BATALHÃO DE INFANTARIA': 50 BATALHÃO DE INFANTARIA DE
2025-06-08 14:10:36,841 - pdf_extractor - INFO - Encontrado tomador '50 BATALHÃO DE INFANTARIA': 50 BATALHÃO DE INFANTARIA DE
2025-06-08 14:10:36,842 - pdf_extractor - INFO - Encontrado tomador '50 BATALHÃO DE INFANTARIA': 50 BATALHÃO DE INFANTARIA DE
2025-06-08 14:10:36,842 - pdf_extractor - INFO - Extraídos 11 registros das tabelas na página 332
2025-06-08 14:10:36,946 - pdf_extractor - INFO - Competência encontrada na página 333 com padrão 1: 04/2025
2025-06-08 14:10:36,976 - pdf_extractor - INFO - Extraídos 14 registros das tabelas na página 333
2025-06-08 14:10:37,017 - pdf_extractor - INFO - Competência encontrada na página 334 com padrão 4: 04/2025
2025-06-08 14:10:37,023 - pdf_extractor - INFO - Encontrado padrão específico 04/2025 no texto
2025-06-08 14:10:37,023 - pdf_extractor - INFO - Competência encontrada no texto: 04/2025
2025-06-08 14:10:37,023 - pdf_extractor - WARNING - Nenhum dado extraído do texto na página 334
2025-06-08 14:10:37,023 - pdfminer.pdfpage - WARNING - CropBox missing from /Page, defaulting to MediaBox
2025-06-08 14:10:37,024 - pdfminer.pdfpage - WARNING - CropBox missing from /Page, defaulting to MediaBox
2025-06-08 14:10:37,024 - pdfminer.pdfpage - WARNING - CropBox missing from /Page, defaulting to MediaBox
2025-06-08 14:10:37,024 - pdfminer.pdfpage - WARNING - CropBox missing from /Page, defaulting to MediaBox
2025-06-08 14:10:37,024 - pdfminer.pdfpage - WARNING - CropBox missing from /Page, defaulting to MediaBox
2025-06-08 14:10:37,024 - pdfminer.pdfpage - WARNING - CropBox missing from /Page, defaulting to MediaBox
2025-06-08 14:10:37,024 - pdfminer.pdfpage - WARNING - CropBox missing from /Page, defaulting to MediaBox
2025-06-08 14:10:37,024 - pdfminer.pdfpage - WARNING - CropBox missing from /Page, defaulting to MediaBox
2025-06-08 14:10:37,024 - pdfminer.pdfpage - WARNING - CropBox missing from /Page, defaulting to MediaBox
2025-06-08 14:10:37,024 - pdfminer.pdfpage - WARNING - CropBox missing from /Page, defaulting to MediaBox
2025-06-08 14:10:37,025 - pdfminer.pdfpage - WARNING - CropBox missing from /Page, defaulting to MediaBox
2025-06-08 14:10:37,025 - pdfminer.pdfpage - WARNING - CropBox missing from /Page, defaulting to MediaBox
2025-06-08 14:10:37,025 - pdfminer.pdfpage - WARNING - CropBox missing from /Page, defaulting to MediaBox
2025-06-08 14:10:37,025 - pdfminer.pdfpage - WARNING - CropBox missing from /Page, defaulting to MediaBox
2025-06-08 14:10:37,025 - pdfminer.pdfpage - WARNING - CropBox missing from /Page, defaulting to MediaBox
2025-06-08 14:10:37,025 - pdfminer.pdfpage - WARNING - CropBox missing from /Page, defaulting to MediaBox
2025-06-08 14:10:37,025 - pdfminer.pdfpage - WARNING - CropBox missing from /Page, defaulting to MediaBox
2025-06-08 14:10:37,026 - pdfminer.pdfpage - WARNING - CropBox missing from /Page, defaulting to MediaBox
2025-06-08 14:10:37,026 - pdfminer.pdfpage - WARNING - CropBox missing from /Page, defaulting to MediaBox
2025-06-08 14:10:37,026 - pdfminer.pdfpage - WARNING - CropBox missing from /Page, defaulting to MediaBox
2025-06-08 14:10:37,026 - pdfminer.pdfpage - WARNING - CropBox missing from /Page, defaulting to MediaBox
2025-06-08 14:10:37,026 - pdfminer.pdfpage - WARNING - CropBox missing from /Page, defaulting to MediaBox
2025-06-08 14:10:37,026 - pdfminer.pdfpage - WARNING - CropBox missing from /Page, defaulting to MediaBox
2025-06-08 14:10:37,026 - pdfminer.pdfpage - WARNING - CropBox missing from /Page, defaulting to MediaBox
2025-06-08 14:10:37,027 - pdfminer.pdfpage - WARNING - CropBox missing from /Page, defaulting to MediaBox
2025-06-08 14:10:37,027 - pdfminer.pdfpage - WARNING - CropBox missing from /Page, defaulting to MediaBox
2025-06-08 14:10:37,027 - pdfminer.pdfpage - WARNING - CropBox missing from /Page, defaulting to MediaBox
2025-06-08 14:10:37,027 - pdfminer.pdfpage - WARNING - CropBox missing from /Page, defaulting to MediaBox
2025-06-08 14:10:37,027 - pdfminer.pdfpage - WARNING - CropBox missing from /Page, defaulting to MediaBox
2025-06-08 14:10:37,027 - pdfminer.pdfpage - WARNING - CropBox missing from /Page, defaulting to MediaBox
2025-06-08 14:10:37,027 - pdfminer.pdfpage - WARNING - CropBox missing from /Page, defaulting to MediaBox
2025-06-08 14:10:37,028 - pdfminer.pdfpage - WARNING - CropBox missing from /Page, defaulting to MediaBox
2025-06-08 14:10:37,028 - pdfminer.pdfpage - WARNING - CropBox missing from /Page, defaulting to MediaBox
2025-06-08 14:10:37,028 - pdfminer.pdfpage - WARNING - CropBox missing from /Page, defaulting to MediaBox
2025-06-08 14:10:37,028 - pdfminer.pdfpage - WARNING - CropBox missing from /Page, defaulting to MediaBox
2025-06-08 14:10:37,028 - pdfminer.pdfpage - WARNING - CropBox missing from /Page, defaulting to MediaBox
2025-06-08 14:10:37,028 - pdfminer.pdfpage - WARNING - CropBox missing from /Page, defaulting to MediaBox
2025-06-08 14:10:37,028 - pdfminer.pdfpage - WARNING - CropBox missing from /Page, defaulting to MediaBox
2025-06-08 14:10:37,029 - pdfminer.pdfpage - WARNING - CropBox missing from /Page, defaulting to MediaBox
2025-06-08 14:10:37,029 - pdfminer.pdfpage - WARNING - CropBox missing from /Page, defaulting to MediaBox
2025-06-08 14:10:37,029 - pdfminer.pdfpage - WARNING - CropBox missing from /Page, defaulting to MediaBox
2025-06-08 14:10:37,029 - pdfminer.pdfpage - WARNING - CropBox missing from /Page, defaulting to MediaBox
2025-06-08 14:10:37,029 - pdfminer.pdfpage - WARNING - CropBox missing from /Page, defaulting to MediaBox
2025-06-08 14:10:37,029 - pdfminer.pdfpage - WARNING - CropBox missing from /Page, defaulting to MediaBox
2025-06-08 14:10:37,029 - pdfminer.pdfpage - WARNING - CropBox missing from /Page, defaulting to MediaBox
2025-06-08 14:10:37,030 - pdfminer.pdfpage - WARNING - CropBox missing from /Page, defaulting to MediaBox
2025-06-08 14:10:37,030 - pdfminer.pdfpage - WARNING - CropBox missing from /Page, defaulting to MediaBox
2025-06-08 14:10:37,030 - pdfminer.pdfpage - WARNING - CropBox missing from /Page, defaulting to MediaBox
2025-06-08 14:10:37,030 - pdfminer.pdfpage - WARNING - CropBox missing from /Page, defaulting to MediaBox
2025-06-08 14:10:37,030 - pdfminer.pdfpage - WARNING - CropBox missing from /Page, defaulting to MediaBox
2025-06-08 14:10:37,030 - pdfminer.pdfpage - WARNING - CropBox missing from /Page, defaulting to MediaBox
2025-06-08 14:10:37,030 - pdfminer.pdfpage - WARNING - CropBox missing from /Page, defaulting to MediaBox
2025-06-08 14:10:37,031 - pdfminer.pdfpage - WARNING - CropBox missing from /Page, defaulting to MediaBox
2025-06-08 14:10:37,031 - pdfminer.pdfpage - WARNING - CropBox missing from /Page, defaulting to MediaBox
2025-06-08 14:10:37,031 - pdfminer.pdfpage - WARNING - CropBox missing from /Page, defaulting to MediaBox
2025-06-08 14:10:37,031 - pdfminer.pdfpage - WARNING - CropBox missing from /Page, defaulting to MediaBox
2025-06-08 14:10:37,031 - pdfminer.pdfpage - WARNING - CropBox missing from /Page, defaulting to MediaBox
2025-06-08 14:10:37,031 - pdfminer.pdfpage - WARNING - CropBox missing from /Page, defaulting to MediaBox
2025-06-08 14:10:37,031 - pdfminer.pdfpage - WARNING - CropBox missing from /Page, defaulting to MediaBox
2025-06-08 14:10:37,032 - pdfminer.pdfpage - WARNING - CropBox missing from /Page, defaulting to MediaBox
2025-06-08 14:10:37,032 - pdfminer.pdfpage - WARNING - CropBox missing from /Page, defaulting to MediaBox
2025-06-08 14:10:37,032 - pdfminer.pdfpage - WARNING - CropBox missing from /Page, defaulting to MediaBox
2025-06-08 14:10:37,032 - pdfminer.pdfpage - WARNING - CropBox missing from /Page, defaulting to MediaBox
2025-06-08 14:10:37,032 - pdfminer.pdfpage - WARNING - CropBox missing from /Page, defaulting to MediaBox
2025-06-08 14:10:37,032 - pdfminer.pdfpage - WARNING - CropBox missing from /Page, defaulting to MediaBox
2025-06-08 14:10:37,032 - pdfminer.pdfpage - WARNING - CropBox missing from /Page, defaulting to MediaBox
2025-06-08 14:10:37,033 - pdfminer.pdfpage - WARNING - CropBox missing from /Page, defaulting to MediaBox
2025-06-08 14:10:37,033 - pdfminer.pdfpage - WARNING - CropBox missing from /Page, defaulting to MediaBox
2025-06-08 14:10:37,033 - pdfminer.pdfpage - WARNING - CropBox missing from /Page, defaulting to MediaBox
2025-06-08 14:10:37,033 - pdfminer.pdfpage - WARNING - CropBox missing from /Page, defaulting to MediaBox
2025-06-08 14:10:37,033 - pdfminer.pdfpage - WARNING - CropBox missing from /Page, defaulting to MediaBox
2025-06-08 14:10:37,033 - pdfminer.pdfpage - WARNING - CropBox missing from /Page, defaulting to MediaBox
2025-06-08 14:10:37,033 - pdfminer.pdfpage - WARNING - CropBox missing from /Page, defaulting to MediaBox
2025-06-08 14:10:37,034 - pdfminer.pdfpage - WARNING - CropBox missing from /Page, defaulting to MediaBox
2025-06-08 14:10:37,034 - pdfminer.pdfpage - WARNING - CropBox missing from /Page, defaulting to MediaBox
2025-06-08 14:10:37,034 - pdfminer.pdfpage - WARNING - CropBox missing from /Page, defaulting to MediaBox
2025-06-08 14:10:37,034 - pdfminer.pdfpage - WARNING - CropBox missing from /Page, defaulting to MediaBox
2025-06-08 14:10:37,034 - pdfminer.pdfpage - WARNING - CropBox missing from /Page, defaulting to MediaBox
2025-06-08 14:10:37,034 - pdfminer.pdfpage - WARNING - CropBox missing from /Page, defaulting to MediaBox
2025-06-08 14:10:37,034 - pdfminer.pdfpage - WARNING - CropBox missing from /Page, defaulting to MediaBox
2025-06-08 14:10:37,035 - pdfminer.pdfpage - WARNING - CropBox missing from /Page, defaulting to MediaBox
2025-06-08 14:10:37,035 - pdfminer.pdfpage - WARNING - CropBox missing from /Page, defaulting to MediaBox
2025-06-08 14:10:37,035 - pdfminer.pdfpage - WARNING - CropBox missing from /Page, defaulting to MediaBox
2025-06-08 14:10:37,035 - pdfminer.pdfpage - WARNING - CropBox missing from /Page, defaulting to MediaBox
2025-06-08 14:10:37,035 - pdfminer.pdfpage - WARNING - CropBox missing from /Page, defaulting to MediaBox
2025-06-08 14:10:37,035 - pdfminer.pdfpage - WARNING - CropBox missing from /Page, defaulting to MediaBox
2025-06-08 14:10:37,035 - pdfminer.pdfpage - WARNING - CropBox missing from /Page, defaulting to MediaBox
2025-06-08 14:10:37,036 - pdfminer.pdfpage - WARNING - CropBox missing from /Page, defaulting to MediaBox
2025-06-08 14:10:37,036 - pdfminer.pdfpage - WARNING - CropBox missing from /Page, defaulting to MediaBox
2025-06-08 14:10:37,036 - pdfminer.pdfpage - WARNING - CropBox missing from /Page, defaulting to MediaBox
2025-06-08 14:10:37,036 - pdfminer.pdfpage - WARNING - CropBox missing from /Page, defaulting to MediaBox
2025-06-08 14:10:37,036 - pdfminer.pdfpage - WARNING - CropBox missing from /Page, defaulting to MediaBox
2025-06-08 14:10:37,037 - pdfminer.pdfpage - WARNING - CropBox missing from /Page, defaulting to MediaBox
2025-06-08 14:10:37,037 - pdfminer.pdfpage - WARNING - CropBox missing from /Page, defaulting to MediaBox
2025-06-08 14:10:37,037 - pdfminer.pdfpage - WARNING - CropBox missing from /Page, defaulting to MediaBox
2025-06-08 14:10:37,037 - pdfminer.pdfpage - WARNING - CropBox missing from /Page, defaulting to MediaBox
2025-06-08 14:10:37,037 - pdfminer.pdfpage - WARNING - CropBox missing from /Page, defaulting to MediaBox
2025-06-08 14:10:37,037 - pdfminer.pdfpage - WARNING - CropBox missing from /Page, defaulting to MediaBox
2025-06-08 14:10:37,037 - pdfminer.pdfpage - WARNING - CropBox missing from /Page, defaulting to MediaBox
2025-06-08 14:10:37,038 - pdfminer.pdfpage - WARNING - CropBox missing from /Page, defaulting to MediaBox
2025-06-08 14:10:37,038 - pdfminer.pdfpage - WARNING - CropBox missing from /Page, defaulting to MediaBox
2025-06-08 14:10:37,038 - pdfminer.pdfpage - WARNING - CropBox missing from /Page, defaulting to MediaBox
2025-06-08 14:10:37,038 - pdfminer.pdfpage - WARNING - CropBox missing from /Page, defaulting to MediaBox
2025-06-08 14:10:37,038 - pdfminer.pdfpage - WARNING - CropBox missing from /Page, defaulting to MediaBox
2025-06-08 14:10:37,038 - pdfminer.pdfpage - WARNING - CropBox missing from /Page, defaulting to MediaBox
2025-06-08 14:10:37,039 - pdfminer.pdfpage - WARNING - CropBox missing from /Page, defaulting to MediaBox
2025-06-08 14:10:37,039 - pdfminer.pdfpage - WARNING - CropBox missing from /Page, defaulting to MediaBox
2025-06-08 14:10:37,039 - pdfminer.pdfpage - WARNING - CropBox missing from /Page, defaulting to MediaBox
2025-06-08 14:10:37,039 - pdfminer.pdfpage - WARNING - CropBox missing from /Page, defaulting to MediaBox
2025-06-08 14:10:37,039 - pdfminer.pdfpage - WARNING - CropBox missing from /Page, defaulting to MediaBox
2025-06-08 14:10:37,040 - pdfminer.pdfpage - WARNING - CropBox missing from /Page, defaulting to MediaBox
2025-06-08 14:10:37,040 - pdfminer.pdfpage - WARNING - CropBox missing from /Page, defaulting to MediaBox
2025-06-08 14:10:37,040 - pdfminer.pdfpage - WARNING - CropBox missing from /Page, defaulting to MediaBox
2025-06-08 14:10:37,040 - pdfminer.pdfpage - WARNING - CropBox missing from /Page, defaulting to MediaBox
2025-06-08 14:10:37,040 - pdfminer.pdfpage - WARNING - CropBox missing from /Page, defaulting to MediaBox
2025-06-08 14:10:37,041 - pdfminer.pdfpage - WARNING - CropBox missing from /Page, defaulting to MediaBox
2025-06-08 14:10:37,041 - pdfminer.pdfpage - WARNING - CropBox missing from /Page, defaulting to MediaBox
2025-06-08 14:10:37,041 - pdfminer.pdfpage - WARNING - CropBox missing from /Page, defaulting to MediaBox
2025-06-08 14:10:37,041 - pdfminer.pdfpage - WARNING - CropBox missing from /Page, defaulting to MediaBox
2025-06-08 14:10:37,041 - pdfminer.pdfpage - WARNING - CropBox missing from /Page, defaulting to MediaBox
2025-06-08 14:10:37,041 - pdfminer.pdfpage - WARNING - CropBox missing from /Page, defaulting to MediaBox
2025-06-08 14:10:37,042 - pdfminer.pdfpage - WARNING - CropBox missing from /Page, defaulting to MediaBox
2025-06-08 14:10:37,042 - pdfminer.pdfpage - WARNING - CropBox missing from /Page, defaulting to MediaBox
2025-06-08 14:10:37,042 - pdfminer.pdfpage - WARNING - CropBox missing from /Page, defaulting to MediaBox
2025-06-08 14:10:37,042 - pdfminer.pdfpage - WARNING - CropBox missing from /Page, defaulting to MediaBox
2025-06-08 14:10:37,042 - pdfminer.pdfpage - WARNING - CropBox missing from /Page, defaulting to MediaBox
2025-06-08 14:10:37,042 - pdfminer.pdfpage - WARNING - CropBox missing from /Page, defaulting to MediaBox
2025-06-08 14:10:37,042 - pdfminer.pdfpage - WARNING - CropBox missing from /Page, defaulting to MediaBox
2025-06-08 14:10:37,043 - pdfminer.pdfpage - WARNING - CropBox missing from /Page, defaulting to MediaBox
2025-06-08 14:10:37,043 - pdfminer.pdfpage - WARNING - CropBox missing from /Page, defaulting to MediaBox
2025-06-08 14:10:37,043 - pdfminer.pdfpage - WARNING - CropBox missing from /Page, defaulting to MediaBox
2025-06-08 14:10:37,043 - pdfminer.pdfpage - WARNING - CropBox missing from /Page, defaulting to MediaBox
2025-06-08 14:10:37,043 - pdfminer.pdfpage - WARNING - CropBox missing from /Page, defaulting to MediaBox
2025-06-08 14:10:37,043 - pdfminer.pdfpage - WARNING - CropBox missing from /Page, defaulting to MediaBox
2025-06-08 14:10:37,044 - pdfminer.pdfpage - WARNING - CropBox missing from /Page, defaulting to MediaBox
2025-06-08 14:10:37,044 - pdfminer.pdfpage - WARNING - CropBox missing from /Page, defaulting to MediaBox
2025-06-08 14:10:37,044 - pdfminer.pdfpage - WARNING - CropBox missing from /Page, defaulting to MediaBox
2025-06-08 14:10:37,044 - pdfminer.pdfpage - WARNING - CropBox missing from /Page, defaulting to MediaBox
2025-06-08 14:10:37,044 - pdfminer.pdfpage - WARNING - CropBox missing from /Page, defaulting to MediaBox
2025-06-08 14:10:37,044 - pdfminer.pdfpage - WARNING - CropBox missing from /Page, defaulting to MediaBox
2025-06-08 14:10:37,044 - pdfminer.pdfpage - WARNING - CropBox missing from /Page, defaulting to MediaBox
2025-06-08 14:10:37,045 - pdfminer.pdfpage - WARNING - CropBox missing from /Page, defaulting to MediaBox
2025-06-08 14:10:37,045 - pdfminer.pdfpage - WARNING - CropBox missing from /Page, defaulting to MediaBox
2025-06-08 14:10:37,045 - pdfminer.pdfpage - WARNING - CropBox missing from /Page, defaulting to MediaBox
2025-06-08 14:10:37,045 - pdfminer.pdfpage - WARNING - CropBox missing from /Page, defaulting to MediaBox
2025-06-08 14:10:37,045 - pdfminer.pdfpage - WARNING - CropBox missing from /Page, defaulting to MediaBox
2025-06-08 14:10:37,045 - pdfminer.pdfpage - WARNING - CropBox missing from /Page, defaulting to MediaBox
2025-06-08 14:10:37,045 - pdfminer.pdfpage - WARNING - CropBox missing from /Page, defaulting to MediaBox
2025-06-08 14:10:37,046 - pdfminer.pdfpage - WARNING - CropBox missing from /Page, defaulting to MediaBox
2025-06-08 14:10:37,046 - pdfminer.pdfpage - WARNING - CropBox missing from /Page, defaulting to MediaBox
2025-06-08 14:10:37,046 - pdfminer.pdfpage - WARNING - CropBox missing from /Page, defaulting to MediaBox
2025-06-08 14:10:37,046 - pdfminer.pdfpage - WARNING - CropBox missing from /Page, defaulting to MediaBox
2025-06-08 14:10:37,046 - pdfminer.pdfpage - WARNING - CropBox missing from /Page, defaulting to MediaBox
2025-06-08 14:10:37,046 - pdfminer.pdfpage - WARNING - CropBox missing from /Page, defaulting to MediaBox
2025-06-08 14:10:37,047 - pdfminer.pdfpage - WARNING - CropBox missing from /Page, defaulting to MediaBox
2025-06-08 14:10:37,047 - pdfminer.pdfpage - WARNING - CropBox missing from /Page, defaulting to MediaBox
2025-06-08 14:10:37,047 - pdfminer.pdfpage - WARNING - CropBox missing from /Page, defaulting to MediaBox
2025-06-08 14:10:37,047 - pdfminer.pdfpage - WARNING - CropBox missing from /Page, defaulting to MediaBox
2025-06-08 14:10:37,047 - pdfminer.pdfpage - WARNING - CropBox missing from /Page, defaulting to MediaBox
2025-06-08 14:10:37,047 - pdfminer.pdfpage - WARNING - CropBox missing from /Page, defaulting to MediaBox
2025-06-08 14:10:37,048 - pdfminer.pdfpage - WARNING - CropBox missing from /Page, defaulting to MediaBox
2025-06-08 14:10:37,048 - pdfminer.pdfpage - WARNING - CropBox missing from /Page, defaulting to MediaBox
2025-06-08 14:10:37,048 - pdfminer.pdfpage - WARNING - CropBox missing from /Page, defaulting to MediaBox
2025-06-08 14:10:37,048 - pdfminer.pdfpage - WARNING - CropBox missing from /Page, defaulting to MediaBox
2025-06-08 14:10:37,048 - pdfminer.pdfpage - WARNING - CropBox missing from /Page, defaulting to MediaBox
2025-06-08 14:10:37,048 - pdfminer.pdfpage - WARNING - CropBox missing from /Page, defaulting to MediaBox
2025-06-08 14:10:37,048 - pdfminer.pdfpage - WARNING - CropBox missing from /Page, defaulting to MediaBox
2025-06-08 14:10:37,048 - pdfminer.pdfpage - WARNING - CropBox missing from /Page, defaulting to MediaBox
2025-06-08 14:10:37,049 - pdfminer.pdfpage - WARNING - CropBox missing from /Page, defaulting to MediaBox
2025-06-08 14:10:37,049 - pdfminer.pdfpage - WARNING - CropBox missing from /Page, defaulting to MediaBox
2025-06-08 14:10:37,049 - pdfminer.pdfpage - WARNING - CropBox missing from /Page, defaulting to MediaBox
2025-06-08 14:10:37,049 - pdfminer.pdfpage - WARNING - CropBox missing from /Page, defaulting to MediaBox
2025-06-08 14:10:37,049 - pdfminer.pdfpage - WARNING - CropBox missing from /Page, defaulting to MediaBox
2025-06-08 14:10:37,050 - pdfminer.pdfpage - WARNING - CropBox missing from /Page, defaulting to MediaBox
2025-06-08 14:10:37,050 - pdfminer.pdfpage - WARNING - CropBox missing from /Page, defaulting to MediaBox
2025-06-08 14:10:37,050 - pdfminer.pdfpage - WARNING - CropBox missing from /Page, defaulting to MediaBox
2025-06-08 14:10:37,050 - pdfminer.pdfpage - WARNING - CropBox missing from /Page, defaulting to MediaBox
2025-06-08 14:10:37,050 - pdfminer.pdfpage - WARNING - CropBox missing from /Page, defaulting to MediaBox
2025-06-08 14:10:37,050 - pdfminer.pdfpage - WARNING - CropBox missing from /Page, defaulting to MediaBox
2025-06-08 14:10:37,050 - pdfminer.pdfpage - WARNING - CropBox missing from /Page, defaulting to MediaBox
2025-06-08 14:10:37,051 - pdfminer.pdfpage - WARNING - CropBox missing from /Page, defaulting to MediaBox
2025-06-08 14:10:37,051 - pdfminer.pdfpage - WARNING - CropBox missing from /Page, defaulting to MediaBox
2025-06-08 14:10:37,051 - pdfminer.pdfpage - WARNING - CropBox missing from /Page, defaulting to MediaBox
2025-06-08 14:10:37,051 - pdfminer.pdfpage - WARNING - CropBox missing from /Page, defaulting to MediaBox
2025-06-08 14:10:37,051 - pdfminer.pdfpage - WARNING - CropBox missing from /Page, defaulting to MediaBox
2025-06-08 14:10:37,051 - pdfminer.pdfpage - WARNING - CropBox missing from /Page, defaulting to MediaBox
2025-06-08 14:10:37,051 - pdfminer.pdfpage - WARNING - CropBox missing from /Page, defaulting to MediaBox
2025-06-08 14:10:37,052 - pdfminer.pdfpage - WARNING - CropBox missing from /Page, defaulting to MediaBox
2025-06-08 14:10:37,052 - pdfminer.pdfpage - WARNING - CropBox missing from /Page, defaulting to MediaBox
2025-06-08 14:10:37,052 - pdfminer.pdfpage - WARNING - CropBox missing from /Page, defaulting to MediaBox
2025-06-08 14:10:37,052 - pdfminer.pdfpage - WARNING - CropBox missing from /Page, defaulting to MediaBox
2025-06-08 14:10:37,052 - pdfminer.pdfpage - WARNING - CropBox missing from /Page, defaulting to MediaBox
2025-06-08 14:10:37,052 - pdfminer.pdfpage - WARNING - CropBox missing from /Page, defaulting to MediaBox
2025-06-08 14:10:37,053 - pdfminer.pdfpage - WARNING - CropBox missing from /Page, defaulting to MediaBox
2025-06-08 14:10:37,053 - pdfminer.pdfpage - WARNING - CropBox missing from /Page, defaulting to MediaBox
2025-06-08 14:10:37,053 - pdfminer.pdfpage - WARNING - CropBox missing from /Page, defaulting to MediaBox
2025-06-08 14:10:37,053 - pdfminer.pdfpage - WARNING - CropBox missing from /Page, defaulting to MediaBox
2025-06-08 14:10:37,053 - pdfminer.pdfpage - WARNING - CropBox missing from /Page, defaulting to MediaBox
2025-06-08 14:10:37,053 - pdfminer.pdfpage - WARNING - CropBox missing from /Page, defaulting to MediaBox
2025-06-08 14:10:37,053 - pdfminer.pdfpage - WARNING - CropBox missing from /Page, defaulting to MediaBox
2025-06-08 14:10:37,053 - pdfminer.pdfpage - WARNING - CropBox missing from /Page, defaulting to MediaBox
2025-06-08 14:10:37,054 - pdfminer.pdfpage - WARNING - CropBox missing from /Page, defaulting to MediaBox
2025-06-08 14:10:37,054 - pdfminer.pdfpage - WARNING - CropBox missing from /Page, defaulting to MediaBox
2025-06-08 14:10:37,054 - pdfminer.pdfpage - WARNING - CropBox missing from /Page, defaulting to MediaBox
2025-06-08 14:10:37,054 - pdfminer.pdfpage - WARNING - CropBox missing from /Page, defaulting to MediaBox
2025-06-08 14:10:37,054 - pdfminer.pdfpage - WARNING - CropBox missing from /Page, defaulting to MediaBox
2025-06-08 14:10:37,054 - pdfminer.pdfpage - WARNING - CropBox missing from /Page, defaulting to MediaBox
2025-06-08 14:10:37,054 - pdfminer.pdfpage - WARNING - CropBox missing from /Page, defaulting to MediaBox
2025-06-08 14:10:37,055 - pdfminer.pdfpage - WARNING - CropBox missing from /Page, defaulting to MediaBox
2025-06-08 14:10:37,055 - pdfminer.pdfpage - WARNING - CropBox missing from /Page, defaulting to MediaBox
2025-06-08 14:10:37,055 - pdfminer.pdfpage - WARNING - CropBox missing from /Page, defaulting to MediaBox
2025-06-08 14:10:37,055 - pdfminer.pdfpage - WARNING - CropBox missing from /Page, defaulting to MediaBox
2025-06-08 14:10:37,055 - pdfminer.pdfpage - WARNING - CropBox missing from /Page, defaulting to MediaBox
2025-06-08 14:10:37,055 - pdfminer.pdfpage - WARNING - CropBox missing from /Page, defaulting to MediaBox
2025-06-08 14:10:37,055 - pdfminer.pdfpage - WARNING - CropBox missing from /Page, defaulting to MediaBox
2025-06-08 14:10:37,056 - pdfminer.pdfpage - WARNING - CropBox missing from /Page, defaulting to MediaBox
2025-06-08 14:10:37,056 - pdfminer.pdfpage - WARNING - CropBox missing from /Page, defaulting to MediaBox
2025-06-08 14:10:37,056 - pdfminer.pdfpage - WARNING - CropBox missing from /Page, defaulting to MediaBox
2025-06-08 14:10:37,056 - pdfminer.pdfpage - WARNING - CropBox missing from /Page, defaulting to MediaBox
2025-06-08 14:10:37,056 - pdfminer.pdfpage - WARNING - CropBox missing from /Page, defaulting to MediaBox
2025-06-08 14:10:37,056 - pdfminer.pdfpage - WARNING - CropBox missing from /Page, defaulting to MediaBox
2025-06-08 14:10:37,056 - pdfminer.pdfpage - WARNING - CropBox missing from /Page, defaulting to MediaBox
2025-06-08 14:10:37,057 - pdfminer.pdfpage - WARNING - CropBox missing from /Page, defaulting to MediaBox
2025-06-08 14:10:37,057 - pdfminer.pdfpage - WARNING - CropBox missing from /Page, defaulting to MediaBox
2025-06-08 14:10:37,057 - pdfminer.pdfpage - WARNING - CropBox missing from /Page, defaulting to MediaBox
2025-06-08 14:10:37,057 - pdfminer.pdfpage - WARNING - CropBox missing from /Page, defaulting to MediaBox
2025-06-08 14:10:37,057 - pdfminer.pdfpage - WARNING - CropBox missing from /Page, defaulting to MediaBox
2025-06-08 14:10:37,057 - pdfminer.pdfpage - WARNING - CropBox missing from /Page, defaulting to MediaBox
2025-06-08 14:10:37,058 - pdfminer.pdfpage - WARNING - CropBox missing from /Page, defaulting to MediaBox
2025-06-08 14:10:37,058 - pdfminer.pdfpage - WARNING - CropBox missing from /Page, defaulting to MediaBox
2025-06-08 14:10:37,058 - pdfminer.pdfpage - WARNING - CropBox missing from /Page, defaulting to MediaBox
2025-06-08 14:10:37,058 - pdfminer.pdfpage - WARNING - CropBox missing from /Page, defaulting to MediaBox
2025-06-08 14:10:37,058 - pdfminer.pdfpage - WARNING - CropBox missing from /Page, defaulting to MediaBox
2025-06-08 14:10:37,058 - pdfminer.pdfpage - WARNING - CropBox missing from /Page, defaulting to MediaBox
2025-06-08 14:10:37,058 - pdfminer.pdfpage - WARNING - CropBox missing from /Page, defaulting to MediaBox
2025-06-08 14:10:37,059 - pdfminer.pdfpage - WARNING - CropBox missing from /Page, defaulting to MediaBox
2025-06-08 14:10:37,059 - pdfminer.pdfpage - WARNING - CropBox missing from /Page, defaulting to MediaBox
2025-06-08 14:10:37,059 - pdfminer.pdfpage - WARNING - CropBox missing from /Page, defaulting to MediaBox
2025-06-08 14:10:37,059 - pdfminer.pdfpage - WARNING - CropBox missing from /Page, defaulting to MediaBox
2025-06-08 14:10:37,059 - pdfminer.pdfpage - WARNING - CropBox missing from /Page, defaulting to MediaBox
2025-06-08 14:10:37,059 - pdfminer.pdfpage - WARNING - CropBox missing from /Page, defaulting to MediaBox
2025-06-08 14:10:37,059 - pdfminer.pdfpage - WARNING - CropBox missing from /Page, defaulting to MediaBox
2025-06-08 14:10:37,060 - pdfminer.pdfpage - WARNING - CropBox missing from /Page, defaulting to MediaBox
2025-06-08 14:10:37,060 - pdfminer.pdfpage - WARNING - CropBox missing from /Page, defaulting to MediaBox
2025-06-08 14:10:37,060 - pdfminer.pdfpage - WARNING - CropBox missing from /Page, defaulting to MediaBox
2025-06-08 14:10:37,060 - pdfminer.pdfpage - WARNING - CropBox missing from /Page, defaulting to MediaBox
2025-06-08 14:10:37,060 - pdfminer.pdfpage - WARNING - CropBox missing from /Page, defaulting to MediaBox
2025-06-08 14:10:37,060 - pdfminer.pdfpage - WARNING - CropBox missing from /Page, defaulting to MediaBox
2025-06-08 14:10:37,060 - pdfminer.pdfpage - WARNING - CropBox missing from /Page, defaulting to MediaBox
2025-06-08 14:10:37,061 - pdfminer.pdfpage - WARNING - CropBox missing from /Page, defaulting to MediaBox
2025-06-08 14:10:37,061 - pdfminer.pdfpage - WARNING - CropBox missing from /Page, defaulting to MediaBox
2025-06-08 14:10:37,061 - pdfminer.pdfpage - WARNING - CropBox missing from /Page, defaulting to MediaBox
2025-06-08 14:10:37,061 - pdfminer.pdfpage - WARNING - CropBox missing from /Page, defaulting to MediaBox
2025-06-08 14:10:37,061 - pdfminer.pdfpage - WARNING - CropBox missing from /Page, defaulting to MediaBox
2025-06-08 14:10:37,061 - pdfminer.pdfpage - WARNING - CropBox missing from /Page, defaulting to MediaBox
2025-06-08 14:10:37,061 - pdfminer.pdfpage - WARNING - CropBox missing from /Page, defaulting to MediaBox
2025-06-08 14:10:37,062 - pdfminer.pdfpage - WARNING - CropBox missing from /Page, defaulting to MediaBox
2025-06-08 14:10:37,062 - pdfminer.pdfpage - WARNING - CropBox missing from /Page, defaulting to MediaBox
2025-06-08 14:10:37,062 - pdfminer.pdfpage - WARNING - CropBox missing from /Page, defaulting to MediaBox
2025-06-08 14:10:37,062 - pdfminer.pdfpage - WARNING - CropBox missing from /Page, defaulting to MediaBox
2025-06-08 14:10:37,062 - pdfminer.pdfpage - WARNING - CropBox missing from /Page, defaulting to MediaBox
2025-06-08 14:10:37,062 - pdfminer.pdfpage - WARNING - CropBox missing from /Page, defaulting to MediaBox
2025-06-08 14:10:37,062 - pdfminer.pdfpage - WARNING - CropBox missing from /Page, defaulting to MediaBox
2025-06-08 14:10:37,063 - pdfminer.pdfpage - WARNING - CropBox missing from /Page, defaulting to MediaBox
2025-06-08 14:10:37,063 - pdfminer.pdfpage - WARNING - CropBox missing from /Page, defaulting to MediaBox
2025-06-08 14:10:37,063 - pdfminer.pdfpage - WARNING - CropBox missing from /Page, defaulting to MediaBox
2025-06-08 14:10:37,063 - pdfminer.pdfpage - WARNING - CropBox missing from /Page, defaulting to MediaBox
2025-06-08 14:10:37,063 - pdfminer.pdfpage - WARNING - CropBox missing from /Page, defaulting to MediaBox
2025-06-08 14:10:37,063 - pdfminer.pdfpage - WARNING - CropBox missing from /Page, defaulting to MediaBox
2025-06-08 14:10:37,063 - pdfminer.pdfpage - WARNING - CropBox missing from /Page, defaulting to MediaBox
2025-06-08 14:10:37,063 - pdfminer.pdfpage - WARNING - CropBox missing from /Page, defaulting to MediaBox
2025-06-08 14:10:37,064 - pdfminer.pdfpage - WARNING - CropBox missing from /Page, defaulting to MediaBox
2025-06-08 14:10:37,064 - pdfminer.pdfpage - WARNING - CropBox missing from /Page, defaulting to MediaBox
2025-06-08 14:10:37,064 - pdfminer.pdfpage - WARNING - CropBox missing from /Page, defaulting to MediaBox
2025-06-08 14:10:37,064 - pdfminer.pdfpage - WARNING - CropBox missing from /Page, defaulting to MediaBox
2025-06-08 14:10:37,064 - pdfminer.pdfpage - WARNING - CropBox missing from /Page, defaulting to MediaBox
2025-06-08 14:10:37,064 - pdfminer.pdfpage - WARNING - CropBox missing from /Page, defaulting to MediaBox
2025-06-08 14:10:37,064 - pdfminer.pdfpage - WARNING - CropBox missing from /Page, defaulting to MediaBox
2025-06-08 14:10:37,065 - pdfminer.pdfpage - WARNING - CropBox missing from /Page, defaulting to MediaBox
2025-06-08 14:10:37,065 - pdfminer.pdfpage - WARNING - CropBox missing from /Page, defaulting to MediaBox
2025-06-08 14:10:37,065 - pdfminer.pdfpage - WARNING - CropBox missing from /Page, defaulting to MediaBox
2025-06-08 14:10:37,065 - pdfminer.pdfpage - WARNING - CropBox missing from /Page, defaulting to MediaBox
2025-06-08 14:10:37,065 - pdfminer.pdfpage - WARNING - CropBox missing from /Page, defaulting to MediaBox
2025-06-08 14:10:37,065 - pdfminer.pdfpage - WARNING - CropBox missing from /Page, defaulting to MediaBox
2025-06-08 14:10:37,065 - pdfminer.pdfpage - WARNING - CropBox missing from /Page, defaulting to MediaBox
2025-06-08 14:10:37,066 - pdfminer.pdfpage - WARNING - CropBox missing from /Page, defaulting to MediaBox
2025-06-08 14:10:37,066 - pdfminer.pdfpage - WARNING - CropBox missing from /Page, defaulting to MediaBox
2025-06-08 14:10:37,066 - pdfminer.pdfpage - WARNING - CropBox missing from /Page, defaulting to MediaBox
2025-06-08 14:10:37,066 - pdfminer.pdfpage - WARNING - CropBox missing from /Page, defaulting to MediaBox
2025-06-08 14:10:37,066 - pdfminer.pdfpage - WARNING - CropBox missing from /Page, defaulting to MediaBox
2025-06-08 14:10:37,066 - pdfminer.pdfpage - WARNING - CropBox missing from /Page, defaulting to MediaBox
2025-06-08 14:10:37,066 - pdfminer.pdfpage - WARNING - CropBox missing from /Page, defaulting to MediaBox
2025-06-08 14:10:37,067 - pdfminer.pdfpage - WARNING - CropBox missing from /Page, defaulting to MediaBox
2025-06-08 14:10:37,067 - pdfminer.pdfpage - WARNING - CropBox missing from /Page, defaulting to MediaBox
2025-06-08 14:10:37,067 - pdfminer.pdfpage - WARNING - CropBox missing from /Page, defaulting to MediaBox
2025-06-08 14:10:37,067 - pdfminer.pdfpage - WARNING - CropBox missing from /Page, defaulting to MediaBox
2025-06-08 14:10:37,067 - pdfminer.pdfpage - WARNING - CropBox missing from /Page, defaulting to MediaBox
2025-06-08 14:10:37,067 - pdfminer.pdfpage - WARNING - CropBox missing from /Page, defaulting to MediaBox
2025-06-08 14:10:37,068 - pdfminer.pdfpage - WARNING - CropBox missing from /Page, defaulting to MediaBox
2025-06-08 14:10:37,068 - pdfminer.pdfpage - WARNING - CropBox missing from /Page, defaulting to MediaBox
2025-06-08 14:10:37,068 - pdfminer.pdfpage - WARNING - CropBox missing from /Page, defaulting to MediaBox
2025-06-08 14:10:37,068 - pdfminer.pdfpage - WARNING - CropBox missing from /Page, defaulting to MediaBox
2025-06-08 14:10:37,068 - pdfminer.pdfpage - WARNING - CropBox missing from /Page, defaulting to MediaBox
2025-06-08 14:10:37,068 - pdfminer.pdfpage - WARNING - CropBox missing from /Page, defaulting to MediaBox
2025-06-08 14:10:37,068 - pdfminer.pdfpage - WARNING - CropBox missing from /Page, defaulting to MediaBox
2025-06-08 14:10:37,069 - pdfminer.pdfpage - WARNING - CropBox missing from /Page, defaulting to MediaBox
2025-06-08 14:10:37,069 - pdfminer.pdfpage - WARNING - CropBox missing from /Page, defaulting to MediaBox
2025-06-08 14:10:37,069 - pdfminer.pdfpage - WARNING - CropBox missing from /Page, defaulting to MediaBox
2025-06-08 14:10:37,069 - pdfminer.pdfpage - WARNING - CropBox missing from /Page, defaulting to MediaBox
2025-06-08 14:10:37,069 - pdfminer.pdfpage - WARNING - CropBox missing from /Page, defaulting to MediaBox
2025-06-08 14:10:37,069 - pdfminer.pdfpage - WARNING - CropBox missing from /Page, defaulting to MediaBox
2025-06-08 14:10:37,069 - pdfminer.pdfpage - WARNING - CropBox missing from /Page, defaulting to MediaBox
2025-06-08 14:10:37,070 - pdfminer.pdfpage - WARNING - CropBox missing from /Page, defaulting to MediaBox
2025-06-08 14:10:37,070 - pdfminer.pdfpage - WARNING - CropBox missing from /Page, defaulting to MediaBox
2025-06-08 14:10:37,070 - pdfminer.pdfpage - WARNING - CropBox missing from /Page, defaulting to MediaBox
2025-06-08 14:10:37,070 - pdfminer.pdfpage - WARNING - CropBox missing from /Page, defaulting to MediaBox
2025-06-08 14:10:37,070 - pdfminer.pdfpage - WARNING - CropBox missing from /Page, defaulting to MediaBox
2025-06-08 14:10:37,070 - pdfminer.pdfpage - WARNING - CropBox missing from /Page, defaulting to MediaBox
2025-06-08 14:10:37,070 - pdfminer.pdfpage - WARNING - CropBox missing from /Page, defaulting to MediaBox
2025-06-08 14:10:37,071 - pdfminer.pdfpage - WARNING - CropBox missing from /Page, defaulting to MediaBox
2025-06-08 14:10:37,071 - pdfminer.pdfpage - WARNING - CropBox missing from /Page, defaulting to MediaBox
2025-06-08 14:10:37,071 - pdfminer.pdfpage - WARNING - CropBox missing from /Page, defaulting to MediaBox
2025-06-08 14:10:37,071 - pdfminer.pdfpage - WARNING - CropBox missing from /Page, defaulting to MediaBox
2025-06-08 14:10:37,071 - pdfminer.pdfpage - WARNING - CropBox missing from /Page, defaulting to MediaBox
2025-06-08 14:10:37,072 - pdfminer.pdfpage - WARNING - CropBox missing from /Page, defaulting to MediaBox
2025-06-08 14:10:37,072 - pdfminer.pdfpage - WARNING - CropBox missing from /Page, defaulting to MediaBox
2025-06-08 14:10:37,072 - pdfminer.pdfpage - WARNING - CropBox missing from /Page, defaulting to MediaBox
2025-06-08 14:10:37,072 - pdfminer.pdfpage - WARNING - CropBox missing from /Page, defaulting to MediaBox
2025-06-08 14:10:37,072 - pdfminer.pdfpage - WARNING - CropBox missing from /Page, defaulting to MediaBox
2025-06-08 14:10:37,072 - pdfminer.pdfpage - WARNING - CropBox missing from /Page, defaulting to MediaBox
2025-06-08 14:10:37,073 - pdfminer.pdfpage - WARNING - CropBox missing from /Page, defaulting to MediaBox
2025-06-08 14:10:37,073 - pdfminer.pdfpage - WARNING - CropBox missing from /Page, defaulting to MediaBox
2025-06-08 14:10:37,073 - pdfminer.pdfpage - WARNING - CropBox missing from /Page, defaulting to MediaBox
2025-06-08 14:10:37,073 - pdfminer.pdfpage - WARNING - CropBox missing from /Page, defaulting to MediaBox
2025-06-08 14:10:37,073 - pdf_extractor - INFO - Extração concluída. 10259 notas fiscais encontradas.
2025-06-08 14:10:37,101 - data_processor - INFO - Iniciando processamento dos dados...
2025-06-08 14:10:37,103 - data_processor - INFO - Limpando nomes de tomador...
2025-06-08 14:10:37,106 - data_processor - INFO - Encontrados 90 registros com '50 BATALHÃO' no nome do tomador
2025-06-08 14:10:37,110 - data_processor - INFO - Corrigindo alíquota para 90 linhas com BATALHÃO DE INFANTARIA
2025-06-08 14:10:37,144 - data_processor - INFO - Após limpeza: 0 registros com '50 BATALHÃO' no nome do tomador
2025-06-08 14:10:37,152 - data_processor - INFO - Competências únicas encontradas: ['01/2022' '02/2022' '03/2022' '04/2022' '05/2022' '06/2022' '07/2022'
 '08/2022' '09/2022' '10/2022' '11/2022' '12/2022' '01/2023' '02/2023'
 '03/2023' '04/2023' '05/2023' '06/2023' '07/2023' '08/2023' '09/2023'
 '10/2023' '11/2023' '12/2023' '01/2024' '02/2024' '03/2024' '04/2024'
 '05/2024' '06/2024' '07/2024' '08/2024' '09/2024' '10/2024' '11/2024'
 '12/2024' '01/2025' '02/2025' '03/2025' '04/2025']
2025-06-08 14:10:37,152 - data_processor - INFO - Competência '01/2022' reconhecida com padrão '\b(\d{2})/(\d{4})\b': mês=1, ano=2022
2025-06-08 14:10:37,153 - data_processor - INFO - Atribuídos valores Mês=1, Ano=2022 para 388 linhas com competência '01/2022'
2025-06-08 14:10:37,153 - data_processor - INFO - Competência '02/2022' reconhecida com padrão '\b(\d{2})/(\d{4})\b': mês=2, ano=2022
2025-06-08 14:10:37,154 - data_processor - INFO - Atribuídos valores Mês=2, Ano=2022 para 256 linhas com competência '02/2022'
2025-06-08 14:10:37,155 - data_processor - INFO - Competência '03/2022' reconhecida com padrão '\b(\d{2})/(\d{4})\b': mês=3, ano=2022
2025-06-08 14:10:37,156 - data_processor - INFO - Atribuídos valores Mês=3, Ano=2022 para 207 linhas com competência '03/2022'
2025-06-08 14:10:37,156 - data_processor - INFO - Competência '04/2022' reconhecida com padrão '\b(\d{2})/(\d{4})\b': mês=4, ano=2022
2025-06-08 14:10:37,157 - data_processor - INFO - Atribuídos valores Mês=4, Ano=2022 para 155 linhas com competência '04/2022'
2025-06-08 14:10:37,157 - data_processor - INFO - Competência '05/2022' reconhecida com padrão '\b(\d{2})/(\d{4})\b': mês=5, ano=2022
2025-06-08 14:10:37,158 - data_processor - INFO - Atribuídos valores Mês=5, Ano=2022 para 204 linhas com competência '05/2022'
2025-06-08 14:10:37,158 - data_processor - INFO - Competência '06/2022' reconhecida com padrão '\b(\d{2})/(\d{4})\b': mês=6, ano=2022
2025-06-08 14:10:37,159 - data_processor - INFO - Atribuídos valores Mês=6, Ano=2022 para 228 linhas com competência '06/2022'
2025-06-08 14:10:37,159 - data_processor - INFO - Competência '07/2022' reconhecida com padrão '\b(\d{2})/(\d{4})\b': mês=7, ano=2022
2025-06-08 14:10:37,160 - data_processor - INFO - Atribuídos valores Mês=7, Ano=2022 para 261 linhas com competência '07/2022'
2025-06-08 14:10:37,160 - data_processor - INFO - Competência '08/2022' reconhecida com padrão '\b(\d{2})/(\d{4})\b': mês=8, ano=2022
2025-06-08 14:10:37,161 - data_processor - INFO - Atribuídos valores Mês=8, Ano=2022 para 301 linhas com competência '08/2022'
2025-06-08 14:10:37,161 - data_processor - INFO - Competência '09/2022' reconhecida com padrão '\b(\d{2})/(\d{4})\b': mês=9, ano=2022
2025-06-08 14:10:37,162 - data_processor - INFO - Atribuídos valores Mês=9, Ano=2022 para 286 linhas com competência '09/2022'
2025-06-08 14:10:37,163 - data_processor - INFO - Competência '10/2022' reconhecida com padrão '\b(\d{2})/(\d{4})\b': mês=10, ano=2022
2025-06-08 14:10:37,164 - data_processor - INFO - Atribuídos valores Mês=10, Ano=2022 para 222 linhas com competência '10/2022'
2025-06-08 14:10:37,164 - data_processor - INFO - Competência '11/2022' reconhecida com padrão '\b(\d{2})/(\d{4})\b': mês=11, ano=2022
2025-06-08 14:10:37,165 - data_processor - INFO - Atribuídos valores Mês=11, Ano=2022 para 110 linhas com competência '11/2022'
2025-06-08 14:10:37,165 - data_processor - INFO - Competência '12/2022' reconhecida com padrão '\b(\d{2})/(\d{4})\b': mês=12, ano=2022
2025-06-08 14:10:37,166 - data_processor - INFO - Atribuídos valores Mês=12, Ano=2022 para 318 linhas com competência '12/2022'
2025-06-08 14:10:37,166 - data_processor - INFO - Competência '01/2023' reconhecida com padrão '\b(\d{2})/(\d{4})\b': mês=1, ano=2023
2025-06-08 14:10:37,167 - data_processor - INFO - Atribuídos valores Mês=1, Ano=2023 para 237 linhas com competência '01/2023'
2025-06-08 14:10:37,167 - data_processor - INFO - Competência '02/2023' reconhecida com padrão '\b(\d{2})/(\d{4})\b': mês=2, ano=2023
2025-06-08 14:10:37,168 - data_processor - INFO - Atribuídos valores Mês=2, Ano=2023 para 228 linhas com competência '02/2023'
2025-06-08 14:10:37,168 - data_processor - INFO - Competência '03/2023' reconhecida com padrão '\b(\d{2})/(\d{4})\b': mês=3, ano=2023
2025-06-08 14:10:37,169 - data_processor - INFO - Atribuídos valores Mês=3, Ano=2023 para 276 linhas com competência '03/2023'
2025-06-08 14:10:37,169 - data_processor - INFO - Competência '04/2023' reconhecida com padrão '\b(\d{2})/(\d{4})\b': mês=4, ano=2023
2025-06-08 14:10:37,170 - data_processor - INFO - Atribuídos valores Mês=4, Ano=2023 para 264 linhas com competência '04/2023'
2025-06-08 14:10:37,170 - data_processor - INFO - Competência '05/2023' reconhecida com padrão '\b(\d{2})/(\d{4})\b': mês=5, ano=2023
2025-06-08 14:10:37,171 - data_processor - INFO - Atribuídos valores Mês=5, Ano=2023 para 247 linhas com competência '05/2023'
2025-06-08 14:10:37,172 - data_processor - INFO - Competência '06/2023' reconhecida com padrão '\b(\d{2})/(\d{4})\b': mês=6, ano=2023
2025-06-08 14:10:37,173 - data_processor - INFO - Atribuídos valores Mês=6, Ano=2023 para 246 linhas com competência '06/2023'
2025-06-08 14:10:37,173 - data_processor - INFO - Competência '07/2023' reconhecida com padrão '\b(\d{2})/(\d{4})\b': mês=7, ano=2023
2025-06-08 14:10:37,174 - data_processor - INFO - Atribuídos valores Mês=7, Ano=2023 para 234 linhas com competência '07/2023'
2025-06-08 14:10:37,174 - data_processor - INFO - Competência '08/2023' reconhecida com padrão '\b(\d{2})/(\d{4})\b': mês=8, ano=2023
2025-06-08 14:10:37,175 - data_processor - INFO - Atribuídos valores Mês=8, Ano=2023 para 224 linhas com competência '08/2023'
2025-06-08 14:10:37,175 - data_processor - INFO - Competência '09/2023' reconhecida com padrão '\b(\d{2})/(\d{4})\b': mês=9, ano=2023
2025-06-08 14:10:37,176 - data_processor - INFO - Atribuídos valores Mês=9, Ano=2023 para 256 linhas com competência '09/2023'
2025-06-08 14:10:37,176 - data_processor - INFO - Competência '10/2023' reconhecida com padrão '\b(\d{2})/(\d{4})\b': mês=10, ano=2023
2025-06-08 14:10:37,177 - data_processor - INFO - Atribuídos valores Mês=10, Ano=2023 para 317 linhas com competência '10/2023'
2025-06-08 14:10:37,177 - data_processor - INFO - Competência '11/2023' reconhecida com padrão '\b(\d{2})/(\d{4})\b': mês=11, ano=2023
2025-06-08 14:10:37,178 - data_processor - INFO - Atribuídos valores Mês=11, Ano=2023 para 306 linhas com competência '11/2023'
2025-06-08 14:10:37,178 - data_processor - INFO - Competência '12/2023' reconhecida com padrão '\b(\d{2})/(\d{4})\b': mês=12, ano=2023
2025-06-08 14:10:37,179 - data_processor - INFO - Atribuídos valores Mês=12, Ano=2023 para 315 linhas com competência '12/2023'
2025-06-08 14:10:37,179 - data_processor - INFO - Competência '01/2024' reconhecida com padrão '\b(\d{2})/(\d{4})\b': mês=1, ano=2024
2025-06-08 14:10:37,181 - data_processor - INFO - Atribuídos valores Mês=1, Ano=2024 para 302 linhas com competência '01/2024'
2025-06-08 14:10:37,181 - data_processor - INFO - Competência '02/2024' reconhecida com padrão '\b(\d{2})/(\d{4})\b': mês=2, ano=2024
2025-06-08 14:10:37,182 - data_processor - INFO - Atribuídos valores Mês=2, Ano=2024 para 297 linhas com competência '02/2024'
2025-06-08 14:10:37,182 - data_processor - INFO - Competência '03/2024' reconhecida com padrão '\b(\d{2})/(\d{4})\b': mês=3, ano=2024
2025-06-08 14:10:37,183 - data_processor - INFO - Atribuídos valores Mês=3, Ano=2024 para 348 linhas com competência '03/2024'
2025-06-08 14:10:37,183 - data_processor - INFO - Competência '04/2024' reconhecida com padrão '\b(\d{2})/(\d{4})\b': mês=4, ano=2024
2025-06-08 14:10:37,184 - data_processor - INFO - Atribuídos valores Mês=4, Ano=2024 para 289 linhas com competência '04/2024'
2025-06-08 14:10:37,184 - data_processor - INFO - Competência '05/2024' reconhecida com padrão '\b(\d{2})/(\d{4})\b': mês=5, ano=2024
2025-06-08 14:10:37,185 - data_processor - INFO - Atribuídos valores Mês=5, Ano=2024 para 341 linhas com competência '05/2024'
2025-06-08 14:10:37,185 - data_processor - INFO - Competência '06/2024' reconhecida com padrão '\b(\d{2})/(\d{4})\b': mês=6, ano=2024
2025-06-08 14:10:37,186 - data_processor - INFO - Atribuídos valores Mês=6, Ano=2024 para 272 linhas com competência '06/2024'
2025-06-08 14:10:37,186 - data_processor - INFO - Competência '07/2024' reconhecida com padrão '\b(\d{2})/(\d{4})\b': mês=7, ano=2024
2025-06-08 14:10:37,187 - data_processor - INFO - Atribuídos valores Mês=7, Ano=2024 para 345 linhas com competência '07/2024'
2025-06-08 14:10:37,188 - data_processor - INFO - Competência '08/2024' reconhecida com padrão '\b(\d{2})/(\d{4})\b': mês=8, ano=2024
2025-06-08 14:10:37,189 - data_processor - INFO - Atribuídos valores Mês=8, Ano=2024 para 341 linhas com competência '08/2024'
2025-06-08 14:10:37,189 - data_processor - INFO - Competência '09/2024' reconhecida com padrão '\b(\d{2})/(\d{4})\b': mês=9, ano=2024
2025-06-08 14:10:37,190 - data_processor - INFO - Atribuídos valores Mês=9, Ano=2024 para 303 linhas com competência '09/2024'
2025-06-08 14:10:37,190 - data_processor - INFO - Competência '10/2024' reconhecida com padrão '\b(\d{2})/(\d{4})\b': mês=10, ano=2024
2025-06-08 14:10:37,191 - data_processor - INFO - Atribuídos valores Mês=10, Ano=2024 para 353 linhas com competência '10/2024'
2025-06-08 14:10:37,191 - data_processor - INFO - Competência '11/2024' reconhecida com padrão '\b(\d{2})/(\d{4})\b': mês=11, ano=2024
2025-06-08 14:10:37,193 - data_processor - INFO - Atribuídos valores Mês=11, Ano=2024 para 330 linhas com competência '11/2024'
2025-06-08 14:10:37,193 - data_processor - INFO - Competência '12/2024' reconhecida com padrão '\b(\d{2})/(\d{4})\b': mês=12, ano=2024
2025-06-08 14:10:37,194 - data_processor - INFO - Atribuídos valores Mês=12, Ano=2024 para 366 linhas com competência '12/2024'
2025-06-08 14:10:37,194 - data_processor - INFO - Competência '01/2025' reconhecida com padrão '\b(\d{2})/(\d{4})\b': mês=1, ano=2025
2025-06-08 14:10:37,195 - data_processor - INFO - Atribuídos valores Mês=1, Ano=2025 para 143 linhas com competência '01/2025'
2025-06-08 14:10:37,195 - data_processor - INFO - Competência '02/2025' reconhecida com padrão '\b(\d{2})/(\d{4})\b': mês=2, ano=2025
2025-06-08 14:10:37,196 - data_processor - INFO - Atribuídos valores Mês=2, Ano=2025 para 86 linhas com competência '02/2025'
2025-06-08 14:10:37,196 - data_processor - INFO - Competência '03/2025' reconhecida com padrão '\b(\d{2})/(\d{4})\b': mês=3, ano=2025
2025-06-08 14:10:37,197 - data_processor - INFO - Atribuídos valores Mês=3, Ano=2025 para 43 linhas com competência '03/2025'
2025-06-08 14:10:37,197 - data_processor - INFO - Competência '04/2025' reconhecida com padrão '\b(\d{2})/(\d{4})\b': mês=4, ano=2025
2025-06-08 14:10:37,198 - data_processor - INFO - Atribuídos valores Mês=4, Ano=2025 para 14 linhas com competência '04/2025'
2025-06-08 14:10:37,199 - data_processor - INFO - Valores únicos de mês extraídos: [1.0 2.0 3.0 4.0 5.0 6.0 7.0 8.0 9.0 10.0 11.0 12.0]
2025-06-08 14:10:37,200 - data_processor - INFO - Valores únicos de ano extraídos: [2022.0 2023.0 2024.0 2025.0]
2025-06-08 14:10:37,200 - data_processor - INFO - Total de linhas com mês/ano atribuídos: 10259 de 10259
2025-06-08 14:10:37,211 - data_processor - INFO - Processamento de dados concluído.
2025-06-08 14:10:37,212 - main - INFO - Aplicando filtro: Ano=2025, Meses de 1 a 12
2025-06-08 14:10:37,214 - data_processor - INFO - Iniciando filtragem por competência: Ano=2025, Mês Inicial=1, Mês Final=12
2025-06-08 14:10:37,214 - data_processor - INFO - DataFrame original: 10259 linhas
2025-06-08 14:10:37,215 - data_processor - INFO - Competências únicas antes da filtragem: ['01/2022' '02/2022' '03/2022' '04/2022' '05/2022' '06/2022' '07/2022'
 '08/2022' '09/2022' '10/2022' '11/2022' '12/2022' '01/2023' '02/2023'
 '03/2023' '04/2023' '05/2023' '06/2023' '07/2023' '08/2023' '09/2023'
 '10/2023' '11/2023' '12/2023' '01/2024' '02/2024' '03/2024' '04/2024'
 '05/2024' '06/2024' '07/2024' '08/2024' '09/2024' '10/2024' '11/2024'
 '12/2024' '01/2025' '02/2025' '03/2025' '04/2025']
2025-06-08 14:10:37,215 - data_processor - INFO - Valores únicos de mês antes da filtragem: [1.0 2.0 3.0 4.0 5.0 6.0 7.0 8.0 9.0 10.0 11.0 12.0]
2025-06-08 14:10:37,216 - data_processor - INFO - Valores únicos de ano antes da filtragem: [2022.0 2023.0 2024.0 2025.0]
2025-06-08 14:10:37,217 - data_processor - INFO - Filtrando por intervalo de meses: de 1 a 12
2025-06-08 14:10:37,219 - data_processor - INFO - Após filtrar por intervalo de meses: 10259 linhas restantes
2025-06-08 14:10:37,219 - data_processor - INFO - Filtrando por ano: 2025
2025-06-08 14:10:37,220 - data_processor - INFO - Número de linhas com Ano=2025 antes da filtragem: 286
2025-06-08 14:10:37,221 - data_processor - INFO - Após filtrar por ano=2025: 286 linhas restantes
2025-06-08 14:10:37,221 - data_processor - INFO - Número de linhas após filtragem completa: 286
2025-06-08 14:10:37,221 - data_processor - INFO - Competências únicas após filtragem: ['01/2025' '02/2025' '03/2025' '04/2025']
2025-06-08 14:10:37,222 - data_processor - INFO - Valores únicos de mês após filtragem: [1.0 2.0 3.0 4.0]
2025-06-08 14:10:37,222 - data_processor - INFO - Valores únicos de ano após filtragem: [2025.0]
2025-06-08 14:10:37,223 - excel_exporter - INFO - Iniciando exportação para Excel: C:\Users\Murilo\Desktop\PROJETOS\EasyPDF\output\2022_032025_20250608_141037.xlsx
2025-06-08 14:10:37,253 - excel_exporter - INFO - Criando dashboard de resumo: Resumo_NFSe
2025-06-08 14:10:37,477 - excel_exporter - INFO - Exportação para Excel concluída: C:\Users\Murilo\Desktop\PROJETOS\EasyPDF\output\2022_032025_20250608_141037.xlsx
2025-06-08 14:10:37,477 - main - INFO - Arquivo Excel gerado com sucesso: C:\Users\Murilo\Desktop\PROJETOS\EasyPDF\output\2022_032025_20250608_141037.xlsx
2025-06-08 15:04:57,821 - main - INFO - Processando arquivo PDF: C:/Users/Murilo/Desktop/PROJETOS/EasyPDF/input\2022_032025.pdf
2025-06-08 15:04:57,821 - pdf_extractor - INFO - Iniciando extração de dados do arquivo: C:/Users/Murilo/Desktop/PROJETOS/EasyPDF/input\2022_032025.pdf
2025-06-08 15:04:57,864 - pdfminer.pdfpage - WARNING - CropBox missing from /Page, defaulting to MediaBox
2025-06-08 15:04:57,865 - pdfminer.pdfpage - WARNING - CropBox missing from /Page, defaulting to MediaBox
2025-06-08 15:04:57,865 - pdfminer.pdfpage - WARNING - CropBox missing from /Page, defaulting to MediaBox
2025-06-08 15:04:57,866 - pdfminer.pdfpage - WARNING - CropBox missing from /Page, defaulting to MediaBox
2025-06-08 15:04:57,866 - pdfminer.pdfpage - WARNING - CropBox missing from /Page, defaulting to MediaBox
2025-06-08 15:04:57,866 - pdfminer.pdfpage - WARNING - CropBox missing from /Page, defaulting to MediaBox
2025-06-08 15:04:57,867 - pdfminer.pdfpage - WARNING - CropBox missing from /Page, defaulting to MediaBox
2025-06-08 15:04:57,867 - pdfminer.pdfpage - WARNING - CropBox missing from /Page, defaulting to MediaBox
2025-06-08 15:04:57,867 - pdfminer.pdfpage - WARNING - CropBox missing from /Page, defaulting to MediaBox
2025-06-08 15:04:57,867 - pdfminer.pdfpage - WARNING - CropBox missing from /Page, defaulting to MediaBox
2025-06-08 15:04:57,868 - pdfminer.pdfpage - WARNING - CropBox missing from /Page, defaulting to MediaBox
2025-06-08 15:04:57,868 - pdfminer.pdfpage - WARNING - CropBox missing from /Page, defaulting to MediaBox
2025-06-08 15:04:57,868 - pdfminer.pdfpage - WARNING - CropBox missing from /Page, defaulting to MediaBox
2025-06-08 15:04:57,868 - pdfminer.pdfpage - WARNING - CropBox missing from /Page, defaulting to MediaBox
2025-06-08 15:04:57,868 - pdfminer.pdfpage - WARNING - CropBox missing from /Page, defaulting to MediaBox
2025-06-08 15:04:57,869 - pdfminer.pdfpage - WARNING - CropBox missing from /Page, defaulting to MediaBox
2025-06-08 15:04:57,869 - pdfminer.pdfpage - WARNING - CropBox missing from /Page, defaulting to MediaBox
2025-06-08 15:04:57,869 - pdfminer.pdfpage - WARNING - CropBox missing from /Page, defaulting to MediaBox
2025-06-08 15:04:57,869 - pdfminer.pdfpage - WARNING - CropBox missing from /Page, defaulting to MediaBox
2025-06-08 15:04:57,870 - pdfminer.pdfpage - WARNING - CropBox missing from /Page, defaulting to MediaBox
2025-06-08 15:04:57,870 - pdfminer.pdfpage - WARNING - CropBox missing from /Page, defaulting to MediaBox
2025-06-08 15:04:57,870 - pdfminer.pdfpage - WARNING - CropBox missing from /Page, defaulting to MediaBox
2025-06-08 15:04:57,870 - pdfminer.pdfpage - WARNING - CropBox missing from /Page, defaulting to MediaBox
2025-06-08 15:04:57,870 - pdfminer.pdfpage - WARNING - CropBox missing from /Page, defaulting to MediaBox
2025-06-08 15:04:57,871 - pdfminer.pdfpage - WARNING - CropBox missing from /Page, defaulting to MediaBox
2025-06-08 15:04:57,871 - pdfminer.pdfpage - WARNING - CropBox missing from /Page, defaulting to MediaBox
2025-06-08 15:04:57,871 - pdfminer.pdfpage - WARNING - CropBox missing from /Page, defaulting to MediaBox
2025-06-08 15:04:57,872 - pdfminer.pdfpage - WARNING - CropBox missing from /Page, defaulting to MediaBox
2025-06-08 15:04:57,872 - pdfminer.pdfpage - WARNING - CropBox missing from /Page, defaulting to MediaBox
2025-06-08 15:04:57,872 - pdfminer.pdfpage - WARNING - CropBox missing from /Page, defaulting to MediaBox
2025-06-08 15:04:57,872 - pdfminer.pdfpage - WARNING - CropBox missing from /Page, defaulting to MediaBox
2025-06-08 15:04:57,872 - pdfminer.pdfpage - WARNING - CropBox missing from /Page, defaulting to MediaBox
2025-06-08 15:04:57,873 - pdfminer.pdfpage - WARNING - CropBox missing from /Page, defaulting to MediaBox
2025-06-08 15:04:57,873 - pdfminer.pdfpage - WARNING - CropBox missing from /Page, defaulting to MediaBox
2025-06-08 15:04:57,873 - pdfminer.pdfpage - WARNING - CropBox missing from /Page, defaulting to MediaBox
2025-06-08 15:04:57,873 - pdfminer.pdfpage - WARNING - CropBox missing from /Page, defaulting to MediaBox
2025-06-08 15:04:57,873 - pdfminer.pdfpage - WARNING - CropBox missing from /Page, defaulting to MediaBox
2025-06-08 15:04:57,874 - pdfminer.pdfpage - WARNING - CropBox missing from /Page, defaulting to MediaBox
2025-06-08 15:04:57,874 - pdfminer.pdfpage - WARNING - CropBox missing from /Page, defaulting to MediaBox
2025-06-08 15:04:57,874 - pdfminer.pdfpage - WARNING - CropBox missing from /Page, defaulting to MediaBox
2025-06-08 15:04:57,874 - pdfminer.pdfpage - WARNING - CropBox missing from /Page, defaulting to MediaBox
2025-06-08 15:04:57,874 - pdfminer.pdfpage - WARNING - CropBox missing from /Page, defaulting to MediaBox
2025-06-08 15:04:57,875 - pdfminer.pdfpage - WARNING - CropBox missing from /Page, defaulting to MediaBox
2025-06-08 15:04:57,875 - pdfminer.pdfpage - WARNING - CropBox missing from /Page, defaulting to MediaBox
2025-06-08 15:04:57,875 - pdfminer.pdfpage - WARNING - CropBox missing from /Page, defaulting to MediaBox
2025-06-08 15:04:57,876 - pdfminer.pdfpage - WARNING - CropBox missing from /Page, defaulting to MediaBox
2025-06-08 15:04:57,876 - pdfminer.pdfpage - WARNING - CropBox missing from /Page, defaulting to MediaBox
2025-06-08 15:04:57,876 - pdfminer.pdfpage - WARNING - CropBox missing from /Page, defaulting to MediaBox
2025-06-08 15:04:57,876 - pdfminer.pdfpage - WARNING - CropBox missing from /Page, defaulting to MediaBox
2025-06-08 15:04:57,877 - pdfminer.pdfpage - WARNING - CropBox missing from /Page, defaulting to MediaBox
2025-06-08 15:04:57,877 - pdfminer.pdfpage - WARNING - CropBox missing from /Page, defaulting to MediaBox
2025-06-08 15:04:57,877 - pdfminer.pdfpage - WARNING - CropBox missing from /Page, defaulting to MediaBox
2025-06-08 15:04:57,877 - pdfminer.pdfpage - WARNING - CropBox missing from /Page, defaulting to MediaBox
2025-06-08 15:04:57,878 - pdfminer.pdfpage - WARNING - CropBox missing from /Page, defaulting to MediaBox
2025-06-08 15:04:57,878 - pdfminer.pdfpage - WARNING - CropBox missing from /Page, defaulting to MediaBox
2025-06-08 15:04:57,878 - pdfminer.pdfpage - WARNING - CropBox missing from /Page, defaulting to MediaBox
2025-06-08 15:04:57,878 - pdfminer.pdfpage - WARNING - CropBox missing from /Page, defaulting to MediaBox
2025-06-08 15:04:57,878 - pdfminer.pdfpage - WARNING - CropBox missing from /Page, defaulting to MediaBox
2025-06-08 15:04:57,879 - pdfminer.pdfpage - WARNING - CropBox missing from /Page, defaulting to MediaBox
2025-06-08 15:04:57,879 - pdfminer.pdfpage - WARNING - CropBox missing from /Page, defaulting to MediaBox
2025-06-08 15:04:57,880 - pdfminer.pdfpage - WARNING - CropBox missing from /Page, defaulting to MediaBox
2025-06-08 15:04:57,880 - pdfminer.pdfpage - WARNING - CropBox missing from /Page, defaulting to MediaBox
2025-06-08 15:04:57,880 - pdfminer.pdfpage - WARNING - CropBox missing from /Page, defaulting to MediaBox
2025-06-08 15:04:57,880 - pdfminer.pdfpage - WARNING - CropBox missing from /Page, defaulting to MediaBox
2025-06-08 15:04:57,880 - pdfminer.pdfpage - WARNING - CropBox missing from /Page, defaulting to MediaBox
2025-06-08 15:04:57,881 - pdfminer.pdfpage - WARNING - CropBox missing from /Page, defaulting to MediaBox
2025-06-08 15:04:57,881 - pdfminer.pdfpage - WARNING - CropBox missing from /Page, defaulting to MediaBox
2025-06-08 15:04:57,881 - pdfminer.pdfpage - WARNING - CropBox missing from /Page, defaulting to MediaBox
2025-06-08 15:04:57,881 - pdfminer.pdfpage - WARNING - CropBox missing from /Page, defaulting to MediaBox
2025-06-08 15:04:57,881 - pdfminer.pdfpage - WARNING - CropBox missing from /Page, defaulting to MediaBox
2025-06-08 15:04:57,882 - pdfminer.pdfpage - WARNING - CropBox missing from /Page, defaulting to MediaBox
2025-06-08 15:04:57,882 - pdfminer.pdfpage - WARNING - CropBox missing from /Page, defaulting to MediaBox
2025-06-08 15:04:57,882 - pdfminer.pdfpage - WARNING - CropBox missing from /Page, defaulting to MediaBox
2025-06-08 15:04:57,882 - pdfminer.pdfpage - WARNING - CropBox missing from /Page, defaulting to MediaBox
2025-06-08 15:04:57,882 - pdfminer.pdfpage - WARNING - CropBox missing from /Page, defaulting to MediaBox
2025-06-08 15:04:57,883 - pdfminer.pdfpage - WARNING - CropBox missing from /Page, defaulting to MediaBox
2025-06-08 15:04:57,883 - pdfminer.pdfpage - WARNING - CropBox missing from /Page, defaulting to MediaBox
2025-06-08 15:04:57,883 - pdfminer.pdfpage - WARNING - CropBox missing from /Page, defaulting to MediaBox
2025-06-08 15:04:57,883 - pdfminer.pdfpage - WARNING - CropBox missing from /Page, defaulting to MediaBox
2025-06-08 15:04:57,884 - pdfminer.pdfpage - WARNING - CropBox missing from /Page, defaulting to MediaBox
2025-06-08 15:04:57,884 - pdfminer.pdfpage - WARNING - CropBox missing from /Page, defaulting to MediaBox
2025-06-08 15:04:57,884 - pdfminer.pdfpage - WARNING - CropBox missing from /Page, defaulting to MediaBox
2025-06-08 15:04:57,884 - pdfminer.pdfpage - WARNING - CropBox missing from /Page, defaulting to MediaBox
2025-06-08 15:04:57,884 - pdfminer.pdfpage - WARNING - CropBox missing from /Page, defaulting to MediaBox
2025-06-08 15:04:57,885 - pdfminer.pdfpage - WARNING - CropBox missing from /Page, defaulting to MediaBox
2025-06-08 15:04:57,885 - pdfminer.pdfpage - WARNING - CropBox missing from /Page, defaulting to MediaBox
2025-06-08 15:04:57,885 - pdfminer.pdfpage - WARNING - CropBox missing from /Page, defaulting to MediaBox
2025-06-08 15:04:57,885 - pdfminer.pdfpage - WARNING - CropBox missing from /Page, defaulting to MediaBox
2025-06-08 15:04:57,885 - pdfminer.pdfpage - WARNING - CropBox missing from /Page, defaulting to MediaBox
2025-06-08 15:04:57,886 - pdfminer.pdfpage - WARNING - CropBox missing from /Page, defaulting to MediaBox
2025-06-08 15:04:57,886 - pdfminer.pdfpage - WARNING - CropBox missing from /Page, defaulting to MediaBox
2025-06-08 15:04:57,886 - pdfminer.pdfpage - WARNING - CropBox missing from /Page, defaulting to MediaBox
2025-06-08 15:04:57,886 - pdfminer.pdfpage - WARNING - CropBox missing from /Page, defaulting to MediaBox
2025-06-08 15:04:57,886 - pdfminer.pdfpage - WARNING - CropBox missing from /Page, defaulting to MediaBox
2025-06-08 15:04:57,887 - pdfminer.pdfpage - WARNING - CropBox missing from /Page, defaulting to MediaBox
2025-06-08 15:04:57,887 - pdfminer.pdfpage - WARNING - CropBox missing from /Page, defaulting to MediaBox
2025-06-08 15:04:57,888 - pdfminer.pdfpage - WARNING - CropBox missing from /Page, defaulting to MediaBox
2025-06-08 15:04:57,889 - pdfminer.pdfpage - WARNING - CropBox missing from /Page, defaulting to MediaBox
2025-06-08 15:04:57,889 - pdfminer.pdfpage - WARNING - CropBox missing from /Page, defaulting to MediaBox
2025-06-08 15:04:57,889 - pdfminer.pdfpage - WARNING - CropBox missing from /Page, defaulting to MediaBox
2025-06-08 15:04:57,889 - pdfminer.pdfpage - WARNING - CropBox missing from /Page, defaulting to MediaBox
2025-06-08 15:04:57,890 - pdfminer.pdfpage - WARNING - CropBox missing from /Page, defaulting to MediaBox
2025-06-08 15:04:57,890 - pdfminer.pdfpage - WARNING - CropBox missing from /Page, defaulting to MediaBox
2025-06-08 15:04:57,890 - pdfminer.pdfpage - WARNING - CropBox missing from /Page, defaulting to MediaBox
2025-06-08 15:04:57,890 - pdfminer.pdfpage - WARNING - CropBox missing from /Page, defaulting to MediaBox
2025-06-08 15:04:57,891 - pdfminer.pdfpage - WARNING - CropBox missing from /Page, defaulting to MediaBox
2025-06-08 15:04:57,891 - pdfminer.pdfpage - WARNING - CropBox missing from /Page, defaulting to MediaBox
2025-06-08 15:04:57,891 - pdfminer.pdfpage - WARNING - CropBox missing from /Page, defaulting to MediaBox
2025-06-08 15:04:57,891 - pdfminer.pdfpage - WARNING - CropBox missing from /Page, defaulting to MediaBox
2025-06-08 15:04:57,892 - pdfminer.pdfpage - WARNING - CropBox missing from /Page, defaulting to MediaBox
2025-06-08 15:04:57,892 - pdfminer.pdfpage - WARNING - CropBox missing from /Page, defaulting to MediaBox
2025-06-08 15:04:57,892 - pdfminer.pdfpage - WARNING - CropBox missing from /Page, defaulting to MediaBox
2025-06-08 15:04:57,892 - pdfminer.pdfpage - WARNING - CropBox missing from /Page, defaulting to MediaBox
2025-06-08 15:04:57,892 - pdfminer.pdfpage - WARNING - CropBox missing from /Page, defaulting to MediaBox
2025-06-08 15:04:57,893 - pdfminer.pdfpage - WARNING - CropBox missing from /Page, defaulting to MediaBox
2025-06-08 15:04:57,893 - pdfminer.pdfpage - WARNING - CropBox missing from /Page, defaulting to MediaBox
2025-06-08 15:04:57,893 - pdfminer.pdfpage - WARNING - CropBox missing from /Page, defaulting to MediaBox
2025-06-08 15:04:57,893 - pdfminer.pdfpage - WARNING - CropBox missing from /Page, defaulting to MediaBox
2025-06-08 15:04:57,893 - pdfminer.pdfpage - WARNING - CropBox missing from /Page, defaulting to MediaBox
2025-06-08 15:04:57,894 - pdfminer.pdfpage - WARNING - CropBox missing from /Page, defaulting to MediaBox
2025-06-08 15:04:57,894 - pdfminer.pdfpage - WARNING - CropBox missing from /Page, defaulting to MediaBox
2025-06-08 15:04:57,894 - pdfminer.pdfpage - WARNING - CropBox missing from /Page, defaulting to MediaBox
2025-06-08 15:04:57,894 - pdfminer.pdfpage - WARNING - CropBox missing from /Page, defaulting to MediaBox
2025-06-08 15:04:57,895 - pdfminer.pdfpage - WARNING - CropBox missing from /Page, defaulting to MediaBox
2025-06-08 15:04:57,895 - pdfminer.pdfpage - WARNING - CropBox missing from /Page, defaulting to MediaBox
2025-06-08 15:04:57,895 - pdfminer.pdfpage - WARNING - CropBox missing from /Page, defaulting to MediaBox
2025-06-08 15:04:57,895 - pdfminer.pdfpage - WARNING - CropBox missing from /Page, defaulting to MediaBox
2025-06-08 15:04:57,895 - pdfminer.pdfpage - WARNING - CropBox missing from /Page, defaulting to MediaBox
2025-06-08 15:04:57,896 - pdfminer.pdfpage - WARNING - CropBox missing from /Page, defaulting to MediaBox
2025-06-08 15:04:57,896 - pdfminer.pdfpage - WARNING - CropBox missing from /Page, defaulting to MediaBox
2025-06-08 15:04:57,896 - pdfminer.pdfpage - WARNING - CropBox missing from /Page, defaulting to MediaBox
2025-06-08 15:04:57,896 - pdfminer.pdfpage - WARNING - CropBox missing from /Page, defaulting to MediaBox
2025-06-08 15:04:57,896 - pdfminer.pdfpage - WARNING - CropBox missing from /Page, defaulting to MediaBox
2025-06-08 15:04:57,897 - pdfminer.pdfpage - WARNING - CropBox missing from /Page, defaulting to MediaBox
2025-06-08 15:04:57,897 - pdfminer.pdfpage - WARNING - CropBox missing from /Page, defaulting to MediaBox
2025-06-08 15:04:57,897 - pdfminer.pdfpage - WARNING - CropBox missing from /Page, defaulting to MediaBox
2025-06-08 15:04:57,897 - pdfminer.pdfpage - WARNING - CropBox missing from /Page, defaulting to MediaBox
2025-06-08 15:04:57,897 - pdfminer.pdfpage - WARNING - CropBox missing from /Page, defaulting to MediaBox
2025-06-08 15:04:57,898 - pdfminer.pdfpage - WARNING - CropBox missing from /Page, defaulting to MediaBox
2025-06-08 15:04:57,898 - pdfminer.pdfpage - WARNING - CropBox missing from /Page, defaulting to MediaBox
2025-06-08 15:04:57,898 - pdfminer.pdfpage - WARNING - CropBox missing from /Page, defaulting to MediaBox
2025-06-08 15:04:57,898 - pdfminer.pdfpage - WARNING - CropBox missing from /Page, defaulting to MediaBox
2025-06-08 15:04:57,898 - pdfminer.pdfpage - WARNING - CropBox missing from /Page, defaulting to MediaBox
2025-06-08 15:04:57,899 - pdfminer.pdfpage - WARNING - CropBox missing from /Page, defaulting to MediaBox
2025-06-08 15:04:57,899 - pdfminer.pdfpage - WARNING - CropBox missing from /Page, defaulting to MediaBox
2025-06-08 15:04:57,899 - pdfminer.pdfpage - WARNING - CropBox missing from /Page, defaulting to MediaBox
2025-06-08 15:04:57,899 - pdfminer.pdfpage - WARNING - CropBox missing from /Page, defaulting to MediaBox
2025-06-08 15:04:57,900 - pdfminer.pdfpage - WARNING - CropBox missing from /Page, defaulting to MediaBox
2025-06-08 15:04:57,900 - pdfminer.pdfpage - WARNING - CropBox missing from /Page, defaulting to MediaBox
2025-06-08 15:04:57,900 - pdfminer.pdfpage - WARNING - CropBox missing from /Page, defaulting to MediaBox
2025-06-08 15:04:57,900 - pdfminer.pdfpage - WARNING - CropBox missing from /Page, defaulting to MediaBox
2025-06-08 15:04:57,900 - pdfminer.pdfpage - WARNING - CropBox missing from /Page, defaulting to MediaBox
2025-06-08 15:04:57,901 - pdfminer.pdfpage - WARNING - CropBox missing from /Page, defaulting to MediaBox
2025-06-08 15:04:57,901 - pdfminer.pdfpage - WARNING - CropBox missing from /Page, defaulting to MediaBox
2025-06-08 15:04:57,901 - pdfminer.pdfpage - WARNING - CropBox missing from /Page, defaulting to MediaBox
2025-06-08 15:04:57,901 - pdfminer.pdfpage - WARNING - CropBox missing from /Page, defaulting to MediaBox
2025-06-08 15:04:57,901 - pdfminer.pdfpage - WARNING - CropBox missing from /Page, defaulting to MediaBox
2025-06-08 15:04:57,902 - pdfminer.pdfpage - WARNING - CropBox missing from /Page, defaulting to MediaBox
2025-06-08 15:04:57,902 - pdfminer.pdfpage - WARNING - CropBox missing from /Page, defaulting to MediaBox
2025-06-08 15:04:57,902 - pdfminer.pdfpage - WARNING - CropBox missing from /Page, defaulting to MediaBox
2025-06-08 15:04:57,902 - pdfminer.pdfpage - WARNING - CropBox missing from /Page, defaulting to MediaBox
2025-06-08 15:04:57,902 - pdfminer.pdfpage - WARNING - CropBox missing from /Page, defaulting to MediaBox
2025-06-08 15:04:57,903 - pdfminer.pdfpage - WARNING - CropBox missing from /Page, defaulting to MediaBox
2025-06-08 15:04:57,903 - pdfminer.pdfpage - WARNING - CropBox missing from /Page, defaulting to MediaBox
2025-06-08 15:04:57,903 - pdfminer.pdfpage - WARNING - CropBox missing from /Page, defaulting to MediaBox
2025-06-08 15:04:57,903 - pdfminer.pdfpage - WARNING - CropBox missing from /Page, defaulting to MediaBox
2025-06-08 15:04:57,903 - pdfminer.pdfpage - WARNING - CropBox missing from /Page, defaulting to MediaBox
2025-06-08 15:04:57,904 - pdfminer.pdfpage - WARNING - CropBox missing from /Page, defaulting to MediaBox
2025-06-08 15:04:57,904 - pdfminer.pdfpage - WARNING - CropBox missing from /Page, defaulting to MediaBox
2025-06-08 15:04:57,904 - pdfminer.pdfpage - WARNING - CropBox missing from /Page, defaulting to MediaBox
2025-06-08 15:04:57,904 - pdfminer.pdfpage - WARNING - CropBox missing from /Page, defaulting to MediaBox
2025-06-08 15:04:57,904 - pdfminer.pdfpage - WARNING - CropBox missing from /Page, defaulting to MediaBox
2025-06-08 15:04:57,905 - pdfminer.pdfpage - WARNING - CropBox missing from /Page, defaulting to MediaBox
2025-06-08 15:04:57,905 - pdfminer.pdfpage - WARNING - CropBox missing from /Page, defaulting to MediaBox
2025-06-08 15:04:57,905 - pdfminer.pdfpage - WARNING - CropBox missing from /Page, defaulting to MediaBox
2025-06-08 15:04:57,905 - pdfminer.pdfpage - WARNING - CropBox missing from /Page, defaulting to MediaBox
2025-06-08 15:04:57,906 - pdfminer.pdfpage - WARNING - CropBox missing from /Page, defaulting to MediaBox
2025-06-08 15:04:57,906 - pdfminer.pdfpage - WARNING - CropBox missing from /Page, defaulting to MediaBox
2025-06-08 15:04:57,906 - pdfminer.pdfpage - WARNING - CropBox missing from /Page, defaulting to MediaBox
2025-06-08 15:04:57,906 - pdfminer.pdfpage - WARNING - CropBox missing from /Page, defaulting to MediaBox
2025-06-08 15:04:57,907 - pdfminer.pdfpage - WARNING - CropBox missing from /Page, defaulting to MediaBox
2025-06-08 15:04:57,907 - pdfminer.pdfpage - WARNING - CropBox missing from /Page, defaulting to MediaBox
2025-06-08 15:04:57,907 - pdfminer.pdfpage - WARNING - CropBox missing from /Page, defaulting to MediaBox
2025-06-08 15:04:57,907 - pdfminer.pdfpage - WARNING - CropBox missing from /Page, defaulting to MediaBox
2025-06-08 15:04:57,908 - pdfminer.pdfpage - WARNING - CropBox missing from /Page, defaulting to MediaBox
2025-06-08 15:04:57,908 - pdfminer.pdfpage - WARNING - CropBox missing from /Page, defaulting to MediaBox
2025-06-08 15:04:57,908 - pdfminer.pdfpage - WARNING - CropBox missing from /Page, defaulting to MediaBox
2025-06-08 15:04:57,908 - pdfminer.pdfpage - WARNING - CropBox missing from /Page, defaulting to MediaBox
2025-06-08 15:04:57,909 - pdfminer.pdfpage - WARNING - CropBox missing from /Page, defaulting to MediaBox
2025-06-08 15:04:57,909 - pdfminer.pdfpage - WARNING - CropBox missing from /Page, defaulting to MediaBox
2025-06-08 15:04:57,909 - pdfminer.pdfpage - WARNING - CropBox missing from /Page, defaulting to MediaBox
2025-06-08 15:04:57,909 - pdfminer.pdfpage - WARNING - CropBox missing from /Page, defaulting to MediaBox
2025-06-08 15:04:57,910 - pdfminer.pdfpage - WARNING - CropBox missing from /Page, defaulting to MediaBox
2025-06-08 15:04:57,910 - pdfminer.pdfpage - WARNING - CropBox missing from /Page, defaulting to MediaBox
2025-06-08 15:04:57,910 - pdfminer.pdfpage - WARNING - CropBox missing from /Page, defaulting to MediaBox
2025-06-08 15:04:57,910 - pdfminer.pdfpage - WARNING - CropBox missing from /Page, defaulting to MediaBox
2025-06-08 15:04:57,911 - pdfminer.pdfpage - WARNING - CropBox missing from /Page, defaulting to MediaBox
2025-06-08 15:04:57,912 - pdfminer.pdfpage - WARNING - CropBox missing from /Page, defaulting to MediaBox
2025-06-08 15:04:57,913 - pdfminer.pdfpage - WARNING - CropBox missing from /Page, defaulting to MediaBox
2025-06-08 15:04:57,913 - pdfminer.pdfpage - WARNING - CropBox missing from /Page, defaulting to MediaBox
2025-06-08 15:04:57,913 - pdfminer.pdfpage - WARNING - CropBox missing from /Page, defaulting to MediaBox
2025-06-08 15:04:57,914 - pdfminer.pdfpage - WARNING - CropBox missing from /Page, defaulting to MediaBox
2025-06-08 15:04:57,914 - pdfminer.pdfpage - WARNING - CropBox missing from /Page, defaulting to MediaBox
2025-06-08 15:04:57,914 - pdfminer.pdfpage - WARNING - CropBox missing from /Page, defaulting to MediaBox
2025-06-08 15:04:57,939 - pdfminer.pdfpage - WARNING - CropBox missing from /Page, defaulting to MediaBox
2025-06-08 15:04:57,940 - pdfminer.pdfpage - WARNING - CropBox missing from /Page, defaulting to MediaBox
2025-06-08 15:04:57,940 - pdfminer.pdfpage - WARNING - CropBox missing from /Page, defaulting to MediaBox
2025-06-08 15:04:57,940 - pdfminer.pdfpage - WARNING - CropBox missing from /Page, defaulting to MediaBox
2025-06-08 15:04:57,941 - pdfminer.pdfpage - WARNING - CropBox missing from /Page, defaulting to MediaBox
2025-06-08 15:04:57,941 - pdfminer.pdfpage - WARNING - CropBox missing from /Page, defaulting to MediaBox
2025-06-08 15:04:57,941 - pdfminer.pdfpage - WARNING - CropBox missing from /Page, defaulting to MediaBox
2025-06-08 15:04:57,941 - pdfminer.pdfpage - WARNING - CropBox missing from /Page, defaulting to MediaBox
2025-06-08 15:04:57,941 - pdfminer.pdfpage - WARNING - CropBox missing from /Page, defaulting to MediaBox
2025-06-08 15:04:57,942 - pdfminer.pdfpage - WARNING - CropBox missing from /Page, defaulting to MediaBox
2025-06-08 15:04:57,942 - pdfminer.pdfpage - WARNING - CropBox missing from /Page, defaulting to MediaBox
2025-06-08 15:04:57,942 - pdfminer.pdfpage - WARNING - CropBox missing from /Page, defaulting to MediaBox
2025-06-08 15:04:57,942 - pdfminer.pdfpage - WARNING - CropBox missing from /Page, defaulting to MediaBox
2025-06-08 15:04:57,943 - pdfminer.pdfpage - WARNING - CropBox missing from /Page, defaulting to MediaBox
2025-06-08 15:04:57,943 - pdfminer.pdfpage - WARNING - CropBox missing from /Page, defaulting to MediaBox
2025-06-08 15:04:57,943 - pdfminer.pdfpage - WARNING - CropBox missing from /Page, defaulting to MediaBox
2025-06-08 15:04:57,943 - pdfminer.pdfpage - WARNING - CropBox missing from /Page, defaulting to MediaBox
2025-06-08 15:04:57,943 - pdfminer.pdfpage - WARNING - CropBox missing from /Page, defaulting to MediaBox
2025-06-08 15:04:57,944 - pdfminer.pdfpage - WARNING - CropBox missing from /Page, defaulting to MediaBox
2025-06-08 15:04:57,944 - pdfminer.pdfpage - WARNING - CropBox missing from /Page, defaulting to MediaBox
2025-06-08 15:04:57,944 - pdfminer.pdfpage - WARNING - CropBox missing from /Page, defaulting to MediaBox
2025-06-08 15:04:57,944 - pdfminer.pdfpage - WARNING - CropBox missing from /Page, defaulting to MediaBox
2025-06-08 15:04:57,945 - pdfminer.pdfpage - WARNING - CropBox missing from /Page, defaulting to MediaBox
2025-06-08 15:04:57,945 - pdfminer.pdfpage - WARNING - CropBox missing from /Page, defaulting to MediaBox
2025-06-08 15:04:57,945 - pdfminer.pdfpage - WARNING - CropBox missing from /Page, defaulting to MediaBox
2025-06-08 15:04:57,945 - pdfminer.pdfpage - WARNING - CropBox missing from /Page, defaulting to MediaBox
2025-06-08 15:04:57,946 - pdfminer.pdfpage - WARNING - CropBox missing from /Page, defaulting to MediaBox
2025-06-08 15:04:57,946 - pdfminer.pdfpage - WARNING - CropBox missing from /Page, defaulting to MediaBox
2025-06-08 15:04:57,946 - pdfminer.pdfpage - WARNING - CropBox missing from /Page, defaulting to MediaBox
2025-06-08 15:04:57,946 - pdfminer.pdfpage - WARNING - CropBox missing from /Page, defaulting to MediaBox
2025-06-08 15:04:57,947 - pdfminer.pdfpage - WARNING - CropBox missing from /Page, defaulting to MediaBox
2025-06-08 15:04:57,947 - pdfminer.pdfpage - WARNING - CropBox missing from /Page, defaulting to MediaBox
2025-06-08 15:04:57,947 - pdfminer.pdfpage - WARNING - CropBox missing from /Page, defaulting to MediaBox
2025-06-08 15:04:57,947 - pdfminer.pdfpage - WARNING - CropBox missing from /Page, defaulting to MediaBox
2025-06-08 15:04:57,947 - pdfminer.pdfpage - WARNING - CropBox missing from /Page, defaulting to MediaBox
2025-06-08 15:04:57,948 - pdfminer.pdfpage - WARNING - CropBox missing from /Page, defaulting to MediaBox
2025-06-08 15:04:57,948 - pdfminer.pdfpage - WARNING - CropBox missing from /Page, defaulting to MediaBox
2025-06-08 15:04:57,948 - pdfminer.pdfpage - WARNING - CropBox missing from /Page, defaulting to MediaBox
2025-06-08 15:04:57,948 - pdfminer.pdfpage - WARNING - CropBox missing from /Page, defaulting to MediaBox
2025-06-08 15:04:57,948 - pdfminer.pdfpage - WARNING - CropBox missing from /Page, defaulting to MediaBox
2025-06-08 15:04:57,949 - pdfminer.pdfpage - WARNING - CropBox missing from /Page, defaulting to MediaBox
2025-06-08 15:04:57,949 - pdfminer.pdfpage - WARNING - CropBox missing from /Page, defaulting to MediaBox
2025-06-08 15:04:57,949 - pdfminer.pdfpage - WARNING - CropBox missing from /Page, defaulting to MediaBox
2025-06-08 15:04:57,949 - pdfminer.pdfpage - WARNING - CropBox missing from /Page, defaulting to MediaBox
2025-06-08 15:04:57,949 - pdfminer.pdfpage - WARNING - CropBox missing from /Page, defaulting to MediaBox
2025-06-08 15:04:57,950 - pdfminer.pdfpage - WARNING - CropBox missing from /Page, defaulting to MediaBox
2025-06-08 15:04:57,950 - pdfminer.pdfpage - WARNING - CropBox missing from /Page, defaulting to MediaBox
2025-06-08 15:04:57,950 - pdfminer.pdfpage - WARNING - CropBox missing from /Page, defaulting to MediaBox
2025-06-08 15:04:57,950 - pdfminer.pdfpage - WARNING - CropBox missing from /Page, defaulting to MediaBox
2025-06-08 15:04:57,951 - pdfminer.pdfpage - WARNING - CropBox missing from /Page, defaulting to MediaBox
2025-06-08 15:04:57,951 - pdfminer.pdfpage - WARNING - CropBox missing from /Page, defaulting to MediaBox
2025-06-08 15:04:57,951 - pdfminer.pdfpage - WARNING - CropBox missing from /Page, defaulting to MediaBox
2025-06-08 15:04:57,951 - pdfminer.pdfpage - WARNING - CropBox missing from /Page, defaulting to MediaBox
2025-06-08 15:04:57,951 - pdfminer.pdfpage - WARNING - CropBox missing from /Page, defaulting to MediaBox
2025-06-08 15:04:57,952 - pdfminer.pdfpage - WARNING - CropBox missing from /Page, defaulting to MediaBox
2025-06-08 15:04:57,952 - pdfminer.pdfpage - WARNING - CropBox missing from /Page, defaulting to MediaBox
2025-06-08 15:04:57,952 - pdfminer.pdfpage - WARNING - CropBox missing from /Page, defaulting to MediaBox
2025-06-08 15:04:57,952 - pdfminer.pdfpage - WARNING - CropBox missing from /Page, defaulting to MediaBox
2025-06-08 15:04:57,952 - pdfminer.pdfpage - WARNING - CropBox missing from /Page, defaulting to MediaBox
2025-06-08 15:04:57,953 - pdfminer.pdfpage - WARNING - CropBox missing from /Page, defaulting to MediaBox
2025-06-08 15:04:57,953 - pdfminer.pdfpage - WARNING - CropBox missing from /Page, defaulting to MediaBox
2025-06-08 15:04:57,953 - pdfminer.pdfpage - WARNING - CropBox missing from /Page, defaulting to MediaBox
2025-06-08 15:04:57,953 - pdfminer.pdfpage - WARNING - CropBox missing from /Page, defaulting to MediaBox
2025-06-08 15:04:57,954 - pdfminer.pdfpage - WARNING - CropBox missing from /Page, defaulting to MediaBox
2025-06-08 15:04:57,954 - pdfminer.pdfpage - WARNING - CropBox missing from /Page, defaulting to MediaBox
2025-06-08 15:04:57,954 - pdfminer.pdfpage - WARNING - CropBox missing from /Page, defaulting to MediaBox
2025-06-08 15:04:57,954 - pdfminer.pdfpage - WARNING - CropBox missing from /Page, defaulting to MediaBox
2025-06-08 15:04:57,955 - pdfminer.pdfpage - WARNING - CropBox missing from /Page, defaulting to MediaBox
2025-06-08 15:04:57,955 - pdfminer.pdfpage - WARNING - CropBox missing from /Page, defaulting to MediaBox
2025-06-08 15:04:57,955 - pdfminer.pdfpage - WARNING - CropBox missing from /Page, defaulting to MediaBox
2025-06-08 15:04:57,955 - pdfminer.pdfpage - WARNING - CropBox missing from /Page, defaulting to MediaBox
2025-06-08 15:04:57,955 - pdfminer.pdfpage - WARNING - CropBox missing from /Page, defaulting to MediaBox
2025-06-08 15:04:57,956 - pdfminer.pdfpage - WARNING - CropBox missing from /Page, defaulting to MediaBox
2025-06-08 15:04:57,956 - pdfminer.pdfpage - WARNING - CropBox missing from /Page, defaulting to MediaBox
2025-06-08 15:04:57,956 - pdfminer.pdfpage - WARNING - CropBox missing from /Page, defaulting to MediaBox
2025-06-08 15:04:57,956 - pdfminer.pdfpage - WARNING - CropBox missing from /Page, defaulting to MediaBox
2025-06-08 15:04:57,956 - pdfminer.pdfpage - WARNING - CropBox missing from /Page, defaulting to MediaBox
2025-06-08 15:04:57,957 - pdfminer.pdfpage - WARNING - CropBox missing from /Page, defaulting to MediaBox
2025-06-08 15:04:57,957 - pdfminer.pdfpage - WARNING - CropBox missing from /Page, defaulting to MediaBox
2025-06-08 15:04:57,957 - pdfminer.pdfpage - WARNING - CropBox missing from /Page, defaulting to MediaBox
2025-06-08 15:04:57,957 - pdfminer.pdfpage - WARNING - CropBox missing from /Page, defaulting to MediaBox
2025-06-08 15:04:57,957 - pdfminer.pdfpage - WARNING - CropBox missing from /Page, defaulting to MediaBox
2025-06-08 15:04:57,958 - pdfminer.pdfpage - WARNING - CropBox missing from /Page, defaulting to MediaBox
2025-06-08 15:04:57,958 - pdfminer.pdfpage - WARNING - CropBox missing from /Page, defaulting to MediaBox
2025-06-08 15:04:57,958 - pdfminer.pdfpage - WARNING - CropBox missing from /Page, defaulting to MediaBox
2025-06-08 15:04:57,958 - pdfminer.pdfpage - WARNING - CropBox missing from /Page, defaulting to MediaBox
2025-06-08 15:04:57,958 - pdfminer.pdfpage - WARNING - CropBox missing from /Page, defaulting to MediaBox
2025-06-08 15:04:57,959 - pdfminer.pdfpage - WARNING - CropBox missing from /Page, defaulting to MediaBox
2025-06-08 15:04:57,959 - pdfminer.pdfpage - WARNING - CropBox missing from /Page, defaulting to MediaBox
2025-06-08 15:04:57,959 - pdfminer.pdfpage - WARNING - CropBox missing from /Page, defaulting to MediaBox
2025-06-08 15:04:57,959 - pdfminer.pdfpage - WARNING - CropBox missing from /Page, defaulting to MediaBox
2025-06-08 15:04:57,959 - pdfminer.pdfpage - WARNING - CropBox missing from /Page, defaulting to MediaBox
2025-06-08 15:04:57,960 - pdfminer.pdfpage - WARNING - CropBox missing from /Page, defaulting to MediaBox
2025-06-08 15:04:57,960 - pdfminer.pdfpage - WARNING - CropBox missing from /Page, defaulting to MediaBox
2025-06-08 15:04:57,960 - pdfminer.pdfpage - WARNING - CropBox missing from /Page, defaulting to MediaBox
2025-06-08 15:04:57,960 - pdfminer.pdfpage - WARNING - CropBox missing from /Page, defaulting to MediaBox
2025-06-08 15:04:57,960 - pdfminer.pdfpage - WARNING - CropBox missing from /Page, defaulting to MediaBox
2025-06-08 15:04:57,961 - pdfminer.pdfpage - WARNING - CropBox missing from /Page, defaulting to MediaBox
2025-06-08 15:04:57,961 - pdfminer.pdfpage - WARNING - CropBox missing from /Page, defaulting to MediaBox
2025-06-08 15:04:57,961 - pdfminer.pdfpage - WARNING - CropBox missing from /Page, defaulting to MediaBox
2025-06-08 15:04:57,961 - pdfminer.pdfpage - WARNING - CropBox missing from /Page, defaulting to MediaBox
2025-06-08 15:04:57,961 - pdfminer.pdfpage - WARNING - CropBox missing from /Page, defaulting to MediaBox
2025-06-08 15:04:57,962 - pdfminer.pdfpage - WARNING - CropBox missing from /Page, defaulting to MediaBox
2025-06-08 15:04:57,962 - pdfminer.pdfpage - WARNING - CropBox missing from /Page, defaulting to MediaBox
2025-06-08 15:04:57,962 - pdfminer.pdfpage - WARNING - CropBox missing from /Page, defaulting to MediaBox
2025-06-08 15:04:57,962 - pdfminer.pdfpage - WARNING - CropBox missing from /Page, defaulting to MediaBox
2025-06-08 15:04:57,962 - pdfminer.pdfpage - WARNING - CropBox missing from /Page, defaulting to MediaBox
2025-06-08 15:04:57,963 - pdfminer.pdfpage - WARNING - CropBox missing from /Page, defaulting to MediaBox
2025-06-08 15:04:57,963 - pdfminer.pdfpage - WARNING - CropBox missing from /Page, defaulting to MediaBox
2025-06-08 15:04:57,963 - pdfminer.pdfpage - WARNING - CropBox missing from /Page, defaulting to MediaBox
2025-06-08 15:04:57,963 - pdfminer.pdfpage - WARNING - CropBox missing from /Page, defaulting to MediaBox
2025-06-08 15:04:57,963 - pdfminer.pdfpage - WARNING - CropBox missing from /Page, defaulting to MediaBox
2025-06-08 15:04:57,964 - pdfminer.pdfpage - WARNING - CropBox missing from /Page, defaulting to MediaBox
2025-06-08 15:04:57,964 - pdfminer.pdfpage - WARNING - CropBox missing from /Page, defaulting to MediaBox
2025-06-08 15:04:57,964 - pdfminer.pdfpage - WARNING - CropBox missing from /Page, defaulting to MediaBox
2025-06-08 15:04:57,965 - pdfminer.pdfpage - WARNING - CropBox missing from /Page, defaulting to MediaBox
2025-06-08 15:04:57,965 - pdfminer.pdfpage - WARNING - CropBox missing from /Page, defaulting to MediaBox
2025-06-08 15:04:57,965 - pdfminer.pdfpage - WARNING - CropBox missing from /Page, defaulting to MediaBox
2025-06-08 15:04:57,966 - pdfminer.pdfpage - WARNING - CropBox missing from /Page, defaulting to MediaBox
2025-06-08 15:04:57,966 - pdfminer.pdfpage - WARNING - CropBox missing from /Page, defaulting to MediaBox
2025-06-08 15:04:57,966 - pdfminer.pdfpage - WARNING - CropBox missing from /Page, defaulting to MediaBox
2025-06-08 15:04:57,966 - pdfminer.pdfpage - WARNING - CropBox missing from /Page, defaulting to MediaBox
2025-06-08 15:04:57,966 - pdfminer.pdfpage - WARNING - CropBox missing from /Page, defaulting to MediaBox
2025-06-08 15:04:57,967 - pdfminer.pdfpage - WARNING - CropBox missing from /Page, defaulting to MediaBox
2025-06-08 15:04:57,967 - pdfminer.pdfpage - WARNING - CropBox missing from /Page, defaulting to MediaBox
2025-06-08 15:04:57,967 - pdfminer.pdfpage - WARNING - CropBox missing from /Page, defaulting to MediaBox
2025-06-08 15:04:57,967 - pdfminer.pdfpage - WARNING - CropBox missing from /Page, defaulting to MediaBox
2025-06-08 15:04:57,968 - pdfminer.pdfpage - WARNING - CropBox missing from /Page, defaulting to MediaBox
2025-06-08 15:04:57,968 - pdfminer.pdfpage - WARNING - CropBox missing from /Page, defaulting to MediaBox
2025-06-08 15:04:57,968 - pdfminer.pdfpage - WARNING - CropBox missing from /Page, defaulting to MediaBox
2025-06-08 15:04:57,968 - pdf_extractor - INFO - Processando 333 páginas do PDF
2025-06-08 15:04:58,016 - pdf_extractor - INFO - Competência encontrada na página 2 com padrão 4: 04/2025
2025-06-08 15:04:58,019 - pdf_extractor - INFO - Encontrado padrão específico 04/2025 no texto
2025-06-08 15:04:58,019 - pdf_extractor - INFO - Competência encontrada no texto: 04/2025
2025-06-08 15:04:58,020 - pdf_extractor - WARNING - Nenhum dado extraído do texto na página 2
2025-06-08 15:04:58,221 - pdf_extractor - INFO - Competência encontrada na página 3 com padrão 1: 01/2022
2025-06-08 15:04:58,304 - pdf_extractor - INFO - Extraídos 33 registros das tabelas na página 3
2025-06-08 15:04:58,512 - pdf_extractor - INFO - Competência encontrada na página 4 com padrão 1: 01/2022
2025-06-08 15:04:58,594 - pdf_extractor - INFO - Encontrado tomador '50 BATALHÃO DE INFANTARIA': 50 BATALHÃO DE INFANTARIA DE
2025-06-08 15:04:58,594 - pdf_extractor - INFO - Encontrado tomador '50 BATALHÃO DE INFANTARIA': 50 BATALHÃO DE INFANTARIA DE
2025-06-08 15:04:58,595 - pdf_extractor - INFO - Encontrado tomador '50 BATALHÃO DE INFANTARIA': 50 BATALHÃO DE INFANTARIA DE
2025-06-08 15:04:58,595 - pdf_extractor - INFO - Extraídos 34 registros das tabelas na página 4
2025-06-08 15:04:58,841 - pdf_extractor - INFO - Competência encontrada na página 5 com padrão 1: 01/2022
2025-06-08 15:04:58,926 - pdf_extractor - INFO - Extraídos 35 registros das tabelas na página 5
2025-06-08 15:04:59,131 - pdf_extractor - INFO - Competência encontrada na página 6 com padrão 1: 01/2022
2025-06-08 15:04:59,211 - pdf_extractor - INFO - Extraídos 34 registros das tabelas na página 6
2025-06-08 15:04:59,419 - pdf_extractor - INFO - Competência encontrada na página 7 com padrão 1: 01/2022
2025-06-08 15:04:59,499 - pdf_extractor - INFO - Extraídos 35 registros das tabelas na página 7
2025-06-08 15:04:59,700 - pdf_extractor - INFO - Competência encontrada na página 8 com padrão 1: 01/2022
2025-06-08 15:04:59,779 - pdf_extractor - INFO - Extraídos 34 registros das tabelas na página 8
2025-06-08 15:04:59,996 - pdf_extractor - INFO - Competência encontrada na página 9 com padrão 1: 01/2022
2025-06-08 15:05:00,087 - pdf_extractor - INFO - Extraídos 35 registros das tabelas na página 9
2025-06-08 15:05:00,289 - pdf_extractor - INFO - Competência encontrada na página 10 com padrão 1: 01/2022
2025-06-08 15:05:00,371 - pdf_extractor - INFO - Extraídos 34 registros das tabelas na página 10
2025-06-08 15:05:00,650 - pdf_extractor - INFO - Competência encontrada na página 11 com padrão 1: 01/2022
2025-06-08 15:05:00,731 - pdf_extractor - INFO - Extraídos 35 registros das tabelas na página 11
2025-06-08 15:05:00,934 - pdf_extractor - INFO - Competência encontrada na página 12 com padrão 1: 01/2022
2025-06-08 15:05:01,009 - pdf_extractor - INFO - Extraídos 34 registros das tabelas na página 12
2025-06-08 15:05:01,211 - pdf_extractor - INFO - Competência encontrada na página 13 com padrão 1: 01/2022
2025-06-08 15:05:01,290 - pdf_extractor - INFO - Extraídos 35 registros das tabelas na página 13
2025-06-08 15:05:01,360 - pdf_extractor - INFO - Competência encontrada na página 14 com padrão 1: 01/2022
2025-06-08 15:05:01,373 - pdf_extractor - INFO - Extraídos 10 registros das tabelas na página 14
2025-06-08 15:05:01,580 - pdf_extractor - INFO - Competência encontrada na página 15 com padrão 1: 02/2022
2025-06-08 15:05:01,664 - pdf_extractor - INFO - Extraídos 35 registros das tabelas na página 15
2025-06-08 15:05:01,860 - pdf_extractor - INFO - Competência encontrada na página 16 com padrão 1: 02/2022
2025-06-08 15:05:01,936 - pdf_extractor - INFO - Extraídos 33 registros das tabelas na página 16
2025-06-08 15:05:02,142 - pdf_extractor - INFO - Competência encontrada na página 17 com padrão 1: 02/2022
2025-06-08 15:05:02,225 - pdf_extractor - INFO - Extraídos 34 registros das tabelas na página 17
2025-06-08 15:05:02,427 - pdf_extractor - INFO - Competência encontrada na página 18 com padrão 1: 02/2022
2025-06-08 15:05:02,512 - pdf_extractor - INFO - Extraídos 35 registros das tabelas na página 18
2025-06-08 15:05:02,816 - pdf_extractor - INFO - Competência encontrada na página 19 com padrão 1: 02/2022
2025-06-08 15:05:02,899 - pdf_extractor - INFO - Extraídos 34 registros das tabelas na página 19
2025-06-08 15:05:03,107 - pdf_extractor - INFO - Competência encontrada na página 20 com padrão 1: 02/2022
2025-06-08 15:05:03,190 - pdf_extractor - INFO - Extraídos 35 registros das tabelas na página 20
2025-06-08 15:05:03,397 - pdf_extractor - INFO - Competência encontrada na página 21 com padrão 1: 02/2022
2025-06-08 15:05:03,478 - pdf_extractor - INFO - Extraídos 34 registros das tabelas na página 21
2025-06-08 15:05:03,589 - pdf_extractor - INFO - Competência encontrada na página 22 com padrão 1: 02/2022
2025-06-08 15:05:03,617 - pdf_extractor - INFO - Extraídos 16 registros das tabelas na página 22
2025-06-08 15:05:03,826 - pdf_extractor - INFO - Competência encontrada na página 23 com padrão 1: 03/2022
2025-06-08 15:05:03,907 - pdf_extractor - INFO - Extraídos 33 registros das tabelas na página 23
2025-06-08 15:05:04,116 - pdf_extractor - INFO - Competência encontrada na página 24 com padrão 1: 03/2022
2025-06-08 15:05:04,198 - pdf_extractor - INFO - Encontrado tomador '50 BATALHÃO DE INFANTARIA': 50 BATALHÃO DE INFANTARIA DE
2025-06-08 15:05:04,198 - pdf_extractor - INFO - Encontrado tomador '50 BATALHÃO DE INFANTARIA': 50 BATALHÃO DE INFANTARIA DE
2025-06-08 15:05:04,199 - pdf_extractor - INFO - Extraídos 34 registros das tabelas na página 24
2025-06-08 15:05:04,529 - pdf_extractor - INFO - Competência encontrada na página 25 com padrão 1: 03/2022
2025-06-08 15:05:04,623 - pdf_extractor - INFO - Extraídos 35 registros das tabelas na página 25
2025-06-08 15:05:04,820 - pdf_extractor - INFO - Competência encontrada na página 26 com padrão 1: 03/2022
2025-06-08 15:05:04,898 - pdf_extractor - INFO - Extraídos 34 registros das tabelas na página 26
2025-06-08 15:05:05,099 - pdf_extractor - INFO - Competência encontrada na página 27 com padrão 1: 03/2022
2025-06-08 15:05:05,178 - pdf_extractor - INFO - Extraídos 35 registros das tabelas na página 27
2025-06-08 15:05:05,377 - pdf_extractor - INFO - Competência encontrada na página 28 com padrão 1: 03/2022
2025-06-08 15:05:05,455 - pdf_extractor - INFO - Extraídos 34 registros das tabelas na página 28
2025-06-08 15:05:05,482 - pdf_extractor - INFO - Competência encontrada na página 29 com padrão 1: 03/2022
2025-06-08 15:05:05,485 - pdf_extractor - INFO - Extraídos 2 registros das tabelas na página 29
2025-06-08 15:05:05,688 - pdf_extractor - INFO - Competência encontrada na página 30 com padrão 1: 04/2022
2025-06-08 15:05:05,767 - pdf_extractor - INFO - Extraídos 34 registros das tabelas na página 30
2025-06-08 15:05:05,966 - pdf_extractor - INFO - Competência encontrada na página 31 com padrão 1: 04/2022
2025-06-08 15:05:06,042 - pdf_extractor - INFO - Extraídos 34 registros das tabelas na página 31
2025-06-08 15:05:06,243 - pdf_extractor - INFO - Competência encontrada na página 32 com padrão 1: 04/2022
2025-06-08 15:05:06,319 - pdf_extractor - INFO - Extraídos 34 registros das tabelas na página 32
2025-06-08 15:05:06,661 - pdf_extractor - INFO - Competência encontrada na página 33 com padrão 1: 04/2022
2025-06-08 15:05:06,750 - pdf_extractor - INFO - Extraídos 35 registros das tabelas na página 33
2025-06-08 15:05:06,863 - pdf_extractor - INFO - Competência encontrada na página 34 com padrão 1: 04/2022
2025-06-08 15:05:06,893 - pdf_extractor - INFO - Extraídos 18 registros das tabelas na página 34
2025-06-08 15:05:07,105 - pdf_extractor - INFO - Competência encontrada na página 35 com padrão 1: 05/2022
2025-06-08 15:05:07,190 - pdf_extractor - INFO - Extraídos 34 registros das tabelas na página 35
2025-06-08 15:05:07,397 - pdf_extractor - INFO - Competência encontrada na página 36 com padrão 1: 05/2022
2025-06-08 15:05:07,480 - pdf_extractor - INFO - Extraídos 35 registros das tabelas na página 36
2025-06-08 15:05:07,681 - pdf_extractor - INFO - Competência encontrada na página 37 com padrão 1: 05/2022
2025-06-08 15:05:07,762 - pdf_extractor - INFO - Encontrado tomador '50 BATALHÃO DE INFANTARIA': 50 BATALHÃO DE INFANTARIA DE
2025-06-08 15:05:07,762 - pdf_extractor - INFO - Encontrado tomador '50 BATALHÃO DE INFANTARIA': 50 BATALHÃO DE INFANTARIA DE
2025-06-08 15:05:07,762 - pdf_extractor - INFO - Extraídos 34 registros das tabelas na página 37
2025-06-08 15:05:07,962 - pdf_extractor - INFO - Competência encontrada na página 38 com padrão 1: 05/2022
2025-06-08 15:05:08,039 - pdf_extractor - INFO - Encontrado tomador '50 BATALHÃO DE INFANTARIA': 50 BATALHÃO DE INFANTARIA DE
2025-06-08 15:05:08,039 - pdf_extractor - INFO - Extraídos 34 registros das tabelas na página 38
2025-06-08 15:05:08,246 - pdf_extractor - INFO - Competência encontrada na página 39 com padrão 1: 05/2022
2025-06-08 15:05:08,330 - pdf_extractor - INFO - Extraídos 35 registros das tabelas na página 39
2025-06-08 15:05:08,686 - pdf_extractor - INFO - Competência encontrada na página 40 com padrão 1: 05/2022
2025-06-08 15:05:08,760 - pdf_extractor - INFO - Extraídos 32 registros das tabelas na página 40
2025-06-08 15:05:08,776 - pdf_extractor - INFO - Competência encontrada na página 41 com padrão 1: 05/2022
2025-06-08 15:05:08,778 - pdf_extractor - INFO - Competência encontrada no texto: 05/2022
2025-06-08 15:05:08,778 - pdf_extractor - WARNING - Nenhum dado extraído do texto na página 41
2025-06-08 15:05:08,982 - pdf_extractor - INFO - Competência encontrada na página 42 com padrão 1: 06/2022
2025-06-08 15:05:09,063 - pdf_extractor - INFO - Extraídos 34 registros das tabelas na página 42
2025-06-08 15:05:09,271 - pdf_extractor - INFO - Competência encontrada na página 43 com padrão 1: 06/2022
2025-06-08 15:05:09,356 - pdf_extractor - INFO - Extraídos 34 registros das tabelas na página 43
2025-06-08 15:05:09,564 - pdf_extractor - INFO - Competência encontrada na página 44 com padrão 1: 06/2022
2025-06-08 15:05:09,647 - pdf_extractor - INFO - Encontrado tomador '50 BATALHÃO DE INFANTARIA': 50 BATALHÃO DE INFANTARIA DE
2025-06-08 15:05:09,647 - pdf_extractor - INFO - Encontrado tomador '50 BATALHÃO DE INFANTARIA': 50 BATALHÃO DE INFANTARIA DE
2025-06-08 15:05:09,648 - pdf_extractor - INFO - Extraídos 35 registros das tabelas na página 44
2025-06-08 15:05:09,858 - pdf_extractor - INFO - Competência encontrada na página 45 com padrão 1: 06/2022
2025-06-08 15:05:09,940 - pdf_extractor - INFO - Extraídos 34 registros das tabelas na página 45
2025-06-08 15:05:10,147 - pdf_extractor - INFO - Competência encontrada na página 46 com padrão 1: 06/2022
2025-06-08 15:05:10,232 - pdf_extractor - INFO - Extraídos 35 registros das tabelas na página 46
2025-06-08 15:05:10,439 - pdf_extractor - INFO - Competência encontrada na página 47 com padrão 1: 06/2022
2025-06-08 15:05:10,518 - pdf_extractor - INFO - Extraídos 34 registros das tabelas na página 47
2025-06-08 15:05:10,848 - pdf_extractor - INFO - Competência encontrada na página 48 com padrão 1: 06/2022
2025-06-08 15:05:10,890 - pdf_extractor - INFO - Extraídos 22 registros das tabelas na página 48
2025-06-08 15:05:11,094 - pdf_extractor - INFO - Competência encontrada na página 49 com padrão 1: 07/2022
2025-06-08 15:05:11,174 - pdf_extractor - INFO - Extraídos 34 registros das tabelas na página 49
2025-06-08 15:05:11,387 - pdf_extractor - INFO - Competência encontrada na página 50 com padrão 1: 07/2022
2025-06-08 15:05:11,464 - pdf_extractor - INFO - Encontrado tomador '50 BATALHÃO DE INFANTARIA': 50 BATALHÃO DE INFANTARIA DE
2025-06-08 15:05:11,464 - pdf_extractor - INFO - Encontrado tomador '50 BATALHÃO DE INFANTARIA': 50 BATALHÃO DE INFANTARIA DE
2025-06-08 15:05:11,465 - pdf_extractor - INFO - Encontrado tomador '50 BATALHÃO DE INFANTARIA': 50 BATALHÃO DE INFANTARIA DE
2025-06-08 15:05:11,465 - pdf_extractor - INFO - Encontrado tomador '50 BATALHÃO DE INFANTARIA': 50 BATALHÃO DE INFANTARIA DE
2025-06-08 15:05:11,465 - pdf_extractor - INFO - Encontrado tomador '50 BATALHÃO DE INFANTARIA': 50 BATALHÃO DE INFANTARIA DE
2025-06-08 15:05:11,465 - pdf_extractor - INFO - Encontrado tomador '50 BATALHÃO DE INFANTARIA': 50 BATALHÃO DE INFANTARIA DE
2025-06-08 15:05:11,465 - pdf_extractor - INFO - Extraídos 34 registros das tabelas na página 50
2025-06-08 15:05:11,665 - pdf_extractor - INFO - Competência encontrada na página 51 com padrão 1: 07/2022
2025-06-08 15:05:11,744 - pdf_extractor - INFO - Extraídos 34 registros das tabelas na página 51
2025-06-08 15:05:11,960 - pdf_extractor - INFO - Competência encontrada na página 52 com padrão 1: 07/2022
2025-06-08 15:05:12,045 - pdf_extractor - INFO - Extraídos 35 registros das tabelas na página 52
2025-06-08 15:05:12,253 - pdf_extractor - INFO - Competência encontrada na página 53 com padrão 1: 07/2022
2025-06-08 15:05:12,335 - pdf_extractor - INFO - Extraídos 34 registros das tabelas na página 53
2025-06-08 15:05:12,542 - pdf_extractor - INFO - Competência encontrada na página 54 com padrão 1: 07/2022
2025-06-08 15:05:12,626 - pdf_extractor - INFO - Extraídos 35 registros das tabelas na página 54
2025-06-08 15:05:12,828 - pdf_extractor - INFO - Competência encontrada na página 55 com padrão 1: 07/2022
2025-06-08 15:05:12,905 - pdf_extractor - INFO - Extraídos 34 registros das tabelas na página 55
2025-06-08 15:05:13,038 - pdf_extractor - INFO - Competência encontrada na página 56 com padrão 1: 07/2022
2025-06-08 15:05:13,078 - pdf_extractor - INFO - Extraídos 21 registros das tabelas na página 56
2025-06-08 15:05:13,284 - pdf_extractor - INFO - Competência encontrada na página 57 com padrão 1: 08/2022
2025-06-08 15:05:13,367 - pdf_extractor - INFO - Extraídos 35 registros das tabelas na página 57
2025-06-08 15:05:13,790 - pdf_extractor - INFO - Competência encontrada na página 58 com padrão 1: 08/2022
2025-06-08 15:05:13,866 - pdf_extractor - INFO - Extraídos 33 registros das tabelas na página 58
2025-06-08 15:05:14,088 - pdf_extractor - INFO - Competência encontrada na página 59 com padrão 1: 08/2022
2025-06-08 15:05:14,187 - pdf_extractor - INFO - Encontrado tomador '50 BATALHÃO DE INFANTARIA': 50 BATALHÃO DE INFANTARIA DE
2025-06-08 15:05:14,187 - pdf_extractor - INFO - Extraídos 35 registros das tabelas na página 59
2025-06-08 15:05:14,392 - pdf_extractor - INFO - Competência encontrada na página 60 com padrão 1: 08/2022
2025-06-08 15:05:14,471 - pdf_extractor - INFO - Extraídos 34 registros das tabelas na página 60
2025-06-08 15:05:14,680 - pdf_extractor - INFO - Competência encontrada na página 61 com padrão 1: 08/2022
2025-06-08 15:05:14,764 - pdf_extractor - INFO - Extraídos 35 registros das tabelas na página 61
2025-06-08 15:05:14,964 - pdf_extractor - INFO - Competência encontrada na página 62 com padrão 1: 08/2022
2025-06-08 15:05:15,044 - pdf_extractor - INFO - Extraídos 34 registros das tabelas na página 62
2025-06-08 15:05:15,248 - pdf_extractor - INFO - Competência encontrada na página 63 com padrão 1: 08/2022
2025-06-08 15:05:15,328 - pdf_extractor - INFO - Extraídos 35 registros das tabelas na página 63
2025-06-08 15:05:15,530 - pdf_extractor - INFO - Competência encontrada na página 64 com padrão 1: 08/2022
2025-06-08 15:05:15,609 - pdf_extractor - INFO - Extraídos 34 registros das tabelas na página 64
2025-06-08 15:05:15,775 - pdf_extractor - INFO - Competência encontrada na página 65 com padrão 1: 08/2022
2025-06-08 15:05:15,833 - pdf_extractor - INFO - Extraídos 26 registros das tabelas na página 65
2025-06-08 15:05:16,035 - pdf_extractor - INFO - Competência encontrada na página 66 com padrão 1: 09/2022
2025-06-08 15:05:16,113 - pdf_extractor - INFO - Extraídos 34 registros das tabelas na página 66
2025-06-08 15:05:16,323 - pdf_extractor - INFO - Competência encontrada na página 67 com padrão 1: 09/2022
2025-06-08 15:05:16,404 - pdf_extractor - INFO - Extraídos 33 registros das tabelas na página 67
2025-06-08 15:05:16,609 - pdf_extractor - INFO - Competência encontrada na página 68 com padrão 1: 09/2022
2025-06-08 15:05:16,692 - pdf_extractor - INFO - Extraídos 34 registros das tabelas na página 68
2025-06-08 15:05:17,177 - pdf_extractor - INFO - Competência encontrada na página 69 com padrão 1: 09/2022
2025-06-08 15:05:17,256 - pdf_extractor - INFO - Extraídos 34 registros das tabelas na página 69
2025-06-08 15:05:17,462 - pdf_extractor - INFO - Competência encontrada na página 70 com padrão 1: 09/2022
2025-06-08 15:05:17,561 - pdf_extractor - INFO - Extraídos 34 registros das tabelas na página 70
2025-06-08 15:05:17,772 - pdf_extractor - INFO - Competência encontrada na página 71 com padrão 1: 09/2022
2025-06-08 15:05:17,856 - pdf_extractor - INFO - Extraídos 35 registros das tabelas na página 71
2025-06-08 15:05:18,061 - pdf_extractor - INFO - Competência encontrada na página 72 com padrão 1: 09/2022
2025-06-08 15:05:18,140 - pdf_extractor - INFO - Extraídos 34 registros das tabelas na página 72
2025-06-08 15:05:18,346 - pdf_extractor - INFO - Competência encontrada na página 73 com padrão 1: 09/2022
2025-06-08 15:05:18,428 - pdf_extractor - INFO - Extraídos 35 registros das tabelas na página 73
2025-06-08 15:05:18,515 - pdf_extractor - INFO - Competência encontrada na página 74 com padrão 1: 09/2022
2025-06-08 15:05:18,535 - pdf_extractor - INFO - Extraídos 13 registros das tabelas na página 74
2025-06-08 15:05:18,735 - pdf_extractor - INFO - Competência encontrada na página 75 com padrão 1: 10/2022
2025-06-08 15:05:18,812 - pdf_extractor - INFO - Extraídos 34 registros das tabelas na página 75
2025-06-08 15:05:19,012 - pdf_extractor - INFO - Competência encontrada na página 76 com padrão 1: 10/2022
2025-06-08 15:05:19,092 - pdf_extractor - INFO - Extraídos 34 registros das tabelas na página 76
2025-06-08 15:05:19,302 - pdf_extractor - INFO - Competência encontrada na página 77 com padrão 1: 10/2022
2025-06-08 15:05:19,386 - pdf_extractor - INFO - Extraídos 35 registros das tabelas na página 77
2025-06-08 15:05:19,596 - pdf_extractor - INFO - Competência encontrada na página 78 com padrão 1: 10/2022
2025-06-08 15:05:19,681 - pdf_extractor - INFO - Extraídos 34 registros das tabelas na página 78
2025-06-08 15:05:19,884 - pdf_extractor - INFO - Competência encontrada na página 79 com padrão 1: 10/2022
2025-06-08 15:05:19,966 - pdf_extractor - INFO - Extraídos 34 registros das tabelas na página 79
2025-06-08 15:05:20,173 - pdf_extractor - INFO - Competência encontrada na página 80 com padrão 1: 10/2022
2025-06-08 15:05:20,256 - pdf_extractor - INFO - Extraídos 35 registros das tabelas na página 80
2025-06-08 15:05:20,356 - pdf_extractor - INFO - Competência encontrada na página 81 com padrão 1: 10/2022
2025-06-08 15:05:20,380 - pdf_extractor - INFO - Extraídos 16 registros das tabelas na página 81
2025-06-08 15:05:20,580 - pdf_extractor - INFO - Competência encontrada na página 82 com padrão 1: 11/2022
2025-06-08 15:05:20,657 - pdf_extractor - INFO - Extraídos 33 registros das tabelas na página 82
2025-06-08 15:05:21,187 - pdf_extractor - INFO - Competência encontrada na página 83 com padrão 1: 11/2022
2025-06-08 15:05:21,269 - pdf_extractor - INFO - Extraídos 35 registros das tabelas na página 83
2025-06-08 15:05:21,483 - pdf_extractor - INFO - Competência encontrada na página 84 com padrão 1: 11/2022
2025-06-08 15:05:21,573 - pdf_extractor - INFO - Encontrado tomador '50 BATALHÃO DE INFANTARIA': 50 BATALHÃO DE INFANTARIA DE
2025-06-08 15:05:21,574 - pdf_extractor - INFO - Encontrado tomador '50 BATALHÃO DE INFANTARIA': 50 BATALHÃO DE INFANTARIA DE
2025-06-08 15:05:21,574 - pdf_extractor - INFO - Extraídos 34 registros das tabelas na página 84
2025-06-08 15:05:21,633 - pdf_extractor - INFO - Competência encontrada na página 85 com padrão 1: 11/2022
2025-06-08 15:05:21,645 - pdf_extractor - INFO - Extraídos 8 registros das tabelas na página 85
2025-06-08 15:05:21,851 - pdf_extractor - INFO - Competência encontrada na página 86 com padrão 1: 12/2022
2025-06-08 15:05:21,933 - pdf_extractor - INFO - Extraídos 34 registros das tabelas na página 86
2025-06-08 15:05:22,136 - pdf_extractor - INFO - Competência encontrada na página 87 com padrão 1: 12/2022
2025-06-08 15:05:22,216 - pdf_extractor - INFO - Extraídos 34 registros das tabelas na página 87
2025-06-08 15:05:22,416 - pdf_extractor - INFO - Competência encontrada na página 88 com padrão 1: 12/2022
2025-06-08 15:05:22,494 - pdf_extractor - INFO - Encontrado tomador '50 BATALHÃO DE INFANTARIA': 50 BATALHÃO DE INFANTARIA DE
2025-06-08 15:05:22,494 - pdf_extractor - INFO - Extraídos 34 registros das tabelas na página 88
2025-06-08 15:05:22,714 - pdf_extractor - INFO - Competência encontrada na página 89 com padrão 1: 12/2022
2025-06-08 15:05:22,793 - pdf_extractor - INFO - Encontrado tomador '50 BATALHÃO DE INFANTARIA': 50 BATALHÃO DE INFANTARIA DE
2025-06-08 15:05:22,794 - pdf_extractor - INFO - Encontrado tomador '50 BATALHÃO DE INFANTARIA': 50 BATALHÃO DE INFANTARIA DE
2025-06-08 15:05:22,794 - pdf_extractor - INFO - Extraídos 35 registros das tabelas na página 89
2025-06-08 15:05:22,998 - pdf_extractor - INFO - Competência encontrada na página 90 com padrão 1: 12/2022
2025-06-08 15:05:23,079 - pdf_extractor - INFO - Extraídos 34 registros das tabelas na página 90
2025-06-08 15:05:23,281 - pdf_extractor - INFO - Competência encontrada na página 91 com padrão 1: 12/2022
2025-06-08 15:05:23,359 - pdf_extractor - INFO - Extraídos 35 registros das tabelas na página 91
2025-06-08 15:05:23,570 - pdf_extractor - INFO - Competência encontrada na página 92 com padrão 1: 12/2022
2025-06-08 15:05:23,669 - pdf_extractor - INFO - Encontrado tomador '50 BATALHÃO DE INFANTARIA': 50 BATALHÃO DE INFANTARIA DE
2025-06-08 15:05:23,669 - pdf_extractor - INFO - Extraídos 34 registros das tabelas na página 92
2025-06-08 15:05:23,870 - pdf_extractor - INFO - Competência encontrada na página 93 com padrão 1: 12/2022
2025-06-08 15:05:23,949 - pdf_extractor - INFO - Extraídos 34 registros das tabelas na página 93
2025-06-08 15:05:24,149 - pdf_extractor - INFO - Competência encontrada na página 94 com padrão 1: 12/2022
2025-06-08 15:05:24,227 - pdf_extractor - INFO - Extraídos 34 registros das tabelas na página 94
2025-06-08 15:05:24,298 - pdf_extractor - INFO - Competência encontrada na página 95 com padrão 1: 12/2022
2025-06-08 15:05:24,311 - pdf_extractor - INFO - Extraídos 10 registros das tabelas na página 95
2025-06-08 15:05:24,344 - pdf_extractor - INFO - Competência encontrada na página 96 com padrão 4: 04/2025
2025-06-08 15:05:24,346 - pdf_extractor - INFO - Encontrado padrão específico 04/2025 no texto
2025-06-08 15:05:24,346 - pdf_extractor - INFO - Competência encontrada no texto: 04/2025
2025-06-08 15:05:24,346 - pdf_extractor - WARNING - Nenhum dado extraído do texto na página 96
2025-06-08 15:05:24,380 - pdf_extractor - INFO - Competência encontrada na página 97 com padrão 4: 04/2025
2025-06-08 15:05:24,383 - pdf_extractor - INFO - Encontrado padrão específico 04/2025 no texto
2025-06-08 15:05:24,383 - pdf_extractor - INFO - Competência encontrada no texto: 04/2025
2025-06-08 15:05:24,383 - pdf_extractor - WARNING - Nenhum dado extraído do texto na página 97
2025-06-08 15:05:24,416 - pdf_extractor - INFO - Competência encontrada na página 98 com padrão 4: 04/2025
2025-06-08 15:05:24,419 - pdf_extractor - INFO - Encontrado padrão específico 04/2025 no texto
2025-06-08 15:05:24,419 - pdf_extractor - INFO - Competência encontrada no texto: 04/2025
2025-06-08 15:05:24,419 - pdf_extractor - WARNING - Nenhum dado extraído do texto na página 98
2025-06-08 15:05:24,615 - pdf_extractor - INFO - Competência encontrada na página 99 com padrão 1: 01/2023
2025-06-08 15:05:24,709 - pdf_extractor - INFO - Extraídos 34 registros das tabelas na página 99
2025-06-08 15:05:24,911 - pdf_extractor - INFO - Competência encontrada na página 100 com padrão 1: 01/2023
2025-06-08 15:05:24,990 - pdf_extractor - INFO - Extraídos 35 registros das tabelas na página 100
2025-06-08 15:05:25,181 - pdf_extractor - INFO - Competência encontrada na página 101 com padrão 1: 01/2023
2025-06-08 15:05:25,255 - pdf_extractor - INFO - Extraídos 33 registros das tabelas na página 101
2025-06-08 15:05:25,456 - pdf_extractor - INFO - Competência encontrada na página 102 com padrão 1: 01/2023
2025-06-08 15:05:25,538 - pdf_extractor - INFO - Extraídos 35 registros das tabelas na página 102
2025-06-08 15:05:26,127 - pdf_extractor - INFO - Competência encontrada na página 103 com padrão 1: 01/2023
2025-06-08 15:05:26,202 - pdf_extractor - INFO - Encontrado tomador '50 BATALHÃO DE INFANTARIA': 50 BATALHÃO DE INFANTARIA DE
2025-06-08 15:05:26,202 - pdf_extractor - INFO - Encontrado tomador '50 BATALHÃO DE INFANTARIA': 50 BATALHÃO DE INFANTARIA DE
2025-06-08 15:05:26,203 - pdf_extractor - INFO - Encontrado tomador '50 BATALHÃO DE INFANTARIA': 50 BATALHÃO DE INFANTARIA DE
2025-06-08 15:05:26,203 - pdf_extractor - INFO - Encontrado tomador '50 BATALHÃO DE INFANTARIA': 50 BATALHÃO DE INFANTARIA DE
2025-06-08 15:05:26,203 - pdf_extractor - INFO - Extraídos 34 registros das tabelas na página 103
2025-06-08 15:05:26,413 - pdf_extractor - INFO - Competência encontrada na página 104 com padrão 1: 01/2023
2025-06-08 15:05:26,494 - pdf_extractor - INFO - Extraídos 35 registros das tabelas na página 104
2025-06-08 15:05:26,675 - pdf_extractor - INFO - Competência encontrada na página 105 com padrão 1: 01/2023
2025-06-08 15:05:26,743 - pdf_extractor - INFO - Extraídos 31 registros das tabelas na página 105
2025-06-08 15:05:26,955 - pdf_extractor - INFO - Competência encontrada na página 106 com padrão 1: 02/2023
2025-06-08 15:05:27,034 - pdf_extractor - INFO - Encontrado tomador '50 BATALHÃO DE INFANTARIA': 50 BATALHÃO DE INFANTARIA DE
2025-06-08 15:05:27,034 - pdf_extractor - INFO - Encontrado tomador '50 BATALHÃO DE INFANTARIA': 50 BATALHÃO DE INFANTARIA DE
2025-06-08 15:05:27,034 - pdf_extractor - INFO - Encontrado tomador '50 BATALHÃO DE INFANTARIA': 50 BATALHÃO DE INFANTARIA DE
2025-06-08 15:05:27,035 - pdf_extractor - INFO - Encontrado tomador '50 BATALHÃO DE INFANTARIA': 50 BATALHÃO DE INFANTARIA DE
2025-06-08 15:05:27,035 - pdf_extractor - INFO - Encontrado tomador '50 BATALHÃO DE INFANTARIA': 50 BATALHÃO DE INFANTARIA DE
2025-06-08 15:05:27,035 - pdf_extractor - INFO - Encontrado tomador '50 BATALHÃO DE INFANTARIA': 50 BATALHÃO DE INFANTARIA DE
2025-06-08 15:05:27,035 - pdf_extractor - INFO - Extraídos 34 registros das tabelas na página 106
2025-06-08 15:05:27,237 - pdf_extractor - INFO - Competência encontrada na página 107 com padrão 1: 02/2023
2025-06-08 15:05:27,317 - pdf_extractor - INFO - Extraídos 34 registros das tabelas na página 107
2025-06-08 15:05:27,515 - pdf_extractor - INFO - Competência encontrada na página 108 com padrão 1: 02/2023
2025-06-08 15:05:27,592 - pdf_extractor - INFO - Extraídos 34 registros das tabelas na página 108
2025-06-08 15:05:27,793 - pdf_extractor - INFO - Competência encontrada na página 109 com padrão 1: 02/2023
2025-06-08 15:05:27,884 - pdf_extractor - INFO - Encontrado tomador '50 BATALHÃO DE INFANTARIA': 50 BATALHÃO DE INFANTARIA DE
2025-06-08 15:05:27,885 - pdf_extractor - INFO - Extraídos 35 registros das tabelas na página 109
2025-06-08 15:05:28,087 - pdf_extractor - INFO - Competência encontrada na página 110 com padrão 1: 02/2023
2025-06-08 15:05:28,168 - pdf_extractor - INFO - Extraídos 34 registros das tabelas na página 110
2025-06-08 15:05:28,367 - pdf_extractor - INFO - Competência encontrada na página 111 com padrão 1: 02/2023
2025-06-08 15:05:28,445 - pdf_extractor - INFO - Extraídos 34 registros das tabelas na página 111
2025-06-08 15:05:28,585 - pdf_extractor - INFO - Competência encontrada na página 112 com padrão 1: 02/2023
2025-06-08 15:05:28,628 - pdf_extractor - INFO - Extraídos 23 registros das tabelas na página 112
2025-06-08 15:05:28,827 - pdf_extractor - INFO - Competência encontrada na página 113 com padrão 1: 03/2023
2025-06-08 15:05:28,906 - pdf_extractor - INFO - Extraídos 34 registros das tabelas na página 113
2025-06-08 15:05:29,115 - pdf_extractor - INFO - Competência encontrada na página 114 com padrão 1: 03/2023
2025-06-08 15:05:29,192 - pdf_extractor - INFO - Extraídos 34 registros das tabelas na página 114
2025-06-08 15:05:29,403 - pdf_extractor - INFO - Competência encontrada na página 115 com padrão 1: 03/2023
2025-06-08 15:05:29,481 - pdf_extractor - INFO - Extraídos 35 registros das tabelas na página 115
2025-06-08 15:05:29,676 - pdf_extractor - INFO - Competência encontrada na página 116 com padrão 1: 03/2023
2025-06-08 15:05:29,749 - pdf_extractor - INFO - Extraídos 34 registros das tabelas na página 116
2025-06-08 15:05:29,950 - pdf_extractor - INFO - Competência encontrada na página 117 com padrão 1: 03/2023
2025-06-08 15:05:30,041 - pdf_extractor - INFO - Extraídos 34 registros das tabelas na página 117
2025-06-08 15:05:30,240 - pdf_extractor - INFO - Competência encontrada na página 118 com padrão 1: 03/2023
2025-06-08 15:05:30,319 - pdf_extractor - INFO - Extraídos 34 registros das tabelas na página 118
2025-06-08 15:05:30,515 - pdf_extractor - INFO - Competência encontrada na página 119 com padrão 1: 03/2023
2025-06-08 15:05:30,591 - pdf_extractor - INFO - Extraídos 35 registros das tabelas na página 119
2025-06-08 15:05:30,788 - pdf_extractor - INFO - Competência encontrada na página 120 com padrão 1: 03/2023
2025-06-08 15:05:30,865 - pdf_extractor - INFO - Extraídos 34 registros das tabelas na página 120
2025-06-08 15:05:30,893 - pdf_extractor - INFO - Competência encontrada na página 121 com padrão 1: 03/2023
2025-06-08 15:05:30,896 - pdf_extractor - INFO - Extraídos 2 registros das tabelas na página 121
2025-06-08 15:05:31,563 - pdf_extractor - INFO - Competência encontrada na página 122 com padrão 1: 04/2023
2025-06-08 15:05:31,643 - pdf_extractor - INFO - Extraídos 34 registros das tabelas na página 122
2025-06-08 15:05:31,837 - pdf_extractor - INFO - Competência encontrada na página 123 com padrão 1: 04/2023
2025-06-08 15:05:31,913 - pdf_extractor - INFO - Encontrado tomador '50 BATALHÃO DE INFANTARIA': 50 BATALHÃO DE INFANTARIA DE
2025-06-08 15:05:31,913 - pdf_extractor - INFO - Encontrado tomador '50 BATALHÃO DE INFANTARIA': 50 BATALHÃO DE INFANTARIA DE
2025-06-08 15:05:31,913 - pdf_extractor - INFO - Encontrado tomador '50 BATALHÃO DE INFANTARIA': 50 BATALHÃO DE INFANTARIA DE
2025-06-08 15:05:31,914 - pdf_extractor - INFO - Encontrado tomador '50 BATALHÃO DE INFANTARIA': 50 BATALHÃO DE INFANTARIA DE
2025-06-08 15:05:31,914 - pdf_extractor - INFO - Extraídos 34 registros das tabelas na página 123
2025-06-08 15:05:32,127 - pdf_extractor - INFO - Competência encontrada na página 124 com padrão 1: 04/2023
2025-06-08 15:05:32,214 - pdf_extractor - INFO - Extraídos 35 registros das tabelas na página 124
2025-06-08 15:05:32,409 - pdf_extractor - INFO - Competência encontrada na página 125 com padrão 1: 04/2023
2025-06-08 15:05:32,484 - pdf_extractor - INFO - Extraídos 34 registros das tabelas na página 125
2025-06-08 15:05:32,692 - pdf_extractor - INFO - Competência encontrada na página 126 com padrão 1: 04/2023
2025-06-08 15:05:32,778 - pdf_extractor - INFO - Extraídos 35 registros das tabelas na página 126
2025-06-08 15:05:32,981 - pdf_extractor - INFO - Competência encontrada na página 127 com padrão 1: 04/2023
2025-06-08 15:05:33,062 - pdf_extractor - INFO - Extraídos 34 registros das tabelas na página 127
2025-06-08 15:05:33,283 - pdf_extractor - INFO - Competência encontrada na página 128 com padrão 1: 04/2023
2025-06-08 15:05:33,364 - pdf_extractor - INFO - Extraídos 35 registros das tabelas na página 128
2025-06-08 15:05:33,501 - pdf_extractor - INFO - Competência encontrada na página 129 com padrão 1: 04/2023
2025-06-08 15:05:33,544 - pdf_extractor - INFO - Extraídos 23 registros das tabelas na página 129
2025-06-08 15:05:33,750 - pdf_extractor - INFO - Competência encontrada na página 130 com padrão 1: 05/2023
2025-06-08 15:05:33,835 - pdf_extractor - INFO - Extraídos 34 registros das tabelas na página 130
2025-06-08 15:05:34,028 - pdf_extractor - INFO - Competência encontrada na página 131 com padrão 1: 05/2023
2025-06-08 15:05:34,103 - pdf_extractor - INFO - Extraídos 34 registros das tabelas na página 131
2025-06-08 15:05:34,322 - pdf_extractor - INFO - Competência encontrada na página 132 com padrão 1: 05/2023
2025-06-08 15:05:34,404 - pdf_extractor - INFO - Extraídos 35 registros das tabelas na página 132
2025-06-08 15:05:34,603 - pdf_extractor - INFO - Competência encontrada na página 133 com padrão 1: 05/2023
2025-06-08 15:05:34,680 - pdf_extractor - INFO - Extraídos 34 registros das tabelas na página 133
2025-06-08 15:05:34,885 - pdf_extractor - INFO - Competência encontrada na página 134 com padrão 1: 05/2023
2025-06-08 15:05:34,968 - pdf_extractor - INFO - Encontrado tomador '50 BATALHÃO DE INFANTARIA': 50 BATALHÃO DE INFANTARIA DE
2025-06-08 15:05:34,968 - pdf_extractor - INFO - Encontrado tomador '50 BATALHÃO DE INFANTARIA': 50 BATALHÃO DE INFANTARIA DE
2025-06-08 15:05:34,968 - pdf_extractor - INFO - Encontrado tomador '50 BATALHÃO DE INFANTARIA': 50 BATALHÃO DE INFANTARIA DE
2025-06-08 15:05:34,969 - pdf_extractor - INFO - Encontrado tomador '50 BATALHÃO DE INFANTARIA': 50 BATALHÃO DE INFANTARIA DE
2025-06-08 15:05:34,969 - pdf_extractor - INFO - Encontrado tomador '50 BATALHÃO DE INFANTARIA': 50 BATALHÃO DE INFANTARIA DE
2025-06-08 15:05:34,969 - pdf_extractor - INFO - Extraídos 35 registros das tabelas na página 134
2025-06-08 15:05:35,179 - pdf_extractor - INFO - Competência encontrada na página 135 com padrão 1: 05/2023
2025-06-08 15:05:35,268 - pdf_extractor - INFO - Extraídos 34 registros das tabelas na página 135
2025-06-08 15:05:35,483 - pdf_extractor - INFO - Competência encontrada na página 136 com padrão 1: 05/2023
2025-06-08 15:05:35,563 - pdf_extractor - INFO - Extraídos 35 registros das tabelas na página 136
2025-06-08 15:05:35,611 - pdf_extractor - INFO - Competência encontrada na página 137 com padrão 1: 05/2023
2025-06-08 15:05:35,619 - pdf_extractor - INFO - Extraídos 6 registros das tabelas na página 137
2025-06-08 15:05:35,819 - pdf_extractor - INFO - Competência encontrada na página 138 com padrão 1: 06/2023
2025-06-08 15:05:35,899 - pdf_extractor - INFO - Extraídos 35 registros das tabelas na página 138
2025-06-08 15:05:36,094 - pdf_extractor - INFO - Competência encontrada na página 139 com padrão 1: 06/2023
2025-06-08 15:05:36,171 - pdf_extractor - INFO - Extraídos 33 registros das tabelas na página 139
2025-06-08 15:05:36,395 - pdf_extractor - INFO - Competência encontrada na página 140 com padrão 1: 06/2023
2025-06-08 15:05:36,482 - pdf_extractor - INFO - Encontrado tomador '50 BATALHÃO DE INFANTARIA': 50 BATALHÃO DE INFANTARIA DE
2025-06-08 15:05:36,482 - pdf_extractor - INFO - Extraídos 35 registros das tabelas na página 140
2025-06-08 15:05:36,679 - pdf_extractor - INFO - Competência encontrada na página 141 com padrão 1: 06/2023
2025-06-08 15:05:36,761 - pdf_extractor - INFO - Extraídos 34 registros das tabelas na página 141
2025-06-08 15:05:36,965 - pdf_extractor - INFO - Competência encontrada na página 142 com padrão 1: 06/2023
2025-06-08 15:05:37,045 - pdf_extractor - INFO - Extraídos 35 registros das tabelas na página 142
2025-06-08 15:05:37,248 - pdf_extractor - INFO - Competência encontrada na página 143 com padrão 1: 06/2023
2025-06-08 15:05:37,334 - pdf_extractor - INFO - Extraídos 34 registros das tabelas na página 143
2025-06-08 15:05:38,094 - pdf_extractor - INFO - Competência encontrada na página 144 com padrão 1: 06/2023
2025-06-08 15:05:38,179 - pdf_extractor - INFO - Extraídos 34 registros das tabelas na página 144
2025-06-08 15:05:38,225 - pdf_extractor - INFO - Competência encontrada na página 145 com padrão 1: 06/2023
2025-06-08 15:05:38,233 - pdf_extractor - INFO - Extraídos 6 registros das tabelas na página 145
2025-06-08 15:05:38,432 - pdf_extractor - INFO - Competência encontrada na página 146 com padrão 1: 07/2023
2025-06-08 15:05:38,537 - pdf_extractor - INFO - Extraídos 33 registros das tabelas na página 146
2025-06-08 15:05:38,739 - pdf_extractor - INFO - Competência encontrada na página 147 com padrão 1: 07/2023
2025-06-08 15:05:38,834 - pdf_extractor - INFO - Extraídos 35 registros das tabelas na página 147
2025-06-08 15:05:39,036 - pdf_extractor - INFO - Competência encontrada na página 148 com padrão 1: 07/2023
2025-06-08 15:05:39,130 - pdf_extractor - INFO - Extraídos 34 registros das tabelas na página 148
2025-06-08 15:05:39,330 - pdf_extractor - INFO - Competência encontrada na página 149 com padrão 1: 07/2023
2025-06-08 15:05:39,411 - pdf_extractor - INFO - Extraídos 34 registros das tabelas na página 149
2025-06-08 15:05:39,618 - pdf_extractor - INFO - Competência encontrada na página 150 com padrão 1: 07/2023
2025-06-08 15:05:39,697 - pdf_extractor - INFO - Extraídos 34 registros das tabelas na página 150
2025-06-08 15:05:39,896 - pdf_extractor - INFO - Competência encontrada na página 151 com padrão 1: 07/2023
2025-06-08 15:05:39,974 - pdf_extractor - INFO - Encontrado tomador '50 BATALHÃO DE INFANTARIA': 50 BATALHÃO DE INFANTARIA DE
2025-06-08 15:05:39,975 - pdf_extractor - INFO - Encontrado tomador '50 BATALHÃO DE INFANTARIA': 50 BATALHÃO DE INFANTARIA DE
2025-06-08 15:05:39,975 - pdf_extractor - INFO - Encontrado tomador '50 BATALHÃO DE INFANTARIA': 50 BATALHÃO DE INFANTARIA DE
2025-06-08 15:05:39,975 - pdf_extractor - INFO - Extraídos 35 registros das tabelas na página 151
2025-06-08 15:05:40,150 - pdf_extractor - INFO - Competência encontrada na página 152 com padrão 1: 07/2023
2025-06-08 15:05:40,213 - pdf_extractor - INFO - Extraídos 29 registros das tabelas na página 152
2025-06-08 15:05:40,414 - pdf_extractor - INFO - Competência encontrada na página 153 com padrão 1: 08/2023
2025-06-08 15:05:40,494 - pdf_extractor - INFO - Extraídos 34 registros das tabelas na página 153
2025-06-08 15:05:40,709 - pdf_extractor - INFO - Competência encontrada na página 154 com padrão 1: 08/2023
2025-06-08 15:05:40,787 - pdf_extractor - INFO - Extraídos 34 registros das tabelas na página 154
2025-06-08 15:05:40,986 - pdf_extractor - INFO - Competência encontrada na página 155 com padrão 1: 08/2023
2025-06-08 15:05:41,065 - pdf_extractor - INFO - Extraídos 35 registros das tabelas na página 155
2025-06-08 15:05:41,276 - pdf_extractor - INFO - Competência encontrada na página 156 com padrão 1: 08/2023
2025-06-08 15:05:41,363 - pdf_extractor - INFO - Extraídos 34 registros das tabelas na página 156
2025-06-08 15:05:41,564 - pdf_extractor - INFO - Competência encontrada na página 157 com padrão 1: 08/2023
2025-06-08 15:05:41,659 - pdf_extractor - INFO - Extraídos 35 registros das tabelas na página 157
2025-06-08 15:05:41,864 - pdf_extractor - INFO - Competência encontrada na página 158 com padrão 1: 08/2023
2025-06-08 15:05:41,942 - pdf_extractor - INFO - Extraídos 34 registros das tabelas na página 158
2025-06-08 15:05:42,058 - pdf_extractor - INFO - Competência encontrada na página 159 com padrão 1: 08/2023
2025-06-08 15:05:42,088 - pdf_extractor - INFO - Extraídos 18 registros das tabelas na página 159
2025-06-08 15:05:42,282 - pdf_extractor - INFO - Competência encontrada na página 160 com padrão 1: 09/2023
2025-06-08 15:05:42,357 - pdf_extractor - INFO - Extraídos 34 registros das tabelas na página 160
2025-06-08 15:05:42,557 - pdf_extractor - INFO - Competência encontrada na página 161 com padrão 1: 09/2023
2025-06-08 15:05:42,637 - pdf_extractor - INFO - Extraídos 35 registros das tabelas na página 161
2025-06-08 15:05:42,849 - pdf_extractor - INFO - Competência encontrada na página 162 com padrão 1: 09/2023
2025-06-08 15:05:42,930 - pdf_extractor - INFO - Extraídos 34 registros das tabelas na página 162
2025-06-08 15:05:43,139 - pdf_extractor - INFO - Competência encontrada na página 163 com padrão 1: 09/2023
2025-06-08 15:05:43,227 - pdf_extractor - INFO - Extraídos 35 registros das tabelas na página 163
2025-06-08 15:05:43,430 - pdf_extractor - INFO - Competência encontrada na página 164 com padrão 1: 09/2023
2025-06-08 15:05:43,510 - pdf_extractor - INFO - Extraídos 34 registros das tabelas na página 164
2025-06-08 15:05:43,710 - pdf_extractor - INFO - Competência encontrada na página 165 com padrão 1: 09/2023
2025-06-08 15:05:43,797 - pdf_extractor - INFO - Extraídos 35 registros das tabelas na página 165
2025-06-08 15:05:43,996 - pdf_extractor - INFO - Competência encontrada na página 166 com padrão 1: 09/2023
2025-06-08 15:05:44,076 - pdf_extractor - INFO - Extraídos 34 registros das tabelas na página 166
2025-06-08 15:05:44,175 - pdf_extractor - INFO - Competência encontrada na página 167 com padrão 1: 09/2023
2025-06-08 15:05:44,199 - pdf_extractor - INFO - Extraídos 15 registros das tabelas na página 167
2025-06-08 15:05:44,411 - pdf_extractor - INFO - Competência encontrada na página 168 com padrão 1: 10/2023
2025-06-08 15:05:44,499 - pdf_extractor - INFO - Encontrado tomador '50 BATALHÃO DE INFANTARIA': 50 BATALHÃO DE INFANTARIA DE
2025-06-08 15:05:44,499 - pdf_extractor - INFO - Extraídos 35 registros das tabelas na página 168
2025-06-08 15:05:44,710 - pdf_extractor - INFO - Competência encontrada na página 169 com padrão 1: 10/2023
2025-06-08 15:05:44,794 - pdf_extractor - INFO - Encontrado tomador '50 BATALHÃO DE INFANTARIA': 50 BATALHÃO DE INFANTARIA DE
2025-06-08 15:05:44,795 - pdf_extractor - INFO - Extraídos 34 registros das tabelas na página 169
2025-06-08 15:05:45,002 - pdf_extractor - INFO - Competência encontrada na página 170 com padrão 1: 10/2023
2025-06-08 15:05:45,080 - pdf_extractor - INFO - Extraídos 34 registros das tabelas na página 170
2025-06-08 15:05:45,922 - pdf_extractor - INFO - Competência encontrada na página 171 com padrão 1: 10/2023
2025-06-08 15:05:46,001 - pdf_extractor - INFO - Extraídos 34 registros das tabelas na página 171
2025-06-08 15:05:46,203 - pdf_extractor - INFO - Competência encontrada na página 172 com padrão 1: 10/2023
2025-06-08 15:05:46,284 - pdf_extractor - INFO - Extraídos 35 registros das tabelas na página 172
2025-06-08 15:05:46,486 - pdf_extractor - INFO - Competência encontrada na página 173 com padrão 1: 10/2023
2025-06-08 15:05:46,566 - pdf_extractor - INFO - Encontrado tomador '50 BATALHÃO DE INFANTARIA': 50 BATALHÃO DE INFANTARIA DE
2025-06-08 15:05:46,567 - pdf_extractor - INFO - Encontrado tomador '50 BATALHÃO DE INFANTARIA': 50 BATALHÃO DE INFANTARIA DE
2025-06-08 15:05:46,567 - pdf_extractor - INFO - Extraídos 34 registros das tabelas na página 173
2025-06-08 15:05:46,762 - pdf_extractor - INFO - Competência encontrada na página 174 com padrão 1: 10/2023
2025-06-08 15:05:46,841 - pdf_extractor - INFO - Extraídos 34 registros das tabelas na página 174
2025-06-08 15:05:47,052 - pdf_extractor - INFO - Competência encontrada na página 175 com padrão 1: 10/2023
2025-06-08 15:05:47,131 - pdf_extractor - INFO - Extraídos 34 registros das tabelas na página 175
2025-06-08 15:05:47,329 - pdf_extractor - INFO - Competência encontrada na página 176 com padrão 1: 10/2023
2025-06-08 15:05:47,407 - pdf_extractor - INFO - Extraídos 35 registros das tabelas na página 176
2025-06-08 15:05:47,464 - pdf_extractor - INFO - Competência encontrada na página 177 com padrão 1: 10/2023
2025-06-08 15:05:47,475 - pdf_extractor - INFO - Extraídos 8 registros das tabelas na página 177
2025-06-08 15:05:47,679 - pdf_extractor - INFO - Competência encontrada na página 178 com padrão 1: 11/2023
2025-06-08 15:05:47,761 - pdf_extractor - INFO - Extraídos 35 registros das tabelas na página 178
2025-06-08 15:05:47,964 - pdf_extractor - INFO - Competência encontrada na página 179 com padrão 1: 11/2023
2025-06-08 15:05:48,056 - pdf_extractor - INFO - Extraídos 34 registros das tabelas na página 179
2025-06-08 15:05:48,267 - pdf_extractor - INFO - Competência encontrada na página 180 com padrão 1: 11/2023
2025-06-08 15:05:48,355 - pdf_extractor - INFO - Extraídos 34 registros das tabelas na página 180
2025-06-08 15:05:48,559 - pdf_extractor - INFO - Competência encontrada na página 181 com padrão 1: 11/2023
2025-06-08 15:05:48,643 - pdf_extractor - INFO - Extraídos 35 registros das tabelas na página 181
2025-06-08 15:05:48,853 - pdf_extractor - INFO - Competência encontrada na página 182 com padrão 1: 11/2023
2025-06-08 15:05:48,939 - pdf_extractor - INFO - Extraídos 34 registros das tabelas na página 182
2025-06-08 15:05:49,154 - pdf_extractor - INFO - Competência encontrada na página 183 com padrão 1: 11/2023
2025-06-08 15:05:49,234 - pdf_extractor - INFO - Extraídos 35 registros das tabelas na página 183
2025-06-08 15:05:49,436 - pdf_extractor - INFO - Competência encontrada na página 184 com padrão 1: 11/2023
2025-06-08 15:05:49,518 - pdf_extractor - INFO - Extraídos 34 registros das tabelas na página 184
2025-06-08 15:05:49,718 - pdf_extractor - INFO - Competência encontrada na página 185 com padrão 1: 11/2023
2025-06-08 15:05:49,800 - pdf_extractor - INFO - Extraídos 35 registros das tabelas na página 185
2025-06-08 15:05:49,983 - pdf_extractor - INFO - Competência encontrada na página 186 com padrão 1: 11/2023
2025-06-08 15:05:50,053 - pdf_extractor - INFO - Extraídos 30 registros das tabelas na página 186
2025-06-08 15:05:50,264 - pdf_extractor - INFO - Competência encontrada na página 187 com padrão 1: 12/2023
2025-06-08 15:05:50,344 - pdf_extractor - INFO - Extraídos 35 registros das tabelas na página 187
2025-06-08 15:05:50,553 - pdf_extractor - INFO - Competência encontrada na página 188 com padrão 1: 12/2023
2025-06-08 15:05:50,641 - pdf_extractor - INFO - Extraídos 34 registros das tabelas na página 188
2025-06-08 15:05:50,839 - pdf_extractor - INFO - Competência encontrada na página 189 com padrão 1: 12/2023
2025-06-08 15:05:50,918 - pdf_extractor - INFO - Extraídos 34 registros das tabelas na página 189
2025-06-08 15:05:51,124 - pdf_extractor - INFO - Competência encontrada na página 190 com padrão 1: 12/2023
2025-06-08 15:05:51,224 - pdf_extractor - INFO - Encontrado tomador '50 BATALHÃO DE INFANTARIA': 50 BATALHÃO DE INFANTARIA DE
2025-06-08 15:05:51,225 - pdf_extractor - INFO - Extraídos 35 registros das tabelas na página 190
2025-06-08 15:05:51,427 - pdf_extractor - INFO - Competência encontrada na página 191 com padrão 1: 12/2023
2025-06-08 15:05:51,511 - pdf_extractor - INFO - Extraídos 34 registros das tabelas na página 191
2025-06-08 15:05:51,716 - pdf_extractor - INFO - Competência encontrada na página 192 com padrão 1: 12/2023
2025-06-08 15:05:51,803 - pdf_extractor - INFO - Extraídos 35 registros das tabelas na página 192
2025-06-08 15:05:52,001 - pdf_extractor - INFO - Competência encontrada na página 193 com padrão 1: 12/2023
2025-06-08 15:05:52,079 - pdf_extractor - INFO - Extraídos 34 registros das tabelas na página 193
2025-06-08 15:05:52,297 - pdf_extractor - INFO - Competência encontrada na página 194 com padrão 1: 12/2023
2025-06-08 15:05:52,387 - pdf_extractor - INFO - Extraídos 34 registros das tabelas na página 194
2025-06-08 15:05:52,580 - pdf_extractor - INFO - Competência encontrada na página 195 com padrão 1: 12/2023
2025-06-08 15:05:52,660 - pdf_extractor - INFO - Extraídos 34 registros das tabelas na página 195
2025-06-08 15:05:52,718 - pdf_extractor - INFO - Competência encontrada na página 196 com padrão 1: 12/2023
2025-06-08 15:05:52,727 - pdf_extractor - INFO - Extraídos 6 registros das tabelas na página 196
2025-06-08 15:05:52,759 - pdf_extractor - INFO - Competência encontrada na página 197 com padrão 4: 04/2025
2025-06-08 15:05:52,762 - pdf_extractor - INFO - Encontrado padrão específico 04/2025 no texto
2025-06-08 15:05:52,762 - pdf_extractor - INFO - Competência encontrada no texto: 04/2025
2025-06-08 15:05:52,762 - pdf_extractor - WARNING - Nenhum dado extraído do texto na página 197
2025-06-08 15:05:52,796 - pdf_extractor - INFO - Competência encontrada na página 198 com padrão 4: 04/2025
2025-06-08 15:05:52,799 - pdf_extractor - INFO - Encontrado padrão específico 04/2025 no texto
2025-06-08 15:05:52,799 - pdf_extractor - INFO - Competência encontrada no texto: 04/2025
2025-06-08 15:05:52,799 - pdf_extractor - WARNING - Nenhum dado extraído do texto na página 198
2025-06-08 15:05:52,832 - pdf_extractor - INFO - Competência encontrada na página 199 com padrão 4: 04/2025
2025-06-08 15:05:52,835 - pdf_extractor - INFO - Encontrado padrão específico 04/2025 no texto
2025-06-08 15:05:52,835 - pdf_extractor - INFO - Competência encontrada no texto: 04/2025
2025-06-08 15:05:52,836 - pdf_extractor - WARNING - Nenhum dado extraído do texto na página 199
2025-06-08 15:05:53,031 - pdf_extractor - INFO - Competência encontrada na página 200 com padrão 1: 01/2024
2025-06-08 15:05:53,113 - pdf_extractor - INFO - Extraídos 35 registros das tabelas na página 200
2025-06-08 15:05:53,339 - pdf_extractor - INFO - Competência encontrada na página 201 com padrão 1: 01/2024
2025-06-08 15:05:53,424 - pdf_extractor - INFO - Extraídos 34 registros das tabelas na página 201
2025-06-08 15:05:53,632 - pdf_extractor - INFO - Competência encontrada na página 202 com padrão 1: 01/2024
2025-06-08 15:05:53,722 - pdf_extractor - INFO - Encontrado tomador '50 BATALHÃO DE INFANTARIA': 50 BATALHÃO DE INFANTARIA DE
2025-06-08 15:05:53,723 - pdf_extractor - INFO - Encontrado tomador '50 BATALHÃO DE INFANTARIA': 50 BATALHÃO DE INFANTARIA DE
2025-06-08 15:05:53,723 - pdf_extractor - INFO - Encontrado tomador '50 BATALHÃO DE INFANTARIA': 50 BATALHÃO DE INFANTARIA DE
2025-06-08 15:05:53,723 - pdf_extractor - INFO - Extraídos 35 registros das tabelas na página 202
2025-06-08 15:05:53,933 - pdf_extractor - INFO - Competência encontrada na página 203 com padrão 1: 01/2024
2025-06-08 15:05:54,022 - pdf_extractor - INFO - Extraídos 34 registros das tabelas na página 203
2025-06-08 15:05:54,220 - pdf_extractor - INFO - Competência encontrada na página 204 com padrão 1: 01/2024
2025-06-08 15:05:54,300 - pdf_extractor - INFO - Extraídos 34 registros das tabelas na página 204
2025-06-08 15:05:55,271 - pdf_extractor - INFO - Competência encontrada na página 205 com padrão 1: 01/2024
2025-06-08 15:05:55,352 - pdf_extractor - INFO - Extraídos 35 registros das tabelas na página 205
2025-06-08 15:05:55,560 - pdf_extractor - INFO - Competência encontrada na página 206 com padrão 1: 01/2024
2025-06-08 15:05:55,635 - pdf_extractor - INFO - Extraídos 34 registros das tabelas na página 206
2025-06-08 15:05:55,843 - pdf_extractor - INFO - Competência encontrada na página 207 com padrão 1: 01/2024
2025-06-08 15:05:55,928 - pdf_extractor - INFO - Extraídos 34 registros das tabelas na página 207
2025-06-08 15:05:56,091 - pdf_extractor - INFO - Competência encontrada na página 208 com padrão 1: 01/2024
2025-06-08 15:05:56,147 - pdf_extractor - INFO - Extraídos 27 registros das tabelas na página 208
2025-06-08 15:05:56,356 - pdf_extractor - INFO - Competência encontrada na página 209 com padrão 1: 02/2024
2025-06-08 15:05:56,449 - pdf_extractor - INFO - Extraídos 33 registros das tabelas na página 209
2025-06-08 15:05:56,656 - pdf_extractor - INFO - Competência encontrada na página 210 com padrão 1: 02/2024
2025-06-08 15:05:56,738 - pdf_extractor - INFO - Extraídos 32 registros das tabelas na página 210
2025-06-08 15:05:56,940 - pdf_extractor - INFO - Competência encontrada na página 211 com padrão 1: 02/2024
2025-06-08 15:05:57,020 - pdf_extractor - INFO - Extraídos 35 registros das tabelas na página 211
2025-06-08 15:05:57,230 - pdf_extractor - INFO - Competência encontrada na página 212 com padrão 1: 02/2024
2025-06-08 15:05:57,315 - pdf_extractor - INFO - Encontrado tomador '50 BATALHÃO DE INFANTARIA': 50 BATALHÃO DE INFANTARIA DE
2025-06-08 15:05:57,315 - pdf_extractor - INFO - Encontrado tomador '50 BATALHÃO DE INFANTARIA': 50 BATALHÃO DE INFANTARIA DE
2025-06-08 15:05:57,315 - pdf_extractor - INFO - Extraídos 34 registros das tabelas na página 212
2025-06-08 15:05:57,526 - pdf_extractor - INFO - Competência encontrada na página 213 com padrão 1: 02/2024
2025-06-08 15:05:57,611 - pdf_extractor - INFO - Extraídos 34 registros das tabelas na página 213
2025-06-08 15:05:57,810 - pdf_extractor - INFO - Competência encontrada na página 214 com padrão 1: 02/2024
2025-06-08 15:05:57,890 - pdf_extractor - WARNING - Não foi possível converter '%' para float.
2025-06-08 15:05:57,890 - pdf_extractor - INFO - Extraídos 34 registros das tabelas na página 214
2025-06-08 15:05:58,083 - pdf_extractor - INFO - Competência encontrada na página 215 com padrão 1: 02/2024
2025-06-08 15:05:58,160 - pdf_extractor - INFO - Extraídos 34 registros das tabelas na página 215
2025-06-08 15:05:58,365 - pdf_extractor - INFO - Competência encontrada na página 216 com padrão 1: 02/2024
2025-06-08 15:05:58,449 - pdf_extractor - INFO - Extraídos 34 registros das tabelas na página 216
2025-06-08 15:05:58,624 - pdf_extractor - INFO - Competência encontrada na página 217 com padrão 1: 02/2024
2025-06-08 15:05:58,677 - pdf_extractor - INFO - Extraídos 27 registros das tabelas na página 217
2025-06-08 15:05:58,879 - pdf_extractor - INFO - Competência encontrada na página 218 com padrão 1: 03/2024
2025-06-08 15:05:58,960 - pdf_extractor - INFO - Extraídos 35 registros das tabelas na página 218
2025-06-08 15:05:59,151 - pdf_extractor - INFO - Competência encontrada na página 219 com padrão 1: 03/2024
2025-06-08 15:05:59,225 - pdf_extractor - INFO - Extraídos 33 registros das tabelas na página 219
2025-06-08 15:05:59,417 - pdf_extractor - INFO - Competência encontrada na página 220 com padrão 1: 03/2024
2025-06-08 15:05:59,492 - pdf_extractor - INFO - Extraídos 34 registros das tabelas na página 220
2025-06-08 15:05:59,704 - pdf_extractor - INFO - Competência encontrada na página 221 com padrão 1: 03/2024
2025-06-08 15:05:59,789 - pdf_extractor - INFO - Extraídos 35 registros das tabelas na página 221
2025-06-08 15:05:59,998 - pdf_extractor - INFO - Competência encontrada na página 222 com padrão 1: 03/2024
2025-06-08 15:06:00,086 - pdf_extractor - INFO - Extraídos 34 registros das tabelas na página 222
2025-06-08 15:06:00,291 - pdf_extractor - INFO - Competência encontrada na página 223 com padrão 1: 03/2024
2025-06-08 15:06:00,368 - pdf_extractor - INFO - Extraídos 33 registros das tabelas na página 223
2025-06-08 15:06:00,571 - pdf_extractor - INFO - Competência encontrada na página 224 com padrão 1: 03/2024
2025-06-08 15:06:00,655 - pdf_extractor - INFO - Encontrado tomador '50 BATALHÃO DE INFANTARIA': 50 BATALHÃO DE INFANTARIA DE
2025-06-08 15:06:00,655 - pdf_extractor - INFO - Encontrado tomador '50 BATALHÃO DE INFANTARIA': 50 BATALHÃO DE INFANTARIA DE
2025-06-08 15:06:00,656 - pdf_extractor - INFO - Encontrado tomador '50 BATALHÃO DE INFANTARIA': 50 BATALHÃO DE INFANTARIA DE
2025-06-08 15:06:00,656 - pdf_extractor - WARNING - Não foi possível converter '%' para float.
2025-06-08 15:06:00,656 - pdf_extractor - INFO - Extraídos 34 registros das tabelas na página 224
2025-06-08 15:06:00,862 - pdf_extractor - INFO - Competência encontrada na página 225 com padrão 1: 03/2024
2025-06-08 15:06:00,941 - pdf_extractor - INFO - Extraídos 34 registros das tabelas na página 225
2025-06-08 15:06:01,140 - pdf_extractor - INFO - Competência encontrada na página 226 com padrão 1: 03/2024
2025-06-08 15:06:01,219 - pdf_extractor - INFO - Extraídos 34 registros das tabelas na página 226
2025-06-08 15:06:01,415 - pdf_extractor - INFO - Competência encontrada na página 227 com padrão 1: 03/2024
2025-06-08 15:06:01,492 - pdf_extractor - INFO - Extraídos 33 registros das tabelas na página 227
2025-06-08 15:06:01,559 - pdf_extractor - INFO - Competência encontrada na página 228 com padrão 1: 03/2024
2025-06-08 15:06:01,572 - pdf_extractor - INFO - Extraídos 9 registros das tabelas na página 228
2025-06-08 15:06:01,784 - pdf_extractor - INFO - Competência encontrada na página 229 com padrão 1: 04/2024
2025-06-08 15:06:01,863 - pdf_extractor - INFO - Extraídos 35 registros das tabelas na página 229
2025-06-08 15:06:02,070 - pdf_extractor - INFO - Competência encontrada na página 230 com padrão 1: 04/2024
2025-06-08 15:06:02,153 - pdf_extractor - INFO - Extraídos 34 registros das tabelas na página 230
2025-06-08 15:06:02,345 - pdf_extractor - INFO - Competência encontrada na página 231 com padrão 1: 04/2024
2025-06-08 15:06:02,420 - pdf_extractor - INFO - Extraídos 34 registros das tabelas na página 231
2025-06-08 15:06:02,629 - pdf_extractor - INFO - Competência encontrada na página 232 com padrão 1: 04/2024
2025-06-08 15:06:02,713 - pdf_extractor - INFO - Extraídos 35 registros das tabelas na página 232
2025-06-08 15:06:02,924 - pdf_extractor - INFO - Competência encontrada na página 233 com padrão 1: 04/2024
2025-06-08 15:06:03,001 - pdf_extractor - INFO - Encontrado tomador '50 BATALHÃO DE INFANTARIA': 50 BATALHÃO DE INFANTARIA DE
2025-06-08 15:06:03,001 - pdf_extractor - INFO - Encontrado tomador '50 BATALHÃO DE INFANTARIA': 50 BATALHÃO DE INFANTARIA DE
2025-06-08 15:06:03,001 - pdf_extractor - INFO - Extraídos 34 registros das tabelas na página 233
2025-06-08 15:06:03,202 - pdf_extractor - INFO - Competência encontrada na página 234 com padrão 1: 04/2024
2025-06-08 15:06:03,282 - pdf_extractor - INFO - Extraídos 35 registros das tabelas na página 234
2025-06-08 15:06:03,485 - pdf_extractor - INFO - Competência encontrada na página 235 com padrão 1: 04/2024
2025-06-08 15:06:03,564 - pdf_extractor - INFO - Extraídos 34 registros das tabelas na página 235
2025-06-08 15:06:03,764 - pdf_extractor - INFO - Competência encontrada na página 236 com padrão 1: 04/2024
2025-06-08 15:06:03,861 - pdf_extractor - INFO - Extraídos 34 registros das tabelas na página 236
2025-06-08 15:06:03,953 - pdf_extractor - INFO - Competência encontrada na página 237 com padrão 1: 04/2024
2025-06-08 15:06:03,974 - pdf_extractor - INFO - Extraídos 14 registros das tabelas na página 237
2025-06-08 15:06:04,181 - pdf_extractor - INFO - Competência encontrada na página 238 com padrão 1: 05/2024
2025-06-08 15:06:04,265 - pdf_extractor - INFO - Extraídos 34 registros das tabelas na página 238
2025-06-08 15:06:04,462 - pdf_extractor - INFO - Competência encontrada na página 239 com padrão 1: 05/2024
2025-06-08 15:06:04,540 - pdf_extractor - INFO - Extraídos 34 registros das tabelas na página 239
2025-06-08 15:06:04,740 - pdf_extractor - INFO - Competência encontrada na página 240 com padrão 1: 05/2024
2025-06-08 15:06:04,820 - pdf_extractor - INFO - Extraídos 35 registros das tabelas na página 240
2025-06-08 15:06:05,946 - pdf_extractor - INFO - Competência encontrada na página 241 com padrão 1: 05/2024
2025-06-08 15:06:06,044 - pdf_extractor - INFO - Extraídos 34 registros das tabelas na página 241
2025-06-08 15:06:06,262 - pdf_extractor - INFO - Competência encontrada na página 242 com padrão 1: 05/2024
2025-06-08 15:06:06,349 - pdf_extractor - INFO - Encontrado tomador '50 BATALHÃO DE INFANTARIA': 50 BATALHÃO DE INFANTARIA DE
2025-06-08 15:06:06,349 - pdf_extractor - INFO - Extraídos 35 registros das tabelas na página 242
2025-06-08 15:06:06,546 - pdf_extractor - INFO - Competência encontrada na página 243 com padrão 1: 05/2024
2025-06-08 15:06:06,623 - pdf_extractor - INFO - Extraídos 34 registros das tabelas na página 243
2025-06-08 15:06:06,823 - pdf_extractor - INFO - Competência encontrada na página 244 com padrão 1: 05/2024
2025-06-08 15:06:06,903 - pdf_extractor - INFO - Extraídos 35 registros das tabelas na página 244
2025-06-08 15:06:07,106 - pdf_extractor - INFO - Competência encontrada na página 245 com padrão 1: 05/2024
2025-06-08 15:06:07,181 - pdf_extractor - INFO - Extraídos 34 registros das tabelas na página 245
2025-06-08 15:06:07,377 - pdf_extractor - INFO - Competência encontrada na página 246 com padrão 1: 05/2024
2025-06-08 15:06:07,455 - pdf_extractor - INFO - Extraídos 35 registros das tabelas na página 246
2025-06-08 15:06:07,636 - pdf_extractor - INFO - Competência encontrada na página 247 com padrão 1: 05/2024
2025-06-08 15:06:07,703 - pdf_extractor - INFO - Extraídos 31 registros das tabelas na página 247
2025-06-08 15:06:07,903 - pdf_extractor - INFO - Competência encontrada na página 248 com padrão 1: 06/2024
2025-06-08 15:06:07,981 - pdf_extractor - INFO - Extraídos 34 registros das tabelas na página 248
2025-06-08 15:06:08,194 - pdf_extractor - INFO - Competência encontrada na página 249 com padrão 1: 06/2024
2025-06-08 15:06:08,272 - pdf_extractor - INFO - Extraídos 34 registros das tabelas na página 249
2025-06-08 15:06:08,479 - pdf_extractor - INFO - Competência encontrada na página 250 com padrão 1: 06/2024
2025-06-08 15:06:08,564 - pdf_extractor - INFO - Extraídos 34 registros das tabelas na página 250
2025-06-08 15:06:08,767 - pdf_extractor - INFO - Competência encontrada na página 251 com padrão 1: 06/2024
2025-06-08 15:06:08,850 - pdf_extractor - INFO - Encontrado tomador '50 BATALHÃO DE INFANTARIA': 50 BATALHÃO DE INFANTARIA DE
2025-06-08 15:06:08,850 - pdf_extractor - INFO - Encontrado tomador '50 BATALHÃO DE INFANTARIA': 50 BATALHÃO DE INFANTARIA DE
2025-06-08 15:06:08,851 - pdf_extractor - INFO - Extraídos 35 registros das tabelas na página 251
2025-06-08 15:06:09,057 - pdf_extractor - INFO - Competência encontrada na página 252 com padrão 1: 06/2024
2025-06-08 15:06:09,153 - pdf_extractor - INFO - Extraídos 34 registros das tabelas na página 252
2025-06-08 15:06:09,353 - pdf_extractor - INFO - Competência encontrada na página 253 com padrão 1: 06/2024
2025-06-08 15:06:09,429 - pdf_extractor - INFO - Extraídos 34 registros das tabelas na página 253
2025-06-08 15:06:09,627 - pdf_extractor - INFO - Competência encontrada na página 254 com padrão 1: 06/2024
2025-06-08 15:06:09,705 - pdf_extractor - INFO - Extraídos 34 registros das tabelas na página 254
2025-06-08 15:06:09,895 - pdf_extractor - INFO - Competência encontrada na página 255 com padrão 1: 06/2024
2025-06-08 15:06:09,969 - pdf_extractor - INFO - Extraídos 33 registros das tabelas na página 255
2025-06-08 15:06:09,985 - pdf_extractor - INFO - Competência encontrada na página 256 com padrão 1: 06/2024
2025-06-08 15:06:09,986 - pdf_extractor - INFO - Competência encontrada no texto: 06/2024
2025-06-08 15:06:09,986 - pdf_extractor - WARNING - Nenhum dado extraído do texto na página 256
2025-06-08 15:06:10,189 - pdf_extractor - INFO - Competência encontrada na página 257 com padrão 1: 07/2024
2025-06-08 15:06:10,279 - pdf_extractor - INFO - Extraídos 35 registros das tabelas na página 257
2025-06-08 15:06:10,476 - pdf_extractor - INFO - Competência encontrada na página 258 com padrão 1: 07/2024
2025-06-08 15:06:10,552 - pdf_extractor - INFO - Extraídos 34 registros das tabelas na página 258
2025-06-08 15:06:10,745 - pdf_extractor - INFO - Competência encontrada na página 259 com padrão 1: 07/2024
2025-06-08 15:06:10,819 - pdf_extractor - INFO - Extraídos 34 registros das tabelas na página 259
2025-06-08 15:06:11,029 - pdf_extractor - INFO - Competência encontrada na página 260 com padrão 1: 07/2024
2025-06-08 15:06:11,115 - pdf_extractor - INFO - Extraídos 35 registros das tabelas na página 260
2025-06-08 15:06:11,346 - pdf_extractor - INFO - Competência encontrada na página 261 com padrão 1: 07/2024
2025-06-08 15:06:11,430 - pdf_extractor - INFO - Encontrado tomador '50 BATALHÃO DE INFANTARIA': 50 BATALHÃO DE INFANTARIA DE
2025-06-08 15:06:11,431 - pdf_extractor - INFO - Encontrado tomador '50 BATALHÃO DE INFANTARIA': 50 BATALHÃO DE INFANTARIA DE
2025-06-08 15:06:11,431 - pdf_extractor - INFO - Extraídos 34 registros das tabelas na página 261
2025-06-08 15:06:11,632 - pdf_extractor - INFO - Competência encontrada na página 262 com padrão 1: 07/2024
2025-06-08 15:06:11,712 - pdf_extractor - INFO - Extraídos 35 registros das tabelas na página 262
2025-06-08 15:06:11,918 - pdf_extractor - INFO - Competência encontrada na página 263 com padrão 1: 07/2024
2025-06-08 15:06:12,001 - pdf_extractor - INFO - Extraídos 34 registros das tabelas na página 263
2025-06-08 15:06:12,206 - pdf_extractor - INFO - Competência encontrada na página 264 com padrão 1: 07/2024
2025-06-08 15:06:12,288 - pdf_extractor - INFO - Extraídos 35 registros das tabelas na página 264
2025-06-08 15:06:12,497 - pdf_extractor - INFO - Competência encontrada na página 265 com padrão 1: 07/2024
2025-06-08 15:06:12,573 - pdf_extractor - INFO - Extraídos 34 registros das tabelas na página 265
2025-06-08 15:06:12,768 - pdf_extractor - INFO - Competência encontrada na página 266 com padrão 1: 07/2024
2025-06-08 15:06:12,843 - pdf_extractor - INFO - Extraídos 33 registros das tabelas na página 266
2025-06-08 15:06:12,869 - pdf_extractor - INFO - Competência encontrada na página 267 com padrão 1: 07/2024
2025-06-08 15:06:12,873 - pdf_extractor - INFO - Extraídos 2 registros das tabelas na página 267
2025-06-08 15:06:13,074 - pdf_extractor - INFO - Competência encontrada na página 268 com padrão 1: 08/2024
2025-06-08 15:06:13,153 - pdf_extractor - INFO - Extraídos 34 registros das tabelas na página 268
2025-06-08 15:06:13,351 - pdf_extractor - INFO - Competência encontrada na página 269 com padrão 1: 08/2024
2025-06-08 15:06:13,444 - pdf_extractor - INFO - Extraídos 34 registros das tabelas na página 269
2025-06-08 15:06:13,645 - pdf_extractor - INFO - Competência encontrada na página 270 com padrão 1: 08/2024
2025-06-08 15:06:13,726 - pdf_extractor - INFO - Extraídos 35 registros das tabelas na página 270
2025-06-08 15:06:13,922 - pdf_extractor - INFO - Competência encontrada na página 271 com padrão 1: 08/2024
2025-06-08 15:06:13,999 - pdf_extractor - INFO - Extraídos 34 registros das tabelas na página 271
2025-06-08 15:06:14,196 - pdf_extractor - INFO - Competência encontrada na página 272 com padrão 1: 08/2024
2025-06-08 15:06:14,276 - pdf_extractor - INFO - Extraídos 35 registros das tabelas na página 272
2025-06-08 15:06:14,483 - pdf_extractor - INFO - Competência encontrada na página 273 com padrão 1: 08/2024
2025-06-08 15:06:14,560 - pdf_extractor - INFO - Encontrado tomador '50 BATALHÃO DE INFANTARIA': 50 BATALHÃO DE INFANTARIA DE
2025-06-08 15:06:14,561 - pdf_extractor - INFO - Encontrado tomador '50 BATALHÃO DE INFANTARIA': 50 BATALHÃO DE INFANTARIA DE
2025-06-08 15:06:14,561 - pdf_extractor - INFO - Encontrado tomador '50 BATALHÃO DE INFANTARIA': 50 BATALHÃO DE INFANTARIA DE
2025-06-08 15:06:14,561 - pdf_extractor - INFO - Encontrado tomador '50 BATALHÃO DE INFANTARIA': 50 BATALHÃO DE INFANTARIA DE
2025-06-08 15:06:14,561 - pdf_extractor - INFO - Encontrado tomador '50 BATALHÃO DE INFANTARIA': 50 BATALHÃO DE INFANTARIA DE
2025-06-08 15:06:14,561 - pdf_extractor - INFO - Extraídos 34 registros das tabelas na página 273
2025-06-08 15:06:14,758 - pdf_extractor - INFO - Competência encontrada na página 274 com padrão 1: 08/2024
2025-06-08 15:06:14,834 - pdf_extractor - INFO - Extraídos 34 registros das tabelas na página 274
2025-06-08 15:06:15,039 - pdf_extractor - INFO - Competência encontrada na página 275 com padrão 1: 08/2024
2025-06-08 15:06:15,122 - pdf_extractor - INFO - Extraídos 35 registros das tabelas na página 275
2025-06-08 15:06:15,313 - pdf_extractor - INFO - Competência encontrada na página 276 com padrão 1: 08/2024
2025-06-08 15:06:15,387 - pdf_extractor - INFO - Extraídos 34 registros das tabelas na página 276
2025-06-08 15:06:15,587 - pdf_extractor - INFO - Competência encontrada na página 277 com padrão 1: 08/2024
2025-06-08 15:06:15,656 - pdf_extractor - INFO - Extraídos 32 registros das tabelas na página 277
2025-06-08 15:06:15,672 - pdf_extractor - INFO - Competência encontrada na página 278 com padrão 1: 08/2024
2025-06-08 15:06:15,673 - pdf_extractor - INFO - Competência encontrada no texto: 08/2024
2025-06-08 15:06:15,673 - pdf_extractor - WARNING - Nenhum dado extraído do texto na página 278
2025-06-08 15:06:15,873 - pdf_extractor - INFO - Competência encontrada na página 279 com padrão 1: 09/2024
2025-06-08 15:06:15,953 - pdf_extractor - INFO - Extraídos 35 registros das tabelas na página 279
2025-06-08 15:06:16,150 - pdf_extractor - INFO - Competência encontrada na página 280 com padrão 1: 09/2024
2025-06-08 15:06:16,228 - pdf_extractor - INFO - Extraídos 34 registros das tabelas na página 280
2025-06-08 15:06:16,423 - pdf_extractor - INFO - Competência encontrada na página 281 com padrão 1: 09/2024
2025-06-08 15:06:16,499 - pdf_extractor - INFO - Extraídos 34 registros das tabelas na página 281
2025-06-08 15:06:16,720 - pdf_extractor - INFO - Competência encontrada na página 282 com padrão 1: 09/2024
2025-06-08 15:06:16,797 - pdf_extractor - INFO - Extraídos 34 registros das tabelas na página 282
2025-06-08 15:06:17,000 - pdf_extractor - INFO - Competência encontrada na página 283 com padrão 1: 09/2024
2025-06-08 15:06:17,082 - pdf_extractor - INFO - Extraídos 35 registros das tabelas na página 283
2025-06-08 15:06:17,303 - pdf_extractor - INFO - Competência encontrada na página 284 com padrão 1: 09/2024
2025-06-08 15:06:17,396 - pdf_extractor - INFO - Extraídos 34 registros das tabelas na página 284
2025-06-08 15:06:18,669 - pdf_extractor - INFO - Competência encontrada na página 285 com padrão 1: 09/2024
2025-06-08 15:06:18,756 - pdf_extractor - INFO - Encontrado tomador '50 BATALHÃO DE INFANTARIA': 50 BATALHÃO DE INFANTARIA DE
2025-06-08 15:06:18,756 - pdf_extractor - INFO - Encontrado tomador '50 BATALHÃO DE INFANTARIA': 50 BATALHÃO DE INFANTARIA DE
2025-06-08 15:06:18,757 - pdf_extractor - INFO - Extraídos 34 registros das tabelas na página 285
2025-06-08 15:06:18,965 - pdf_extractor - INFO - Competência encontrada na página 286 com padrão 1: 09/2024
2025-06-08 15:06:19,047 - pdf_extractor - INFO - Extraídos 35 registros das tabelas na página 286
2025-06-08 15:06:19,216 - pdf_extractor - INFO - Competência encontrada na página 287 com padrão 1: 09/2024
2025-06-08 15:06:19,275 - pdf_extractor - INFO - Extraídos 28 registros das tabelas na página 287
2025-06-08 15:06:19,470 - pdf_extractor - INFO - Competência encontrada na página 288 com padrão 1: 10/2024
2025-06-08 15:06:19,548 - pdf_extractor - WARNING - Não foi possível converter '%' para float.
2025-06-08 15:06:19,548 - pdf_extractor - INFO - Extraídos 35 registros das tabelas na página 288
2025-06-08 15:06:19,757 - pdf_extractor - INFO - Competência encontrada na página 289 com padrão 1: 10/2024
2025-06-08 15:06:19,833 - pdf_extractor - INFO - Extraídos 33 registros das tabelas na página 289
2025-06-08 15:06:20,030 - pdf_extractor - INFO - Competência encontrada na página 290 com padrão 1: 10/2024
2025-06-08 15:06:20,107 - pdf_extractor - INFO - Extraídos 35 registros das tabelas na página 290
2025-06-08 15:06:20,309 - pdf_extractor - INFO - Competência encontrada na página 291 com padrão 1: 10/2024
2025-06-08 15:06:20,389 - pdf_extractor - INFO - Extraídos 34 registros das tabelas na página 291
2025-06-08 15:06:20,588 - pdf_extractor - INFO - Competência encontrada na página 292 com padrão 1: 10/2024
2025-06-08 15:06:20,668 - pdf_extractor - INFO - Extraídos 34 registros das tabelas na página 292
2025-06-08 15:06:20,894 - pdf_extractor - INFO - Competência encontrada na página 293 com padrão 1: 10/2024
2025-06-08 15:06:20,979 - pdf_extractor - INFO - Extraídos 35 registros das tabelas na página 293
2025-06-08 15:06:21,173 - pdf_extractor - INFO - Competência encontrada na página 294 com padrão 1: 10/2024
2025-06-08 15:06:21,250 - pdf_extractor - INFO - Encontrado tomador '50 BATALHÃO DE INFANTARIA': 50 BATALHÃO DE INFANTARIA DE
2025-06-08 15:06:21,251 - pdf_extractor - INFO - Extraídos 34 registros das tabelas na página 294
2025-06-08 15:06:21,446 - pdf_extractor - INFO - Competência encontrada na página 295 com padrão 1: 10/2024
2025-06-08 15:06:21,522 - pdf_extractor - INFO - Extraídos 34 registros das tabelas na página 295
2025-06-08 15:06:21,726 - pdf_extractor - INFO - Competência encontrada na página 296 com padrão 1: 10/2024
2025-06-08 15:06:21,804 - pdf_extractor - INFO - Encontrado tomador '50 BATALHÃO DE INFANTARIA': 50 BATALHÃO DE INFANTARIA DE
2025-06-08 15:06:21,805 - pdf_extractor - INFO - Extraídos 35 registros das tabelas na página 296
2025-06-08 15:06:22,023 - pdf_extractor - INFO - Competência encontrada na página 297 com padrão 1: 10/2024
2025-06-08 15:06:22,102 - pdf_extractor - INFO - Extraídos 34 registros das tabelas na página 297
2025-06-08 15:06:22,172 - pdf_extractor - INFO - Competência encontrada na página 298 com padrão 1: 10/2024
2025-06-08 15:06:22,185 - pdf_extractor - INFO - Extraídos 10 registros das tabelas na página 298
2025-06-08 15:06:22,390 - pdf_extractor - INFO - Competência encontrada na página 299 com padrão 1: 11/2024
2025-06-08 15:06:22,470 - pdf_extractor - INFO - Extraídos 35 registros das tabelas na página 299
2025-06-08 15:06:22,670 - pdf_extractor - INFO - Competência encontrada na página 300 com padrão 1: 11/2024
2025-06-08 15:06:22,749 - pdf_extractor - INFO - Extraídos 34 registros das tabelas na página 300
2025-06-08 15:06:22,957 - pdf_extractor - INFO - Competência encontrada na página 301 com padrão 1: 11/2024
2025-06-08 15:06:23,034 - pdf_extractor - INFO - Extraídos 34 registros das tabelas na página 301
2025-06-08 15:06:23,229 - pdf_extractor - INFO - Competência encontrada na página 302 com padrão 1: 11/2024
2025-06-08 15:06:23,306 - pdf_extractor - INFO - Extraídos 34 registros das tabelas na página 302
2025-06-08 15:06:23,513 - pdf_extractor - INFO - Competência encontrada na página 303 com padrão 1: 11/2024
2025-06-08 15:06:23,593 - pdf_extractor - INFO - Extraídos 35 registros das tabelas na página 303
2025-06-08 15:06:23,788 - pdf_extractor - INFO - Competência encontrada na página 304 com padrão 1: 11/2024
2025-06-08 15:06:23,864 - pdf_extractor - INFO - Encontrado tomador '50 BATALHÃO DE INFANTARIA': 50 BATALHÃO DE INFANTARIA DE
2025-06-08 15:06:23,865 - pdf_extractor - INFO - Extraídos 34 registros das tabelas na página 304
2025-06-08 15:06:24,075 - pdf_extractor - INFO - Competência encontrada na página 305 com padrão 1: 11/2024
2025-06-08 15:06:24,150 - pdf_extractor - INFO - Extraídos 34 registros das tabelas na página 305
2025-06-08 15:06:24,354 - pdf_extractor - INFO - Competência encontrada na página 306 com padrão 1: 11/2024
2025-06-08 15:06:24,435 - pdf_extractor - INFO - Extraídos 34 registros das tabelas na página 306
2025-06-08 15:06:24,636 - pdf_extractor - INFO - Competência encontrada na página 307 com padrão 1: 11/2024
2025-06-08 15:06:24,717 - pdf_extractor - INFO - Extraídos 34 registros das tabelas na página 307
2025-06-08 15:06:24,855 - pdf_extractor - INFO - Competência encontrada na página 308 com padrão 1: 11/2024
2025-06-08 15:06:24,896 - pdf_extractor - INFO - Extraídos 22 registros das tabelas na página 308
2025-06-08 15:06:25,116 - pdf_extractor - INFO - Competência encontrada na página 309 com padrão 1: 12/2024
2025-06-08 15:06:25,202 - pdf_extractor - INFO - Extraídos 35 registros das tabelas na página 309
2025-06-08 15:06:25,398 - pdf_extractor - INFO - Competência encontrada na página 310 com padrão 1: 12/2024
2025-06-08 15:06:25,474 - pdf_extractor - INFO - Extraídos 34 registros das tabelas na página 310
2025-06-08 15:06:25,684 - pdf_extractor - INFO - Competência encontrada na página 311 com padrão 1: 12/2024
2025-06-08 15:06:25,768 - pdf_extractor - INFO - Extraídos 34 registros das tabelas na página 311
2025-06-08 15:06:25,966 - pdf_extractor - INFO - Competência encontrada na página 312 com padrão 1: 12/2024
2025-06-08 15:06:26,043 - pdf_extractor - INFO - Encontrado tomador '50 BATALHÃO DE INFANTARIA': 50 BATALHÃO DE INFANTARIA DE
2025-06-08 15:06:26,044 - pdf_extractor - INFO - Extraídos 34 registros das tabelas na página 312
2025-06-08 15:06:26,252 - pdf_extractor - INFO - Competência encontrada na página 313 com padrão 1: 12/2024
2025-06-08 15:06:26,326 - pdf_extractor - INFO - Extraídos 34 registros das tabelas na página 313
2025-06-08 15:06:26,527 - pdf_extractor - INFO - Competência encontrada na página 314 com padrão 1: 12/2024
2025-06-08 15:06:26,606 - pdf_extractor - INFO - Extraídos 35 registros das tabelas na página 314
2025-06-08 15:06:26,805 - pdf_extractor - INFO - Competência encontrada na página 315 com padrão 1: 12/2024
2025-06-08 15:06:26,883 - pdf_extractor - INFO - Extraídos 34 registros das tabelas na página 315
2025-06-08 15:06:27,090 - pdf_extractor - INFO - Competência encontrada na página 316 com padrão 1: 12/2024
2025-06-08 15:06:27,184 - pdf_extractor - INFO - Extraídos 35 registros das tabelas na página 316
2025-06-08 15:06:27,396 - pdf_extractor - INFO - Competência encontrada na página 317 com padrão 1: 12/2024
2025-06-08 15:06:27,483 - pdf_extractor - INFO - Encontrado tomador '50 BATALHÃO DE INFANTARIA': 50 BATALHÃO DE INFANTARIA DE
2025-06-08 15:06:27,484 - pdf_extractor - INFO - Extraídos 34 registros das tabelas na página 317
2025-06-08 15:06:27,686 - pdf_extractor - INFO - Competência encontrada na página 318 com padrão 1: 12/2024
2025-06-08 15:06:27,767 - pdf_extractor - INFO - Extraídos 34 registros das tabelas na página 318
2025-06-08 15:06:27,908 - pdf_extractor - INFO - Competência encontrada na página 319 com padrão 1: 12/2024
2025-06-08 15:06:27,952 - pdf_extractor - INFO - Extraídos 23 registros das tabelas na página 319
2025-06-08 15:06:27,985 - pdf_extractor - INFO - Competência encontrada na página 320 com padrão 4: 04/2025
2025-06-08 15:06:27,987 - pdf_extractor - INFO - Encontrado padrão específico 04/2025 no texto
2025-06-08 15:06:27,987 - pdf_extractor - INFO - Competência encontrada no texto: 04/2025
2025-06-08 15:06:27,987 - pdf_extractor - WARNING - Nenhum dado extraído do texto na página 320
2025-06-08 15:06:28,021 - pdf_extractor - INFO - Competência encontrada na página 321 com padrão 4: 04/2025
2025-06-08 15:06:28,024 - pdf_extractor - INFO - Encontrado padrão específico 04/2025 no texto
2025-06-08 15:06:28,024 - pdf_extractor - INFO - Competência encontrada no texto: 04/2025
2025-06-08 15:06:28,024 - pdf_extractor - WARNING - Nenhum dado extraído do texto na página 321
2025-06-08 15:06:28,057 - pdf_extractor - INFO - Competência encontrada na página 322 com padrão 4: 04/2025
2025-06-08 15:06:28,060 - pdf_extractor - INFO - Encontrado padrão específico 04/2025 no texto
2025-06-08 15:06:28,060 - pdf_extractor - INFO - Competência encontrada no texto: 04/2025
2025-06-08 15:06:28,060 - pdf_extractor - WARNING - Nenhum dado extraído do texto na página 322
2025-06-08 15:06:28,273 - pdf_extractor - INFO - Competência encontrada na página 323 com padrão 1: 01/2025
2025-06-08 15:06:28,351 - pdf_extractor - INFO - Extraídos 34 registros das tabelas na página 323
2025-06-08 15:06:28,549 - pdf_extractor - INFO - Competência encontrada na página 324 com padrão 1: 01/2025
2025-06-08 15:06:28,628 - pdf_extractor - INFO - Extraídos 34 registros das tabelas na página 324
2025-06-08 15:06:28,825 - pdf_extractor - INFO - Competência encontrada na página 325 com padrão 1: 01/2025
2025-06-08 15:06:28,901 - pdf_extractor - INFO - Encontrado tomador '50 BATALHÃO DE INFANTARIA': 50 BATALHÃO DE INFANTARIA DE
2025-06-08 15:06:28,902 - pdf_extractor - INFO - Encontrado tomador '50 BATALHÃO DE INFANTARIA': 50 BATALHÃO DE INFANTARIA DE
2025-06-08 15:06:28,902 - pdf_extractor - INFO - Extraídos 34 registros das tabelas na página 325
2025-06-08 15:06:29,094 - pdf_extractor - INFO - Competência encontrada na página 326 com padrão 1: 01/2025
2025-06-08 15:06:29,168 - pdf_extractor - INFO - Extraídos 33 registros das tabelas na página 326
2025-06-08 15:06:29,234 - pdf_extractor - INFO - Competência encontrada na página 327 com padrão 1: 01/2025
2025-06-08 15:06:29,246 - pdf_extractor - INFO - Extraídos 8 registros das tabelas na página 327
2025-06-08 15:06:29,457 - pdf_extractor - INFO - Competência encontrada na página 328 com padrão 1: 02/2025
2025-06-08 15:06:29,537 - pdf_extractor - INFO - Extraídos 33 registros das tabelas na página 328
2025-06-08 15:06:29,735 - pdf_extractor - INFO - Competência encontrada na página 329 com padrão 1: 02/2025
2025-06-08 15:06:29,812 - pdf_extractor - INFO - Encontrado tomador '50 BATALHÃO DE INFANTARIA': 50 BATALHÃO DE INFANTARIA DE
2025-06-08 15:06:29,812 - pdf_extractor - INFO - Encontrado tomador '50 BATALHÃO DE INFANTARIA': 50 BATALHÃO DE INFANTARIA DE
2025-06-08 15:06:29,812 - pdf_extractor - INFO - Encontrado tomador '50 BATALHÃO DE INFANTARIA': 50 BATALHÃO DE INFANTARIA DE
2025-06-08 15:06:29,813 - pdf_extractor - INFO - Extraídos 34 registros das tabelas na página 329
2025-06-08 15:06:29,937 - pdf_extractor - INFO - Competência encontrada na página 330 com padrão 1: 02/2025
2025-06-08 15:06:29,971 - pdf_extractor - INFO - Encontrado tomador '50 BATALHÃO DE INFANTARIA': 50 BATALHÃO DE INFANTARIA DE
2025-06-08 15:06:29,971 - pdf_extractor - INFO - Extraídos 19 registros das tabelas na página 330
2025-06-08 15:06:30,166 - pdf_extractor - INFO - Competência encontrada na página 331 com padrão 1: 03/2025
2025-06-08 15:06:30,240 - pdf_extractor - INFO - Extraídos 32 registros das tabelas na página 331
2025-06-08 15:06:30,340 - pdf_extractor - INFO - Competência encontrada na página 332 com padrão 1: 03/2025
2025-06-08 15:06:30,358 - pdf_extractor - INFO - Encontrado tomador '50 BATALHÃO DE INFANTARIA': 50 BATALHÃO DE INFANTARIA DE
2025-06-08 15:06:30,358 - pdf_extractor - INFO - Encontrado tomador '50 BATALHÃO DE INFANTARIA': 50 BATALHÃO DE INFANTARIA DE
2025-06-08 15:06:30,358 - pdf_extractor - INFO - Encontrado tomador '50 BATALHÃO DE INFANTARIA': 50 BATALHÃO DE INFANTARIA DE
2025-06-08 15:06:30,358 - pdf_extractor - INFO - Encontrado tomador '50 BATALHÃO DE INFANTARIA': 50 BATALHÃO DE INFANTARIA DE
2025-06-08 15:06:30,358 - pdf_extractor - INFO - Encontrado tomador '50 BATALHÃO DE INFANTARIA': 50 BATALHÃO DE INFANTARIA DE
2025-06-08 15:06:30,358 - pdf_extractor - INFO - Extraídos 11 registros das tabelas na página 332
2025-06-08 15:06:30,453 - pdf_extractor - INFO - Competência encontrada na página 333 com padrão 1: 04/2025
2025-06-08 15:06:30,476 - pdf_extractor - INFO - Extraídos 14 registros das tabelas na página 333
2025-06-08 15:06:30,509 - pdf_extractor - INFO - Competência encontrada na página 334 com padrão 4: 04/2025
2025-06-08 15:06:30,513 - pdf_extractor - INFO - Encontrado padrão específico 04/2025 no texto
2025-06-08 15:06:30,513 - pdf_extractor - INFO - Competência encontrada no texto: 04/2025
2025-06-08 15:06:30,513 - pdf_extractor - WARNING - Nenhum dado extraído do texto na página 334
2025-06-08 15:06:30,513 - pdfminer.pdfpage - WARNING - CropBox missing from /Page, defaulting to MediaBox
2025-06-08 15:06:30,513 - pdfminer.pdfpage - WARNING - CropBox missing from /Page, defaulting to MediaBox
2025-06-08 15:06:30,513 - pdfminer.pdfpage - WARNING - CropBox missing from /Page, defaulting to MediaBox
2025-06-08 15:06:30,513 - pdfminer.pdfpage - WARNING - CropBox missing from /Page, defaulting to MediaBox
2025-06-08 15:06:30,514 - pdfminer.pdfpage - WARNING - CropBox missing from /Page, defaulting to MediaBox
2025-06-08 15:06:30,514 - pdfminer.pdfpage - WARNING - CropBox missing from /Page, defaulting to MediaBox
2025-06-08 15:06:30,514 - pdfminer.pdfpage - WARNING - CropBox missing from /Page, defaulting to MediaBox
2025-06-08 15:06:30,514 - pdfminer.pdfpage - WARNING - CropBox missing from /Page, defaulting to MediaBox
2025-06-08 15:06:30,514 - pdfminer.pdfpage - WARNING - CropBox missing from /Page, defaulting to MediaBox
2025-06-08 15:06:30,514 - pdfminer.pdfpage - WARNING - CropBox missing from /Page, defaulting to MediaBox
2025-06-08 15:06:30,514 - pdfminer.pdfpage - WARNING - CropBox missing from /Page, defaulting to MediaBox
2025-06-08 15:06:30,514 - pdfminer.pdfpage - WARNING - CropBox missing from /Page, defaulting to MediaBox
2025-06-08 15:06:30,514 - pdfminer.pdfpage - WARNING - CropBox missing from /Page, defaulting to MediaBox
2025-06-08 15:06:30,515 - pdfminer.pdfpage - WARNING - CropBox missing from /Page, defaulting to MediaBox
2025-06-08 15:06:30,515 - pdfminer.pdfpage - WARNING - CropBox missing from /Page, defaulting to MediaBox
2025-06-08 15:06:30,515 - pdfminer.pdfpage - WARNING - CropBox missing from /Page, defaulting to MediaBox
2025-06-08 15:06:30,515 - pdfminer.pdfpage - WARNING - CropBox missing from /Page, defaulting to MediaBox
2025-06-08 15:06:30,515 - pdfminer.pdfpage - WARNING - CropBox missing from /Page, defaulting to MediaBox
2025-06-08 15:06:30,515 - pdfminer.pdfpage - WARNING - CropBox missing from /Page, defaulting to MediaBox
2025-06-08 15:06:30,515 - pdfminer.pdfpage - WARNING - CropBox missing from /Page, defaulting to MediaBox
2025-06-08 15:06:30,515 - pdfminer.pdfpage - WARNING - CropBox missing from /Page, defaulting to MediaBox
2025-06-08 15:06:30,515 - pdfminer.pdfpage - WARNING - CropBox missing from /Page, defaulting to MediaBox
2025-06-08 15:06:30,516 - pdfminer.pdfpage - WARNING - CropBox missing from /Page, defaulting to MediaBox
2025-06-08 15:06:30,516 - pdfminer.pdfpage - WARNING - CropBox missing from /Page, defaulting to MediaBox
2025-06-08 15:06:30,516 - pdfminer.pdfpage - WARNING - CropBox missing from /Page, defaulting to MediaBox
2025-06-08 15:06:30,516 - pdfminer.pdfpage - WARNING - CropBox missing from /Page, defaulting to MediaBox
2025-06-08 15:06:30,516 - pdfminer.pdfpage - WARNING - CropBox missing from /Page, defaulting to MediaBox
2025-06-08 15:06:30,516 - pdfminer.pdfpage - WARNING - CropBox missing from /Page, defaulting to MediaBox
2025-06-08 15:06:30,516 - pdfminer.pdfpage - WARNING - CropBox missing from /Page, defaulting to MediaBox
2025-06-08 15:06:30,516 - pdfminer.pdfpage - WARNING - CropBox missing from /Page, defaulting to MediaBox
2025-06-08 15:06:30,516 - pdfminer.pdfpage - WARNING - CropBox missing from /Page, defaulting to MediaBox
2025-06-08 15:06:30,516 - pdfminer.pdfpage - WARNING - CropBox missing from /Page, defaulting to MediaBox
2025-06-08 15:06:30,517 - pdfminer.pdfpage - WARNING - CropBox missing from /Page, defaulting to MediaBox
2025-06-08 15:06:30,517 - pdfminer.pdfpage - WARNING - CropBox missing from /Page, defaulting to MediaBox
2025-06-08 15:06:30,517 - pdfminer.pdfpage - WARNING - CropBox missing from /Page, defaulting to MediaBox
2025-06-08 15:06:30,517 - pdfminer.pdfpage - WARNING - CropBox missing from /Page, defaulting to MediaBox
2025-06-08 15:06:30,517 - pdfminer.pdfpage - WARNING - CropBox missing from /Page, defaulting to MediaBox
2025-06-08 15:06:30,517 - pdfminer.pdfpage - WARNING - CropBox missing from /Page, defaulting to MediaBox
2025-06-08 15:06:30,517 - pdfminer.pdfpage - WARNING - CropBox missing from /Page, defaulting to MediaBox
2025-06-08 15:06:30,517 - pdfminer.pdfpage - WARNING - CropBox missing from /Page, defaulting to MediaBox
2025-06-08 15:06:30,517 - pdfminer.pdfpage - WARNING - CropBox missing from /Page, defaulting to MediaBox
2025-06-08 15:06:30,518 - pdfminer.pdfpage - WARNING - CropBox missing from /Page, defaulting to MediaBox
2025-06-08 15:06:30,518 - pdfminer.pdfpage - WARNING - CropBox missing from /Page, defaulting to MediaBox
2025-06-08 15:06:30,518 - pdfminer.pdfpage - WARNING - CropBox missing from /Page, defaulting to MediaBox
2025-06-08 15:06:30,518 - pdfminer.pdfpage - WARNING - CropBox missing from /Page, defaulting to MediaBox
2025-06-08 15:06:30,518 - pdfminer.pdfpage - WARNING - CropBox missing from /Page, defaulting to MediaBox
2025-06-08 15:06:30,518 - pdfminer.pdfpage - WARNING - CropBox missing from /Page, defaulting to MediaBox
2025-06-08 15:06:30,518 - pdfminer.pdfpage - WARNING - CropBox missing from /Page, defaulting to MediaBox
2025-06-08 15:06:30,518 - pdfminer.pdfpage - WARNING - CropBox missing from /Page, defaulting to MediaBox
2025-06-08 15:06:30,519 - pdfminer.pdfpage - WARNING - CropBox missing from /Page, defaulting to MediaBox
2025-06-08 15:06:30,519 - pdfminer.pdfpage - WARNING - CropBox missing from /Page, defaulting to MediaBox
2025-06-08 15:06:30,519 - pdfminer.pdfpage - WARNING - CropBox missing from /Page, defaulting to MediaBox
2025-06-08 15:06:30,519 - pdfminer.pdfpage - WARNING - CropBox missing from /Page, defaulting to MediaBox
2025-06-08 15:06:30,519 - pdfminer.pdfpage - WARNING - CropBox missing from /Page, defaulting to MediaBox
2025-06-08 15:06:30,519 - pdfminer.pdfpage - WARNING - CropBox missing from /Page, defaulting to MediaBox
2025-06-08 15:06:30,519 - pdfminer.pdfpage - WARNING - CropBox missing from /Page, defaulting to MediaBox
2025-06-08 15:06:30,519 - pdfminer.pdfpage - WARNING - CropBox missing from /Page, defaulting to MediaBox
2025-06-08 15:06:30,520 - pdfminer.pdfpage - WARNING - CropBox missing from /Page, defaulting to MediaBox
2025-06-08 15:06:30,520 - pdfminer.pdfpage - WARNING - CropBox missing from /Page, defaulting to MediaBox
2025-06-08 15:06:30,520 - pdfminer.pdfpage - WARNING - CropBox missing from /Page, defaulting to MediaBox
2025-06-08 15:06:30,520 - pdfminer.pdfpage - WARNING - CropBox missing from /Page, defaulting to MediaBox
2025-06-08 15:06:30,520 - pdfminer.pdfpage - WARNING - CropBox missing from /Page, defaulting to MediaBox
2025-06-08 15:06:30,520 - pdfminer.pdfpage - WARNING - CropBox missing from /Page, defaulting to MediaBox
2025-06-08 15:06:30,520 - pdfminer.pdfpage - WARNING - CropBox missing from /Page, defaulting to MediaBox
2025-06-08 15:06:30,520 - pdfminer.pdfpage - WARNING - CropBox missing from /Page, defaulting to MediaBox
2025-06-08 15:06:30,520 - pdfminer.pdfpage - WARNING - CropBox missing from /Page, defaulting to MediaBox
2025-06-08 15:06:30,520 - pdfminer.pdfpage - WARNING - CropBox missing from /Page, defaulting to MediaBox
2025-06-08 15:06:30,521 - pdfminer.pdfpage - WARNING - CropBox missing from /Page, defaulting to MediaBox
2025-06-08 15:06:30,521 - pdfminer.pdfpage - WARNING - CropBox missing from /Page, defaulting to MediaBox
2025-06-08 15:06:30,521 - pdfminer.pdfpage - WARNING - CropBox missing from /Page, defaulting to MediaBox
2025-06-08 15:06:30,521 - pdfminer.pdfpage - WARNING - CropBox missing from /Page, defaulting to MediaBox
2025-06-08 15:06:30,521 - pdfminer.pdfpage - WARNING - CropBox missing from /Page, defaulting to MediaBox
2025-06-08 15:06:30,521 - pdfminer.pdfpage - WARNING - CropBox missing from /Page, defaulting to MediaBox
2025-06-08 15:06:30,521 - pdfminer.pdfpage - WARNING - CropBox missing from /Page, defaulting to MediaBox
2025-06-08 15:06:30,521 - pdfminer.pdfpage - WARNING - CropBox missing from /Page, defaulting to MediaBox
2025-06-08 15:06:30,522 - pdfminer.pdfpage - WARNING - CropBox missing from /Page, defaulting to MediaBox
2025-06-08 15:06:30,522 - pdfminer.pdfpage - WARNING - CropBox missing from /Page, defaulting to MediaBox
2025-06-08 15:06:30,522 - pdfminer.pdfpage - WARNING - CropBox missing from /Page, defaulting to MediaBox
2025-06-08 15:06:30,522 - pdfminer.pdfpage - WARNING - CropBox missing from /Page, defaulting to MediaBox
2025-06-08 15:06:30,522 - pdfminer.pdfpage - WARNING - CropBox missing from /Page, defaulting to MediaBox
2025-06-08 15:06:30,522 - pdfminer.pdfpage - WARNING - CropBox missing from /Page, defaulting to MediaBox
2025-06-08 15:06:30,522 - pdfminer.pdfpage - WARNING - CropBox missing from /Page, defaulting to MediaBox
2025-06-08 15:06:30,522 - pdfminer.pdfpage - WARNING - CropBox missing from /Page, defaulting to MediaBox
2025-06-08 15:06:30,523 - pdfminer.pdfpage - WARNING - CropBox missing from /Page, defaulting to MediaBox
2025-06-08 15:06:30,523 - pdfminer.pdfpage - WARNING - CropBox missing from /Page, defaulting to MediaBox
2025-06-08 15:06:30,523 - pdfminer.pdfpage - WARNING - CropBox missing from /Page, defaulting to MediaBox
2025-06-08 15:06:30,523 - pdfminer.pdfpage - WARNING - CropBox missing from /Page, defaulting to MediaBox
2025-06-08 15:06:30,523 - pdfminer.pdfpage - WARNING - CropBox missing from /Page, defaulting to MediaBox
2025-06-08 15:06:30,523 - pdfminer.pdfpage - WARNING - CropBox missing from /Page, defaulting to MediaBox
2025-06-08 15:06:30,523 - pdfminer.pdfpage - WARNING - CropBox missing from /Page, defaulting to MediaBox
2025-06-08 15:06:30,523 - pdfminer.pdfpage - WARNING - CropBox missing from /Page, defaulting to MediaBox
2025-06-08 15:06:30,523 - pdfminer.pdfpage - WARNING - CropBox missing from /Page, defaulting to MediaBox
2025-06-08 15:06:30,524 - pdfminer.pdfpage - WARNING - CropBox missing from /Page, defaulting to MediaBox
2025-06-08 15:06:30,524 - pdfminer.pdfpage - WARNING - CropBox missing from /Page, defaulting to MediaBox
2025-06-08 15:06:30,524 - pdfminer.pdfpage - WARNING - CropBox missing from /Page, defaulting to MediaBox
2025-06-08 15:06:30,524 - pdfminer.pdfpage - WARNING - CropBox missing from /Page, defaulting to MediaBox
2025-06-08 15:06:30,524 - pdfminer.pdfpage - WARNING - CropBox missing from /Page, defaulting to MediaBox
2025-06-08 15:06:30,524 - pdfminer.pdfpage - WARNING - CropBox missing from /Page, defaulting to MediaBox
2025-06-08 15:06:30,524 - pdfminer.pdfpage - WARNING - CropBox missing from /Page, defaulting to MediaBox
2025-06-08 15:06:30,524 - pdfminer.pdfpage - WARNING - CropBox missing from /Page, defaulting to MediaBox
2025-06-08 15:06:30,524 - pdfminer.pdfpage - WARNING - CropBox missing from /Page, defaulting to MediaBox
2025-06-08 15:06:30,525 - pdfminer.pdfpage - WARNING - CropBox missing from /Page, defaulting to MediaBox
2025-06-08 15:06:30,525 - pdfminer.pdfpage - WARNING - CropBox missing from /Page, defaulting to MediaBox
2025-06-08 15:06:30,525 - pdfminer.pdfpage - WARNING - CropBox missing from /Page, defaulting to MediaBox
2025-06-08 15:06:30,525 - pdfminer.pdfpage - WARNING - CropBox missing from /Page, defaulting to MediaBox
2025-06-08 15:06:30,525 - pdfminer.pdfpage - WARNING - CropBox missing from /Page, defaulting to MediaBox
2025-06-08 15:06:30,525 - pdfminer.pdfpage - WARNING - CropBox missing from /Page, defaulting to MediaBox
2025-06-08 15:06:30,525 - pdfminer.pdfpage - WARNING - CropBox missing from /Page, defaulting to MediaBox
2025-06-08 15:06:30,525 - pdfminer.pdfpage - WARNING - CropBox missing from /Page, defaulting to MediaBox
2025-06-08 15:06:30,525 - pdfminer.pdfpage - WARNING - CropBox missing from /Page, defaulting to MediaBox
2025-06-08 15:06:30,526 - pdfminer.pdfpage - WARNING - CropBox missing from /Page, defaulting to MediaBox
2025-06-08 15:06:30,526 - pdfminer.pdfpage - WARNING - CropBox missing from /Page, defaulting to MediaBox
2025-06-08 15:06:30,526 - pdfminer.pdfpage - WARNING - CropBox missing from /Page, defaulting to MediaBox
2025-06-08 15:06:30,526 - pdfminer.pdfpage - WARNING - CropBox missing from /Page, defaulting to MediaBox
2025-06-08 15:06:30,526 - pdfminer.pdfpage - WARNING - CropBox missing from /Page, defaulting to MediaBox
2025-06-08 15:06:30,526 - pdfminer.pdfpage - WARNING - CropBox missing from /Page, defaulting to MediaBox
2025-06-08 15:06:30,526 - pdfminer.pdfpage - WARNING - CropBox missing from /Page, defaulting to MediaBox
2025-06-08 15:06:30,526 - pdfminer.pdfpage - WARNING - CropBox missing from /Page, defaulting to MediaBox
2025-06-08 15:06:30,526 - pdfminer.pdfpage - WARNING - CropBox missing from /Page, defaulting to MediaBox
2025-06-08 15:06:30,527 - pdfminer.pdfpage - WARNING - CropBox missing from /Page, defaulting to MediaBox
2025-06-08 15:06:30,527 - pdfminer.pdfpage - WARNING - CropBox missing from /Page, defaulting to MediaBox
2025-06-08 15:06:30,527 - pdfminer.pdfpage - WARNING - CropBox missing from /Page, defaulting to MediaBox
2025-06-08 15:06:30,527 - pdfminer.pdfpage - WARNING - CropBox missing from /Page, defaulting to MediaBox
2025-06-08 15:06:30,527 - pdfminer.pdfpage - WARNING - CropBox missing from /Page, defaulting to MediaBox
2025-06-08 15:06:30,527 - pdfminer.pdfpage - WARNING - CropBox missing from /Page, defaulting to MediaBox
2025-06-08 15:06:30,527 - pdfminer.pdfpage - WARNING - CropBox missing from /Page, defaulting to MediaBox
2025-06-08 15:06:30,527 - pdfminer.pdfpage - WARNING - CropBox missing from /Page, defaulting to MediaBox
2025-06-08 15:06:30,527 - pdfminer.pdfpage - WARNING - CropBox missing from /Page, defaulting to MediaBox
2025-06-08 15:06:30,528 - pdfminer.pdfpage - WARNING - CropBox missing from /Page, defaulting to MediaBox
2025-06-08 15:06:30,528 - pdfminer.pdfpage - WARNING - CropBox missing from /Page, defaulting to MediaBox
2025-06-08 15:06:30,528 - pdfminer.pdfpage - WARNING - CropBox missing from /Page, defaulting to MediaBox
2025-06-08 15:06:30,528 - pdfminer.pdfpage - WARNING - CropBox missing from /Page, defaulting to MediaBox
2025-06-08 15:06:30,528 - pdfminer.pdfpage - WARNING - CropBox missing from /Page, defaulting to MediaBox
2025-06-08 15:06:30,528 - pdfminer.pdfpage - WARNING - CropBox missing from /Page, defaulting to MediaBox
2025-06-08 15:06:30,528 - pdfminer.pdfpage - WARNING - CropBox missing from /Page, defaulting to MediaBox
2025-06-08 15:06:30,528 - pdfminer.pdfpage - WARNING - CropBox missing from /Page, defaulting to MediaBox
2025-06-08 15:06:30,528 - pdfminer.pdfpage - WARNING - CropBox missing from /Page, defaulting to MediaBox
2025-06-08 15:06:30,528 - pdfminer.pdfpage - WARNING - CropBox missing from /Page, defaulting to MediaBox
2025-06-08 15:06:30,529 - pdfminer.pdfpage - WARNING - CropBox missing from /Page, defaulting to MediaBox
2025-06-08 15:06:30,529 - pdfminer.pdfpage - WARNING - CropBox missing from /Page, defaulting to MediaBox
2025-06-08 15:06:30,529 - pdfminer.pdfpage - WARNING - CropBox missing from /Page, defaulting to MediaBox
2025-06-08 15:06:30,529 - pdfminer.pdfpage - WARNING - CropBox missing from /Page, defaulting to MediaBox
2025-06-08 15:06:30,529 - pdfminer.pdfpage - WARNING - CropBox missing from /Page, defaulting to MediaBox
2025-06-08 15:06:30,529 - pdfminer.pdfpage - WARNING - CropBox missing from /Page, defaulting to MediaBox
2025-06-08 15:06:30,529 - pdfminer.pdfpage - WARNING - CropBox missing from /Page, defaulting to MediaBox
2025-06-08 15:06:30,529 - pdfminer.pdfpage - WARNING - CropBox missing from /Page, defaulting to MediaBox
2025-06-08 15:06:30,529 - pdfminer.pdfpage - WARNING - CropBox missing from /Page, defaulting to MediaBox
2025-06-08 15:06:30,530 - pdfminer.pdfpage - WARNING - CropBox missing from /Page, defaulting to MediaBox
2025-06-08 15:06:30,530 - pdfminer.pdfpage - WARNING - CropBox missing from /Page, defaulting to MediaBox
2025-06-08 15:06:30,530 - pdfminer.pdfpage - WARNING - CropBox missing from /Page, defaulting to MediaBox
2025-06-08 15:06:30,530 - pdfminer.pdfpage - WARNING - CropBox missing from /Page, defaulting to MediaBox
2025-06-08 15:06:30,530 - pdfminer.pdfpage - WARNING - CropBox missing from /Page, defaulting to MediaBox
2025-06-08 15:06:30,530 - pdfminer.pdfpage - WARNING - CropBox missing from /Page, defaulting to MediaBox
2025-06-08 15:06:30,530 - pdfminer.pdfpage - WARNING - CropBox missing from /Page, defaulting to MediaBox
2025-06-08 15:06:30,530 - pdfminer.pdfpage - WARNING - CropBox missing from /Page, defaulting to MediaBox
2025-06-08 15:06:30,530 - pdfminer.pdfpage - WARNING - CropBox missing from /Page, defaulting to MediaBox
2025-06-08 15:06:30,531 - pdfminer.pdfpage - WARNING - CropBox missing from /Page, defaulting to MediaBox
2025-06-08 15:06:30,531 - pdfminer.pdfpage - WARNING - CropBox missing from /Page, defaulting to MediaBox
2025-06-08 15:06:30,531 - pdfminer.pdfpage - WARNING - CropBox missing from /Page, defaulting to MediaBox
2025-06-08 15:06:30,531 - pdfminer.pdfpage - WARNING - CropBox missing from /Page, defaulting to MediaBox
2025-06-08 15:06:30,531 - pdfminer.pdfpage - WARNING - CropBox missing from /Page, defaulting to MediaBox
2025-06-08 15:06:30,531 - pdfminer.pdfpage - WARNING - CropBox missing from /Page, defaulting to MediaBox
2025-06-08 15:06:30,531 - pdfminer.pdfpage - WARNING - CropBox missing from /Page, defaulting to MediaBox
2025-06-08 15:06:30,532 - pdfminer.pdfpage - WARNING - CropBox missing from /Page, defaulting to MediaBox
2025-06-08 15:06:30,532 - pdfminer.pdfpage - WARNING - CropBox missing from /Page, defaulting to MediaBox
2025-06-08 15:06:30,532 - pdfminer.pdfpage - WARNING - CropBox missing from /Page, defaulting to MediaBox
2025-06-08 15:06:30,532 - pdfminer.pdfpage - WARNING - CropBox missing from /Page, defaulting to MediaBox
2025-06-08 15:06:30,532 - pdfminer.pdfpage - WARNING - CropBox missing from /Page, defaulting to MediaBox
2025-06-08 15:06:30,532 - pdfminer.pdfpage - WARNING - CropBox missing from /Page, defaulting to MediaBox
2025-06-08 15:06:30,532 - pdfminer.pdfpage - WARNING - CropBox missing from /Page, defaulting to MediaBox
2025-06-08 15:06:30,532 - pdfminer.pdfpage - WARNING - CropBox missing from /Page, defaulting to MediaBox
2025-06-08 15:06:30,532 - pdfminer.pdfpage - WARNING - CropBox missing from /Page, defaulting to MediaBox
2025-06-08 15:06:30,532 - pdfminer.pdfpage - WARNING - CropBox missing from /Page, defaulting to MediaBox
2025-06-08 15:06:30,533 - pdfminer.pdfpage - WARNING - CropBox missing from /Page, defaulting to MediaBox
2025-06-08 15:06:30,533 - pdfminer.pdfpage - WARNING - CropBox missing from /Page, defaulting to MediaBox
2025-06-08 15:06:30,533 - pdfminer.pdfpage - WARNING - CropBox missing from /Page, defaulting to MediaBox
2025-06-08 15:06:30,533 - pdfminer.pdfpage - WARNING - CropBox missing from /Page, defaulting to MediaBox
2025-06-08 15:06:30,533 - pdfminer.pdfpage - WARNING - CropBox missing from /Page, defaulting to MediaBox
2025-06-08 15:06:30,533 - pdfminer.pdfpage - WARNING - CropBox missing from /Page, defaulting to MediaBox
2025-06-08 15:06:30,533 - pdfminer.pdfpage - WARNING - CropBox missing from /Page, defaulting to MediaBox
2025-06-08 15:06:30,533 - pdfminer.pdfpage - WARNING - CropBox missing from /Page, defaulting to MediaBox
2025-06-08 15:06:30,533 - pdfminer.pdfpage - WARNING - CropBox missing from /Page, defaulting to MediaBox
2025-06-08 15:06:30,533 - pdfminer.pdfpage - WARNING - CropBox missing from /Page, defaulting to MediaBox
2025-06-08 15:06:30,534 - pdfminer.pdfpage - WARNING - CropBox missing from /Page, defaulting to MediaBox
2025-06-08 15:06:30,534 - pdfminer.pdfpage - WARNING - CropBox missing from /Page, defaulting to MediaBox
2025-06-08 15:06:30,534 - pdfminer.pdfpage - WARNING - CropBox missing from /Page, defaulting to MediaBox
2025-06-08 15:06:30,534 - pdfminer.pdfpage - WARNING - CropBox missing from /Page, defaulting to MediaBox
2025-06-08 15:06:30,534 - pdfminer.pdfpage - WARNING - CropBox missing from /Page, defaulting to MediaBox
2025-06-08 15:06:30,534 - pdfminer.pdfpage - WARNING - CropBox missing from /Page, defaulting to MediaBox
2025-06-08 15:06:30,534 - pdfminer.pdfpage - WARNING - CropBox missing from /Page, defaulting to MediaBox
2025-06-08 15:06:30,534 - pdfminer.pdfpage - WARNING - CropBox missing from /Page, defaulting to MediaBox
2025-06-08 15:06:30,534 - pdfminer.pdfpage - WARNING - CropBox missing from /Page, defaulting to MediaBox
2025-06-08 15:06:30,535 - pdfminer.pdfpage - WARNING - CropBox missing from /Page, defaulting to MediaBox
2025-06-08 15:06:30,535 - pdfminer.pdfpage - WARNING - CropBox missing from /Page, defaulting to MediaBox
2025-06-08 15:06:30,535 - pdfminer.pdfpage - WARNING - CropBox missing from /Page, defaulting to MediaBox
2025-06-08 15:06:30,535 - pdfminer.pdfpage - WARNING - CropBox missing from /Page, defaulting to MediaBox
2025-06-08 15:06:30,535 - pdfminer.pdfpage - WARNING - CropBox missing from /Page, defaulting to MediaBox
2025-06-08 15:06:30,535 - pdfminer.pdfpage - WARNING - CropBox missing from /Page, defaulting to MediaBox
2025-06-08 15:06:30,535 - pdfminer.pdfpage - WARNING - CropBox missing from /Page, defaulting to MediaBox
2025-06-08 15:06:30,536 - pdfminer.pdfpage - WARNING - CropBox missing from /Page, defaulting to MediaBox
2025-06-08 15:06:30,536 - pdfminer.pdfpage - WARNING - CropBox missing from /Page, defaulting to MediaBox
2025-06-08 15:06:30,536 - pdfminer.pdfpage - WARNING - CropBox missing from /Page, defaulting to MediaBox
2025-06-08 15:06:30,536 - pdfminer.pdfpage - WARNING - CropBox missing from /Page, defaulting to MediaBox
2025-06-08 15:06:30,536 - pdfminer.pdfpage - WARNING - CropBox missing from /Page, defaulting to MediaBox
2025-06-08 15:06:30,536 - pdfminer.pdfpage - WARNING - CropBox missing from /Page, defaulting to MediaBox
2025-06-08 15:06:30,536 - pdfminer.pdfpage - WARNING - CropBox missing from /Page, defaulting to MediaBox
2025-06-08 15:06:30,536 - pdfminer.pdfpage - WARNING - CropBox missing from /Page, defaulting to MediaBox
2025-06-08 15:06:30,537 - pdfminer.pdfpage - WARNING - CropBox missing from /Page, defaulting to MediaBox
2025-06-08 15:06:30,537 - pdfminer.pdfpage - WARNING - CropBox missing from /Page, defaulting to MediaBox
2025-06-08 15:06:30,537 - pdfminer.pdfpage - WARNING - CropBox missing from /Page, defaulting to MediaBox
2025-06-08 15:06:30,537 - pdfminer.pdfpage - WARNING - CropBox missing from /Page, defaulting to MediaBox
2025-06-08 15:06:30,537 - pdfminer.pdfpage - WARNING - CropBox missing from /Page, defaulting to MediaBox
2025-06-08 15:06:30,537 - pdfminer.pdfpage - WARNING - CropBox missing from /Page, defaulting to MediaBox
2025-06-08 15:06:30,537 - pdfminer.pdfpage - WARNING - CropBox missing from /Page, defaulting to MediaBox
2025-06-08 15:06:30,537 - pdfminer.pdfpage - WARNING - CropBox missing from /Page, defaulting to MediaBox
2025-06-08 15:06:30,537 - pdfminer.pdfpage - WARNING - CropBox missing from /Page, defaulting to MediaBox
2025-06-08 15:06:30,538 - pdfminer.pdfpage - WARNING - CropBox missing from /Page, defaulting to MediaBox
2025-06-08 15:06:30,538 - pdfminer.pdfpage - WARNING - CropBox missing from /Page, defaulting to MediaBox
2025-06-08 15:06:30,538 - pdfminer.pdfpage - WARNING - CropBox missing from /Page, defaulting to MediaBox
2025-06-08 15:06:30,538 - pdfminer.pdfpage - WARNING - CropBox missing from /Page, defaulting to MediaBox
2025-06-08 15:06:30,538 - pdfminer.pdfpage - WARNING - CropBox missing from /Page, defaulting to MediaBox
2025-06-08 15:06:30,538 - pdfminer.pdfpage - WARNING - CropBox missing from /Page, defaulting to MediaBox
2025-06-08 15:06:30,538 - pdfminer.pdfpage - WARNING - CropBox missing from /Page, defaulting to MediaBox
2025-06-08 15:06:30,538 - pdfminer.pdfpage - WARNING - CropBox missing from /Page, defaulting to MediaBox
2025-06-08 15:06:30,538 - pdfminer.pdfpage - WARNING - CropBox missing from /Page, defaulting to MediaBox
2025-06-08 15:06:30,538 - pdfminer.pdfpage - WARNING - CropBox missing from /Page, defaulting to MediaBox
2025-06-08 15:06:30,539 - pdfminer.pdfpage - WARNING - CropBox missing from /Page, defaulting to MediaBox
2025-06-08 15:06:30,539 - pdfminer.pdfpage - WARNING - CropBox missing from /Page, defaulting to MediaBox
2025-06-08 15:06:30,539 - pdfminer.pdfpage - WARNING - CropBox missing from /Page, defaulting to MediaBox
2025-06-08 15:06:30,539 - pdfminer.pdfpage - WARNING - CropBox missing from /Page, defaulting to MediaBox
2025-06-08 15:06:30,539 - pdfminer.pdfpage - WARNING - CropBox missing from /Page, defaulting to MediaBox
2025-06-08 15:06:30,539 - pdfminer.pdfpage - WARNING - CropBox missing from /Page, defaulting to MediaBox
2025-06-08 15:06:30,539 - pdfminer.pdfpage - WARNING - CropBox missing from /Page, defaulting to MediaBox
2025-06-08 15:06:30,539 - pdfminer.pdfpage - WARNING - CropBox missing from /Page, defaulting to MediaBox
2025-06-08 15:06:30,540 - pdfminer.pdfpage - WARNING - CropBox missing from /Page, defaulting to MediaBox
2025-06-08 15:06:30,540 - pdfminer.pdfpage - WARNING - CropBox missing from /Page, defaulting to MediaBox
2025-06-08 15:06:30,540 - pdfminer.pdfpage - WARNING - CropBox missing from /Page, defaulting to MediaBox
2025-06-08 15:06:30,540 - pdfminer.pdfpage - WARNING - CropBox missing from /Page, defaulting to MediaBox
2025-06-08 15:06:30,540 - pdfminer.pdfpage - WARNING - CropBox missing from /Page, defaulting to MediaBox
2025-06-08 15:06:30,540 - pdfminer.pdfpage - WARNING - CropBox missing from /Page, defaulting to MediaBox
2025-06-08 15:06:30,540 - pdfminer.pdfpage - WARNING - CropBox missing from /Page, defaulting to MediaBox
2025-06-08 15:06:30,540 - pdfminer.pdfpage - WARNING - CropBox missing from /Page, defaulting to MediaBox
2025-06-08 15:06:30,540 - pdfminer.pdfpage - WARNING - CropBox missing from /Page, defaulting to MediaBox
2025-06-08 15:06:30,540 - pdfminer.pdfpage - WARNING - CropBox missing from /Page, defaulting to MediaBox
2025-06-08 15:06:30,541 - pdfminer.pdfpage - WARNING - CropBox missing from /Page, defaulting to MediaBox
2025-06-08 15:06:30,541 - pdfminer.pdfpage - WARNING - CropBox missing from /Page, defaulting to MediaBox
2025-06-08 15:06:30,541 - pdfminer.pdfpage - WARNING - CropBox missing from /Page, defaulting to MediaBox
2025-06-08 15:06:30,541 - pdfminer.pdfpage - WARNING - CropBox missing from /Page, defaulting to MediaBox
2025-06-08 15:06:30,541 - pdfminer.pdfpage - WARNING - CropBox missing from /Page, defaulting to MediaBox
2025-06-08 15:06:30,541 - pdfminer.pdfpage - WARNING - CropBox missing from /Page, defaulting to MediaBox
2025-06-08 15:06:30,541 - pdfminer.pdfpage - WARNING - CropBox missing from /Page, defaulting to MediaBox
2025-06-08 15:06:30,541 - pdfminer.pdfpage - WARNING - CropBox missing from /Page, defaulting to MediaBox
2025-06-08 15:06:30,541 - pdfminer.pdfpage - WARNING - CropBox missing from /Page, defaulting to MediaBox
2025-06-08 15:06:30,542 - pdfminer.pdfpage - WARNING - CropBox missing from /Page, defaulting to MediaBox
2025-06-08 15:06:30,542 - pdfminer.pdfpage - WARNING - CropBox missing from /Page, defaulting to MediaBox
2025-06-08 15:06:30,542 - pdfminer.pdfpage - WARNING - CropBox missing from /Page, defaulting to MediaBox
2025-06-08 15:06:30,542 - pdfminer.pdfpage - WARNING - CropBox missing from /Page, defaulting to MediaBox
2025-06-08 15:06:30,542 - pdfminer.pdfpage - WARNING - CropBox missing from /Page, defaulting to MediaBox
2025-06-08 15:06:30,542 - pdfminer.pdfpage - WARNING - CropBox missing from /Page, defaulting to MediaBox
2025-06-08 15:06:30,542 - pdfminer.pdfpage - WARNING - CropBox missing from /Page, defaulting to MediaBox
2025-06-08 15:06:30,542 - pdfminer.pdfpage - WARNING - CropBox missing from /Page, defaulting to MediaBox
2025-06-08 15:06:30,542 - pdfminer.pdfpage - WARNING - CropBox missing from /Page, defaulting to MediaBox
2025-06-08 15:06:30,543 - pdfminer.pdfpage - WARNING - CropBox missing from /Page, defaulting to MediaBox
2025-06-08 15:06:30,543 - pdfminer.pdfpage - WARNING - CropBox missing from /Page, defaulting to MediaBox
2025-06-08 15:06:30,543 - pdfminer.pdfpage - WARNING - CropBox missing from /Page, defaulting to MediaBox
2025-06-08 15:06:30,543 - pdfminer.pdfpage - WARNING - CropBox missing from /Page, defaulting to MediaBox
2025-06-08 15:06:30,543 - pdfminer.pdfpage - WARNING - CropBox missing from /Page, defaulting to MediaBox
2025-06-08 15:06:30,543 - pdfminer.pdfpage - WARNING - CropBox missing from /Page, defaulting to MediaBox
2025-06-08 15:06:30,543 - pdfminer.pdfpage - WARNING - CropBox missing from /Page, defaulting to MediaBox
2025-06-08 15:06:30,543 - pdfminer.pdfpage - WARNING - CropBox missing from /Page, defaulting to MediaBox
2025-06-08 15:06:30,544 - pdfminer.pdfpage - WARNING - CropBox missing from /Page, defaulting to MediaBox
2025-06-08 15:06:30,544 - pdfminer.pdfpage - WARNING - CropBox missing from /Page, defaulting to MediaBox
2025-06-08 15:06:30,544 - pdfminer.pdfpage - WARNING - CropBox missing from /Page, defaulting to MediaBox
2025-06-08 15:06:30,544 - pdfminer.pdfpage - WARNING - CropBox missing from /Page, defaulting to MediaBox
2025-06-08 15:06:30,544 - pdfminer.pdfpage - WARNING - CropBox missing from /Page, defaulting to MediaBox
2025-06-08 15:06:30,544 - pdfminer.pdfpage - WARNING - CropBox missing from /Page, defaulting to MediaBox
2025-06-08 15:06:30,544 - pdfminer.pdfpage - WARNING - CropBox missing from /Page, defaulting to MediaBox
2025-06-08 15:06:30,544 - pdfminer.pdfpage - WARNING - CropBox missing from /Page, defaulting to MediaBox
2025-06-08 15:06:30,544 - pdfminer.pdfpage - WARNING - CropBox missing from /Page, defaulting to MediaBox
2025-06-08 15:06:30,544 - pdfminer.pdfpage - WARNING - CropBox missing from /Page, defaulting to MediaBox
2025-06-08 15:06:30,545 - pdfminer.pdfpage - WARNING - CropBox missing from /Page, defaulting to MediaBox
2025-06-08 15:06:30,545 - pdfminer.pdfpage - WARNING - CropBox missing from /Page, defaulting to MediaBox
2025-06-08 15:06:30,545 - pdfminer.pdfpage - WARNING - CropBox missing from /Page, defaulting to MediaBox
2025-06-08 15:06:30,545 - pdfminer.pdfpage - WARNING - CropBox missing from /Page, defaulting to MediaBox
2025-06-08 15:06:30,545 - pdfminer.pdfpage - WARNING - CropBox missing from /Page, defaulting to MediaBox
2025-06-08 15:06:30,545 - pdfminer.pdfpage - WARNING - CropBox missing from /Page, defaulting to MediaBox
2025-06-08 15:06:30,545 - pdfminer.pdfpage - WARNING - CropBox missing from /Page, defaulting to MediaBox
2025-06-08 15:06:30,545 - pdfminer.pdfpage - WARNING - CropBox missing from /Page, defaulting to MediaBox
2025-06-08 15:06:30,545 - pdfminer.pdfpage - WARNING - CropBox missing from /Page, defaulting to MediaBox
2025-06-08 15:06:30,546 - pdfminer.pdfpage - WARNING - CropBox missing from /Page, defaulting to MediaBox
2025-06-08 15:06:30,546 - pdfminer.pdfpage - WARNING - CropBox missing from /Page, defaulting to MediaBox
2025-06-08 15:06:30,546 - pdfminer.pdfpage - WARNING - CropBox missing from /Page, defaulting to MediaBox
2025-06-08 15:06:30,546 - pdfminer.pdfpage - WARNING - CropBox missing from /Page, defaulting to MediaBox
2025-06-08 15:06:30,546 - pdfminer.pdfpage - WARNING - CropBox missing from /Page, defaulting to MediaBox
2025-06-08 15:06:30,546 - pdfminer.pdfpage - WARNING - CropBox missing from /Page, defaulting to MediaBox
2025-06-08 15:06:30,546 - pdfminer.pdfpage - WARNING - CropBox missing from /Page, defaulting to MediaBox
2025-06-08 15:06:30,546 - pdfminer.pdfpage - WARNING - CropBox missing from /Page, defaulting to MediaBox
2025-06-08 15:06:30,546 - pdfminer.pdfpage - WARNING - CropBox missing from /Page, defaulting to MediaBox
2025-06-08 15:06:30,546 - pdfminer.pdfpage - WARNING - CropBox missing from /Page, defaulting to MediaBox
2025-06-08 15:06:30,547 - pdfminer.pdfpage - WARNING - CropBox missing from /Page, defaulting to MediaBox
2025-06-08 15:06:30,547 - pdfminer.pdfpage - WARNING - CropBox missing from /Page, defaulting to MediaBox
2025-06-08 15:06:30,547 - pdfminer.pdfpage - WARNING - CropBox missing from /Page, defaulting to MediaBox
2025-06-08 15:06:30,547 - pdfminer.pdfpage - WARNING - CropBox missing from /Page, defaulting to MediaBox
2025-06-08 15:06:30,547 - pdfminer.pdfpage - WARNING - CropBox missing from /Page, defaulting to MediaBox
2025-06-08 15:06:30,547 - pdfminer.pdfpage - WARNING - CropBox missing from /Page, defaulting to MediaBox
2025-06-08 15:06:30,547 - pdfminer.pdfpage - WARNING - CropBox missing from /Page, defaulting to MediaBox
2025-06-08 15:06:30,547 - pdfminer.pdfpage - WARNING - CropBox missing from /Page, defaulting to MediaBox
2025-06-08 15:06:30,548 - pdfminer.pdfpage - WARNING - CropBox missing from /Page, defaulting to MediaBox
2025-06-08 15:06:30,548 - pdfminer.pdfpage - WARNING - CropBox missing from /Page, defaulting to MediaBox
2025-06-08 15:06:30,548 - pdfminer.pdfpage - WARNING - CropBox missing from /Page, defaulting to MediaBox
2025-06-08 15:06:30,548 - pdfminer.pdfpage - WARNING - CropBox missing from /Page, defaulting to MediaBox
2025-06-08 15:06:30,548 - pdfminer.pdfpage - WARNING - CropBox missing from /Page, defaulting to MediaBox
2025-06-08 15:06:30,548 - pdfminer.pdfpage - WARNING - CropBox missing from /Page, defaulting to MediaBox
2025-06-08 15:06:30,548 - pdfminer.pdfpage - WARNING - CropBox missing from /Page, defaulting to MediaBox
2025-06-08 15:06:30,549 - pdfminer.pdfpage - WARNING - CropBox missing from /Page, defaulting to MediaBox
2025-06-08 15:06:30,549 - pdfminer.pdfpage - WARNING - CropBox missing from /Page, defaulting to MediaBox
2025-06-08 15:06:30,549 - pdfminer.pdfpage - WARNING - CropBox missing from /Page, defaulting to MediaBox
2025-06-08 15:06:30,549 - pdfminer.pdfpage - WARNING - CropBox missing from /Page, defaulting to MediaBox
2025-06-08 15:06:30,549 - pdfminer.pdfpage - WARNING - CropBox missing from /Page, defaulting to MediaBox
2025-06-08 15:06:30,549 - pdfminer.pdfpage - WARNING - CropBox missing from /Page, defaulting to MediaBox
2025-06-08 15:06:30,549 - pdfminer.pdfpage - WARNING - CropBox missing from /Page, defaulting to MediaBox
2025-06-08 15:06:30,549 - pdfminer.pdfpage - WARNING - CropBox missing from /Page, defaulting to MediaBox
2025-06-08 15:06:30,549 - pdfminer.pdfpage - WARNING - CropBox missing from /Page, defaulting to MediaBox
2025-06-08 15:06:30,549 - pdfminer.pdfpage - WARNING - CropBox missing from /Page, defaulting to MediaBox
2025-06-08 15:06:30,550 - pdfminer.pdfpage - WARNING - CropBox missing from /Page, defaulting to MediaBox
2025-06-08 15:06:30,550 - pdfminer.pdfpage - WARNING - CropBox missing from /Page, defaulting to MediaBox
2025-06-08 15:06:30,550 - pdfminer.pdfpage - WARNING - CropBox missing from /Page, defaulting to MediaBox
2025-06-08 15:06:30,550 - pdfminer.pdfpage - WARNING - CropBox missing from /Page, defaulting to MediaBox
2025-06-08 15:06:30,550 - pdfminer.pdfpage - WARNING - CropBox missing from /Page, defaulting to MediaBox
2025-06-08 15:06:30,550 - pdfminer.pdfpage - WARNING - CropBox missing from /Page, defaulting to MediaBox
2025-06-08 15:06:30,550 - pdfminer.pdfpage - WARNING - CropBox missing from /Page, defaulting to MediaBox
2025-06-08 15:06:30,550 - pdfminer.pdfpage - WARNING - CropBox missing from /Page, defaulting to MediaBox
2025-06-08 15:06:30,550 - pdfminer.pdfpage - WARNING - CropBox missing from /Page, defaulting to MediaBox
2025-06-08 15:06:30,550 - pdfminer.pdfpage - WARNING - CropBox missing from /Page, defaulting to MediaBox
2025-06-08 15:06:30,551 - pdf_extractor - INFO - Extração concluída. 10259 notas fiscais encontradas.
2025-06-08 15:06:30,587 - data_processor - INFO - Iniciando processamento dos dados...
2025-06-08 15:06:30,588 - data_processor - INFO - Limpando nomes de tomador...
2025-06-08 15:06:30,592 - data_processor - INFO - Encontrados 90 registros com '50 BATALHÃO' no nome do tomador
2025-06-08 15:06:30,596 - data_processor - INFO - Corrigindo alíquota para 90 linhas com BATALHÃO DE INFANTARIA
2025-06-08 15:06:30,634 - data_processor - INFO - Após limpeza: 0 registros com '50 BATALHÃO' no nome do tomador
2025-06-08 15:06:30,645 - data_processor - INFO - Competências únicas encontradas: ['01/2022' '02/2022' '03/2022' '04/2022' '05/2022' '06/2022' '07/2022'
 '08/2022' '09/2022' '10/2022' '11/2022' '12/2022' '01/2023' '02/2023'
 '03/2023' '04/2023' '05/2023' '06/2023' '07/2023' '08/2023' '09/2023'
 '10/2023' '11/2023' '12/2023' '01/2024' '02/2024' '03/2024' '04/2024'
 '05/2024' '06/2024' '07/2024' '08/2024' '09/2024' '10/2024' '11/2024'
 '12/2024' '01/2025' '02/2025' '03/2025' '04/2025']
2025-06-08 15:06:30,645 - data_processor - INFO - Competência '01/2022' reconhecida com padrão '\b(\d{2})/(\d{4})\b': mês=1, ano=2022
2025-06-08 15:06:30,646 - data_processor - INFO - Atribuídos valores Mês=1, Ano=2022 para 388 linhas com competência '01/2022'
2025-06-08 15:06:30,646 - data_processor - INFO - Competência '02/2022' reconhecida com padrão '\b(\d{2})/(\d{4})\b': mês=2, ano=2022
2025-06-08 15:06:30,647 - data_processor - INFO - Atribuídos valores Mês=2, Ano=2022 para 256 linhas com competência '02/2022'
2025-06-08 15:06:30,648 - data_processor - INFO - Competência '03/2022' reconhecida com padrão '\b(\d{2})/(\d{4})\b': mês=3, ano=2022
2025-06-08 15:06:30,649 - data_processor - INFO - Atribuídos valores Mês=3, Ano=2022 para 207 linhas com competência '03/2022'
2025-06-08 15:06:30,649 - data_processor - INFO - Competência '04/2022' reconhecida com padrão '\b(\d{2})/(\d{4})\b': mês=4, ano=2022
2025-06-08 15:06:30,650 - data_processor - INFO - Atribuídos valores Mês=4, Ano=2022 para 155 linhas com competência '04/2022'
2025-06-08 15:06:30,650 - data_processor - INFO - Competência '05/2022' reconhecida com padrão '\b(\d{2})/(\d{4})\b': mês=5, ano=2022
2025-06-08 15:06:30,651 - data_processor - INFO - Atribuídos valores Mês=5, Ano=2022 para 204 linhas com competência '05/2022'
2025-06-08 15:06:30,652 - data_processor - INFO - Competência '06/2022' reconhecida com padrão '\b(\d{2})/(\d{4})\b': mês=6, ano=2022
2025-06-08 15:06:30,653 - data_processor - INFO - Atribuídos valores Mês=6, Ano=2022 para 228 linhas com competência '06/2022'
2025-06-08 15:06:30,653 - data_processor - INFO - Competência '07/2022' reconhecida com padrão '\b(\d{2})/(\d{4})\b': mês=7, ano=2022
2025-06-08 15:06:30,654 - data_processor - INFO - Atribuídos valores Mês=7, Ano=2022 para 261 linhas com competência '07/2022'
2025-06-08 15:06:30,654 - data_processor - INFO - Competência '08/2022' reconhecida com padrão '\b(\d{2})/(\d{4})\b': mês=8, ano=2022
2025-06-08 15:06:30,655 - data_processor - INFO - Atribuídos valores Mês=8, Ano=2022 para 301 linhas com competência '08/2022'
2025-06-08 15:06:30,655 - data_processor - INFO - Competência '09/2022' reconhecida com padrão '\b(\d{2})/(\d{4})\b': mês=9, ano=2022
2025-06-08 15:06:30,657 - data_processor - INFO - Atribuídos valores Mês=9, Ano=2022 para 286 linhas com competência '09/2022'
2025-06-08 15:06:30,657 - data_processor - INFO - Competência '10/2022' reconhecida com padrão '\b(\d{2})/(\d{4})\b': mês=10, ano=2022
2025-06-08 15:06:30,658 - data_processor - INFO - Atribuídos valores Mês=10, Ano=2022 para 222 linhas com competência '10/2022'
2025-06-08 15:06:30,658 - data_processor - INFO - Competência '11/2022' reconhecida com padrão '\b(\d{2})/(\d{4})\b': mês=11, ano=2022
2025-06-08 15:06:30,659 - data_processor - INFO - Atribuídos valores Mês=11, Ano=2022 para 110 linhas com competência '11/2022'
2025-06-08 15:06:30,659 - data_processor - INFO - Competência '12/2022' reconhecida com padrão '\b(\d{2})/(\d{4})\b': mês=12, ano=2022
2025-06-08 15:06:30,660 - data_processor - INFO - Atribuídos valores Mês=12, Ano=2022 para 318 linhas com competência '12/2022'
2025-06-08 15:06:30,660 - data_processor - INFO - Competência '01/2023' reconhecida com padrão '\b(\d{2})/(\d{4})\b': mês=1, ano=2023
2025-06-08 15:06:30,661 - data_processor - INFO - Atribuídos valores Mês=1, Ano=2023 para 237 linhas com competência '01/2023'
2025-06-08 15:06:30,662 - data_processor - INFO - Competência '02/2023' reconhecida com padrão '\b(\d{2})/(\d{4})\b': mês=2, ano=2023
2025-06-08 15:06:30,663 - data_processor - INFO - Atribuídos valores Mês=2, Ano=2023 para 228 linhas com competência '02/2023'
2025-06-08 15:06:30,663 - data_processor - INFO - Competência '03/2023' reconhecida com padrão '\b(\d{2})/(\d{4})\b': mês=3, ano=2023
2025-06-08 15:06:30,664 - data_processor - INFO - Atribuídos valores Mês=3, Ano=2023 para 276 linhas com competência '03/2023'
2025-06-08 15:06:30,664 - data_processor - INFO - Competência '04/2023' reconhecida com padrão '\b(\d{2})/(\d{4})\b': mês=4, ano=2023
2025-06-08 15:06:30,665 - data_processor - INFO - Atribuídos valores Mês=4, Ano=2023 para 264 linhas com competência '04/2023'
2025-06-08 15:06:30,665 - data_processor - INFO - Competência '05/2023' reconhecida com padrão '\b(\d{2})/(\d{4})\b': mês=5, ano=2023
2025-06-08 15:06:30,666 - data_processor - INFO - Atribuídos valores Mês=5, Ano=2023 para 247 linhas com competência '05/2023'
2025-06-08 15:06:30,666 - data_processor - INFO - Competência '06/2023' reconhecida com padrão '\b(\d{2})/(\d{4})\b': mês=6, ano=2023
2025-06-08 15:06:30,667 - data_processor - INFO - Atribuídos valores Mês=6, Ano=2023 para 246 linhas com competência '06/2023'
2025-06-08 15:06:30,667 - data_processor - INFO - Competência '07/2023' reconhecida com padrão '\b(\d{2})/(\d{4})\b': mês=7, ano=2023
2025-06-08 15:06:30,668 - data_processor - INFO - Atribuídos valores Mês=7, Ano=2023 para 234 linhas com competência '07/2023'
2025-06-08 15:06:30,669 - data_processor - INFO - Competência '08/2023' reconhecida com padrão '\b(\d{2})/(\d{4})\b': mês=8, ano=2023
2025-06-08 15:06:30,670 - data_processor - INFO - Atribuídos valores Mês=8, Ano=2023 para 224 linhas com competência '08/2023'
2025-06-08 15:06:30,670 - data_processor - INFO - Competência '09/2023' reconhecida com padrão '\b(\d{2})/(\d{4})\b': mês=9, ano=2023
2025-06-08 15:06:30,671 - data_processor - INFO - Atribuídos valores Mês=9, Ano=2023 para 256 linhas com competência '09/2023'
2025-06-08 15:06:30,671 - data_processor - INFO - Competência '10/2023' reconhecida com padrão '\b(\d{2})/(\d{4})\b': mês=10, ano=2023
2025-06-08 15:06:30,672 - data_processor - INFO - Atribuídos valores Mês=10, Ano=2023 para 317 linhas com competência '10/2023'
2025-06-08 15:06:30,672 - data_processor - INFO - Competência '11/2023' reconhecida com padrão '\b(\d{2})/(\d{4})\b': mês=11, ano=2023
2025-06-08 15:06:30,673 - data_processor - INFO - Atribuídos valores Mês=11, Ano=2023 para 306 linhas com competência '11/2023'
2025-06-08 15:06:30,674 - data_processor - INFO - Competência '12/2023' reconhecida com padrão '\b(\d{2})/(\d{4})\b': mês=12, ano=2023
2025-06-08 15:06:30,675 - data_processor - INFO - Atribuídos valores Mês=12, Ano=2023 para 315 linhas com competência '12/2023'
2025-06-08 15:06:30,675 - data_processor - INFO - Competência '01/2024' reconhecida com padrão '\b(\d{2})/(\d{4})\b': mês=1, ano=2024
2025-06-08 15:06:30,676 - data_processor - INFO - Atribuídos valores Mês=1, Ano=2024 para 302 linhas com competência '01/2024'
2025-06-08 15:06:30,676 - data_processor - INFO - Competência '02/2024' reconhecida com padrão '\b(\d{2})/(\d{4})\b': mês=2, ano=2024
2025-06-08 15:06:30,677 - data_processor - INFO - Atribuídos valores Mês=2, Ano=2024 para 297 linhas com competência '02/2024'
2025-06-08 15:06:30,677 - data_processor - INFO - Competência '03/2024' reconhecida com padrão '\b(\d{2})/(\d{4})\b': mês=3, ano=2024
2025-06-08 15:06:30,678 - data_processor - INFO - Atribuídos valores Mês=3, Ano=2024 para 348 linhas com competência '03/2024'
2025-06-08 15:06:30,678 - data_processor - INFO - Competência '04/2024' reconhecida com padrão '\b(\d{2})/(\d{4})\b': mês=4, ano=2024
2025-06-08 15:06:30,680 - data_processor - INFO - Atribuídos valores Mês=4, Ano=2024 para 289 linhas com competência '04/2024'
2025-06-08 15:06:30,680 - data_processor - INFO - Competência '05/2024' reconhecida com padrão '\b(\d{2})/(\d{4})\b': mês=5, ano=2024
2025-06-08 15:06:30,681 - data_processor - INFO - Atribuídos valores Mês=5, Ano=2024 para 341 linhas com competência '05/2024'
2025-06-08 15:06:30,681 - data_processor - INFO - Competência '06/2024' reconhecida com padrão '\b(\d{2})/(\d{4})\b': mês=6, ano=2024
2025-06-08 15:06:30,682 - data_processor - INFO - Atribuídos valores Mês=6, Ano=2024 para 272 linhas com competência '06/2024'
2025-06-08 15:06:30,682 - data_processor - INFO - Competência '07/2024' reconhecida com padrão '\b(\d{2})/(\d{4})\b': mês=7, ano=2024
2025-06-08 15:06:30,683 - data_processor - INFO - Atribuídos valores Mês=7, Ano=2024 para 345 linhas com competência '07/2024'
2025-06-08 15:06:30,683 - data_processor - INFO - Competência '08/2024' reconhecida com padrão '\b(\d{2})/(\d{4})\b': mês=8, ano=2024
2025-06-08 15:06:30,684 - data_processor - INFO - Atribuídos valores Mês=8, Ano=2024 para 341 linhas com competência '08/2024'
2025-06-08 15:06:30,684 - data_processor - INFO - Competência '09/2024' reconhecida com padrão '\b(\d{2})/(\d{4})\b': mês=9, ano=2024
2025-06-08 15:06:30,686 - data_processor - INFO - Atribuídos valores Mês=9, Ano=2024 para 303 linhas com competência '09/2024'
2025-06-08 15:06:30,686 - data_processor - INFO - Competência '10/2024' reconhecida com padrão '\b(\d{2})/(\d{4})\b': mês=10, ano=2024
2025-06-08 15:06:30,687 - data_processor - INFO - Atribuídos valores Mês=10, Ano=2024 para 353 linhas com competência '10/2024'
2025-06-08 15:06:30,687 - data_processor - INFO - Competência '11/2024' reconhecida com padrão '\b(\d{2})/(\d{4})\b': mês=11, ano=2024
2025-06-08 15:06:30,688 - data_processor - INFO - Atribuídos valores Mês=11, Ano=2024 para 330 linhas com competência '11/2024'
2025-06-08 15:06:30,688 - data_processor - INFO - Competência '12/2024' reconhecida com padrão '\b(\d{2})/(\d{4})\b': mês=12, ano=2024
2025-06-08 15:06:30,689 - data_processor - INFO - Atribuídos valores Mês=12, Ano=2024 para 366 linhas com competência '12/2024'
2025-06-08 15:06:30,689 - data_processor - INFO - Competência '01/2025' reconhecida com padrão '\b(\d{2})/(\d{4})\b': mês=1, ano=2025
2025-06-08 15:06:30,690 - data_processor - INFO - Atribuídos valores Mês=1, Ano=2025 para 143 linhas com competência '01/2025'
2025-06-08 15:06:30,690 - data_processor - INFO - Competência '02/2025' reconhecida com padrão '\b(\d{2})/(\d{4})\b': mês=2, ano=2025
2025-06-08 15:06:30,691 - data_processor - INFO - Atribuídos valores Mês=2, Ano=2025 para 86 linhas com competência '02/2025'
2025-06-08 15:06:30,692 - data_processor - INFO - Competência '03/2025' reconhecida com padrão '\b(\d{2})/(\d{4})\b': mês=3, ano=2025
2025-06-08 15:06:30,693 - data_processor - INFO - Atribuídos valores Mês=3, Ano=2025 para 43 linhas com competência '03/2025'
2025-06-08 15:06:30,693 - data_processor - INFO - Competência '04/2025' reconhecida com padrão '\b(\d{2})/(\d{4})\b': mês=4, ano=2025
2025-06-08 15:06:30,694 - data_processor - INFO - Atribuídos valores Mês=4, Ano=2025 para 14 linhas com competência '04/2025'
2025-06-08 15:06:30,695 - data_processor - INFO - Valores únicos de mês extraídos: [1.0 2.0 3.0 4.0 5.0 6.0 7.0 8.0 9.0 10.0 11.0 12.0]
2025-06-08 15:06:30,695 - data_processor - INFO - Valores únicos de ano extraídos: [2022.0 2023.0 2024.0 2025.0]
2025-06-08 15:06:30,696 - data_processor - INFO - Total de linhas com mês/ano atribuídos: 10259 de 10259
2025-06-08 15:06:30,708 - data_processor - INFO - Processamento de dados concluído.
2025-06-08 15:06:30,709 - main - INFO - Aplicando filtro: Ano=2022, Meses de 1 a 2
2025-06-08 15:06:30,712 - data_processor - INFO - Iniciando filtragem por competência: Ano=2022, Mês Inicial=1, Mês Final=2
2025-06-08 15:06:30,712 - data_processor - INFO - DataFrame original: 10259 linhas
2025-06-08 15:06:30,712 - data_processor - INFO - Competências únicas antes da filtragem: ['01/2022' '02/2022' '03/2022' '04/2022' '05/2022' '06/2022' '07/2022'
 '08/2022' '09/2022' '10/2022' '11/2022' '12/2022' '01/2023' '02/2023'
 '03/2023' '04/2023' '05/2023' '06/2023' '07/2023' '08/2023' '09/2023'
 '10/2023' '11/2023' '12/2023' '01/2024' '02/2024' '03/2024' '04/2024'
 '05/2024' '06/2024' '07/2024' '08/2024' '09/2024' '10/2024' '11/2024'
 '12/2024' '01/2025' '02/2025' '03/2025' '04/2025']
2025-06-08 15:06:30,713 - data_processor - INFO - Valores únicos de mês antes da filtragem: [1.0 2.0 3.0 4.0 5.0 6.0 7.0 8.0 9.0 10.0 11.0 12.0]
2025-06-08 15:06:30,713 - data_processor - INFO - Valores únicos de ano antes da filtragem: [2022.0 2023.0 2024.0 2025.0]
2025-06-08 15:06:30,715 - data_processor - INFO - Filtrando por intervalo de meses: de 1 a 2
2025-06-08 15:06:30,717 - data_processor - INFO - Após filtrar por intervalo de meses: 1937 linhas restantes
2025-06-08 15:06:30,717 - data_processor - INFO - Filtrando por ano: 2022
2025-06-08 15:06:30,717 - data_processor - INFO - Número de linhas com Ano=2022 antes da filtragem: 644
2025-06-08 15:06:30,718 - data_processor - INFO - Após filtrar por ano=2022: 644 linhas restantes
2025-06-08 15:06:30,718 - data_processor - INFO - Número de linhas após filtragem completa: 644
2025-06-08 15:06:30,718 - data_processor - INFO - Competências únicas após filtragem: ['01/2022' '02/2022']
2025-06-08 15:06:30,718 - data_processor - INFO - Valores únicos de mês após filtragem: [1.0 2.0]
2025-06-08 15:06:30,719 - data_processor - INFO - Valores únicos de ano após filtragem: [2022.0]
2025-06-08 15:06:30,720 - main - INFO - Excluindo notas fiscais canceladas
2025-06-08 15:06:30,720 - excel_exporter - INFO - Iniciando exportação para Excel: C:\Users\Murilo\Desktop\PROJETOS\EasyPDF\output\2022_032025_20250608_150630.xlsx
2025-06-08 15:06:30,779 - excel_exporter - INFO - Criando dashboard de resumo: Resumo_NFSe
2025-06-08 15:06:31,001 - excel_exporter - INFO - Exportação para Excel concluída: C:\Users\Murilo\Desktop\PROJETOS\EasyPDF\output\2022_032025_20250608_150630.xlsx
2025-06-08 15:06:31,002 - main - INFO - Arquivo Excel gerado com sucesso: C:\Users\Murilo\Desktop\PROJETOS\EasyPDF\output\2022_032025_20250608_150630.xlsx
